text,label
sinead o'connor is 'safe and sound' after emotional facebook post about overdose,0
"employee returns from vacation refreshed, ready to waste time",1
completely out-of-control cell phone nearly vibrates itself off table,1
opening band issues two-more-songs warning,1
"tony the tiger, toucan sam and other kellogg's mascots 'speak out' against bullying",0
frank gehry no longer allowed to make sandwiches for grandkids,1
michael bloomberg's 2016 ambitions may shake up the race -- and his media company,0
why is it called a 'cesarean section' anyway?,0
16 quick highlights from j.j. abrams and chris rock's tribeca film festival talk,0
chief justice john roberts eulogizes antonin scalia as 'our man for all seasons',0
world cup vs. planet earth,0
"if you can't keep your new year's resolutions, be kind to yourself",0
gawker's season of fear and loathing,0
"paul ryan reverses course, accepts house chaplain rescinding resignation",0
political blogger mass suicide to be discovered in several weeks,1
"with kids, little things are magic",0
historical archives: john jameson's miracle concoction,1
nobel prize winners demand better health care for victims of sexual violence in colombia,0
how to get a bikini body without buying a bikini body plan,0
"news roundup for july 12, 2017",0
fox news host: trump fulfilled biblical prophecy by moving u.s. embassy to jerusalem,0
road rage video shows driver crushing veteran's motorcycle with his car,0
the atheist and the nun,0
donald trump effigies burn across mexico in easter ritual,0
modern day activists call it 'historic trauma',0
triple bombings in baghdad kill 72 in worst violence so far this year,0
bald man just going to have to accept entire head will turn bright red from time to time,1
couple always like this,1
the incredible places in the world we would rather be today,0
these religions were born in the u.s.a.,0
"el salvador zoo hippo died from poor care, not beating, prosecutors say",0
hillary clinton makes her final pitch of the election in north carolina,0
cnn to get all information from in-house channel 'cnn-cnn',1
plant dead because of you,1
walk the moon to perform 'shut up and dance' on the vmas red carpet,0
self-defense instructor simulates attacker right down to erection,1
woman takes break from dating to focus on everything about herself no one could ever love,1
lawmaker running for jeff sessions' old seat is obsessed with 'war on whites',0
another trumpian senate contender links obama to orlando shooting,0
trump honors sacrifices civil rights activists will have to make under his presidency,1
report: more american fifth-graders taking gap year to unwind before middle school,1
boss thinks female employee might be ready to handle job she's been doing for past 2 years,1
man excited to spend weekend back home catching up with old video games from high school,1
court takes custody of harley from unfit motorcycle mama,1
usda secretary rings nationwide dinner bell for y'all to get in here,1
the real mothers of mother's day,0
area man committed to being spicy food guy,1
bush determined to find warehouse where ark of covenant is stored,1
rush limbaugh tucks shirt back in following animated flat tax rant,1
woman goes on rant over veteran's service dog in restaurant,0
the one thing you probably didn't know about genetic inheritance,0
new low stooped to,1
leaked footage reveals grisly scene where detective pikachu examines jigglypuff's corpse at morgue,1
illinois' wall of fame: the state's best designations,0
partygoer vows to fix keg,1
republicans wage last-minute campaign to undermine net neutrality rules,0
franz ferdinand frontman shot by gavrilo princip bassist,1
civilian casualty flattered to have been mistaken for hamas leader,1
airbnb host decides handwritten note necessary to protect cocktail sauce in fridge,1
defending journalism in the age of trump,0
making the road in new york: a model for work-family policy change,0
is ukraine fascist?,0
gop leaders move goalposts on opposing trump to him being filmed masturbating on u.s. flag in arlington cemetery,1
"government-publications enthusiast makes pilgrimage to pueblo, co",1
the thing about horses,0
here's the 'hocus pocus' remake you never knew you wanted,0
this is what divorce at 41 is really like,0
'sister act' remake proves hollywood needs to stop,0
"why skipping vaccines is a public, not personal, health choice",0
21st century black giving:  10 high impact principles for a new year,0
sacha baron cohen rolls up to 'grimsby' premiere in his underwear,0
'anchor babies' and the gop's manifest destiny politics,0
slightest amount of physical contact apologized for,1
donald trump won't stop talking about how 'healthy' he is,0
new beatles box set features 172 unreleased songs about wanting to hold hands,1
report: getting parents off back now accounts for 38% of economic growth,1
what happened to america's first muslims?,0
4 high-level languages for front-end developers,0
"yes, ashanti is still here and ready for you to 'say less'",0
what's it like being blind and gay? (video),0
nypd lets suspicious man go after only finding 'catcher in the rye' in backpack,1
orange workout gear that'll legitimately up your gym game,0
u.s. delegation visits myanmar to invest in community-based businesses,0
"mad men: ""the forecast"" is mixed",0
freezing woman dining outside desperately clutching cloth napkin for warmth,1
local tcby has missed past 2 logo changes,1
historical archives: one may now toil from home,1
airport only place in metro area to buy city's signature food,1
year of law school now mandatory for nation's 25-year-olds,1
maid of honor specifically selected for ability to take emotional beating,1
jon stewart and 9/11 responders walk the halls of congress,0
"bed bug feels bad for area man, but a bug's got to eat",1
the army tells its soldiers to get some sleep,0
white nationalists have been saying 'diversity is not our strength' for years,0
warden figures week in solitary ought to teach inmate not to be schizophrenic,1
coroner's report: john denver had sunshine on shoulders at time of crash,1
"on the steps of the supreme court, too happy to hate",0
"cheney returns to u.s. with full head of thick, wavy hair",1
cover author working on word-for-word remake of 'moby-dick',1
new report shows many u.s. businesses actually just fronts for moneymaking operations,1
'95-'96 prayers finally answered,1
"federal judges can't clear someone's record, even for minor, nonviolent offenses",0
people are lol-ing over this couple's blunt pregnancy announcement,0
dozens of panicked mar-a-lago guests crowd front desk to check out after fbi agents spotted at hotel,1
baby boring,1
"wow, dad really went from zero to 60 with woodworking this summer",1
pope francis on vatican abuse scandal: 'just tell me whose feet to wash',1
talking to our kids: the conversation we should be having,0
"'the defiant ones': how dr. dre and jimmy iovine made a lot of music and, yeah, money",0
brexit crisis tops off rough stretch in obama's push for legacy,0
mindful parenting: how to respond instead of react,0
aerobics linked to lousy music,1
how to make pumpkin treats for your dog,0
raid introduces new lilliputian repellant spray,1
destiny's child referred to as 'feminist icons' with straight face,1
parents respond to article that celebrates dads for one day of parenting,0
"45-year-old man self-conscious, embarrassed by new, unexpected changes his body going through",1
ornithologist forced to participate in history channel's 'what if humans suddenly became birds?' program,1
billionaire reading name in panama papers totally forgot he even had funds in seychelles,1
"sxsw as cool and as real as it gets, reports marketing associate",1
want to increase trust? increase your say/do ratio!,0
ann coulter says 'every woman who has ever been employed by fox' has stories about roger ailes,0
judge tosses suit accusing trump business dealings of violating constitution,0
nationwide sympathy pours in for traumatized cnn town hall survivor,1
the bible has no place in modern american society: sobering lessons from donald trump and kim burrell,0
innocent man unrepentant,1
cia interrogator apologizes profusely after asking question about touchy subject,1
psychic fall cometh!,0
lingerie-wearing boehner: 'we still have a very pretty speaker of the house',1
why bernie sanders is in deep trouble in south carolina,0
"i want you, gentle reader, to lighten up!",0
world's marine life on edge now that seaworld moving on from orcas,1
i'm a nightmare ex-girlfriend — and i'm cool with that,0
mayan calendar warns of cataclysmic roland emmerich film on nov. 13,1
chiquita introduces easy-grip banana,1
anti-abortion leader emerges as white nationalist,0
"connection, mission, game: your best friends",0
elderly woman begins freezing meals husband can eat while she's passed away,1
a new lena dunham show is coming to hbo,0
donald trump renominates environmental pick democrats called 'extreme' and 'embarrassing',0
departing obama tearfully shoos away loyal drone following him out of white house,1
new report finds americans most interested in science when moon looks different than usual,1
nascar bed bursts into flames,1
senior citizens discuss merits of county-clerk candidates,1
kesha thanks fans 'a million times over' in first public statement,0
pre-holiday jerry brown preps for term 4,0
explosion used to signify big savings,1
sla murder trial nostalgic trip back to more innocent time,1
christian bale given neutered male statuette named oscar,1
obama slips 'hope' into speech for the fans,1
new taliban chief calls for unity amid leadership struggle,0
"area man busts his ass all day, and for what?",1
friday talking points -- it's raining shoes!,0
this note left in robert griffin iii's locker sure seems like a clue to his future,0
michelle obama can still hear their little labored breaths when she closes her eyes,1
"donald trump supports using federal funds to fix states' bridges and roads, elaine chao says",0
middle east crisis traced to trouble-making genie,1
how these mayors rise above the stress of their demanding jobs,0
department of transportation allocates $400 million for national shortcut,1
'tis the season to be cheeky with 'jingle butts' music video,0
area ostrich lashes out against unnecessarily restrictive zoning laws,1
slight inconvenience avoided,1
hey nc! check out the awesome move nyc just made for trans people,0
rachel maddow stands by her trump tax reporting,0
disgusting couple always interacting in public,1
new iphone application tracks progress of deceased loved ones' decomposition,1
jetblue is offering $49 flights in a 2-day flash sale,0
politicians ignoring the dangers of jowl implants,1
there is no plan b either in yemen or in syria,0
personal assistant called after scary dream,1
republicans freak out at learning reagan decree protects lois lerner,0
attractive woman surprised to learn coworker a dick,1
sonoma sheriff battles with ice over misinformation on california wildfires,0
old faithful brutally beaten to death by group of teens,1
world's jews celebrate christmas with ceremonial re-murdering of christ,1
fish species not seen since 1960s thinks it can waltz back into marine biologist's life just like that,1
gop rep's office got a student suspended for cursing while asking for gun control,0
entire meal prep for week eaten by tuesday,1
kid who hugged cop in viral protest photo feared dead in family car plunge,0
"if hb 4 passes, hawaii will have the weakest sick leave policy in the nation.",0
"maxwell brings viral cashier on stage to sing with him, and he nails it",0
breaking: no news breaking,1
old lady at parade flapping little american flag like a motherfucker,1
facebook algorithm mortified it has to deliver up so much embarrassing news about own company,1
area man thanked for playing,1
kate middleton feels royal baby kicking during queen's coronation anniversary,1
"'no one will push you into running for president,' jeb bush softly whispers before tucking in sleeping grandson",1
sleepy baby elephant picks one awful napping spot,0
our stylish new year's resolutions,0
"denée benton, aka ruby on 'unreal,' is headed to broadway",0
"grey's anatomy, what are you trying to tell us about working mothers?",0
depressed matt lauer up all night rewatching 8-second clip of career highlights,1
nation suddenly feels old after seeing nick-at-nite lineup,1
jaws of death used to stuff woman into burning car,1
dnc criticized for overly restrictive debate rules requiring candidates have at least one policy position,1
kentucky newspapers endorse alison lundergan grimes,0
new study finds earth's core will be most habitable part of planet by 2060,1
how social issues hijacked conservatism,0
the problem with calling women 'females',0
california marijuana businesses get their first commercial insurer,0
a multi-ethnic easter,0
'boating world magazine' giving live updates as its team of reporters reads all of mueller report,1
"manson's loved ones ask for complete, utter chaos in their time of grief",1
how i became that middle-aged woman who uses baby talk with her dogs,0
female friend group fails in one duty of providing good gynecologist recommendation,1
every baby boomer in country urged to resign after photos emerge of them in blackface,1
antonio french: darren wilson seemed 'remorseless' over michael brown killing,0
refugee blues,0
a millennial perspective on concur's new app center,0
rand paul warns donald trump not to choose 'menace' john bolton as secretary of state,0
study: uneducated outbreeding intelligentsia 2-to-1,1
jenna jameson calls on women to #dropthecover and celebrates motherhood,0
"in the 'bad moms christmas' trailer, the bad moms' moms are crashing the party",0
why you should use conditioner before getting in the shower,0
presence of three round objects triggers juggling reflex in local man,1
the peshawar tragedy shows that pakistan needs a new religious narrative,0
ted cruz applauds iowa couple who refused to host a same-sex wedding,0
angelina jolie stuns in first rollerblading competition since double mastectomy,1
michelle obama not so keen on president's new bangs,1
botanists making great strides in stem research,1
elon musk unveils new clean energy luxury car pulled by 8 tesla employees,1
brexit: a cousin of trumpism? a distant cousin of fascism?,0
u.s. economy continues campaigning for barack obama,1
rick santorum blames absent dads and broken homes for mass shooters,0
local moviegoer enjoying movie so far,1
perverted measles virus exposes itself to playground full of children,1
report: friend doing sober january must have really fucked shit up over holidays,1
espn curious if you have ever considered playing fantasy football,1
safety-conscious senior locks screen door,1
expense-account wizard transforms prostitute into color copies,1
tennis star forgot her massive check at u.s. open,0
cross-shaped wwi monument declared unconstitutional,0
army general conducts exhaustive sex probe,1
the outrageous dessert you can make in a slow cooker,0
woman nervous mom starting to use her as confidant,1
drunk guy knows all the lyrics to this song,1
nation doesn't know if it can take another bullshit speech about healing,1
how to navigate high school as an out transgender student,0
"facebook bans thousands of snowboarders, base jumpers in crackdown on 'dangerous' accounts",1
usain bolt ends olympic career with one more gold,0
tmz dayton bureau catches secondhand furniture-store owner coming out of all-night truck stop,1
man who spent last 2 years drawing pictures of trump and putin making out beginning to realize just how wrong he's been,1
man avoids messing with texas,1
top 10 college basketball seniors,0
cia's brennan says tearing up iran deal would be 'folly',0
trump dismisses accusers as women,1
christian bale visits sikh temple victims,1
man on first date cunningly leaves behind one of his fingers at woman's house,1
10th-grade prodigy studying mathematics at 10th-grade level,1
supreme court steps in to keep louisiana abortion clinics open,0
real-life fitness strategies to survive the winter months,0
"in attempt to jump-start economy, obama declares tuesdays ladies' night",1
melania trump: 'my fat piece-of-shit husband who should go kill himself needs to stop bullying people online',1
behind the design: creating the perfect room for sleep,0
movie marketed as six different genres,1
rubio and cruz have 'anti-lgbt' advisory boards. where is trump's?,0
u.s. tourist was detained in north korea  for leaving bible in a bathroom,0
the five stages of empty-nest syndrome,0
media company looking for ways to get rid of veteran 24-year-old employee,1
thousands march in france over the murder of an 85-year-old holocaust survivor,0
arizona republicans want to prosecute protesters the same way they do terrorists,0
"riz ahmed, mindy kaling, aziz ansari and others launch appeal for rohingya",0
"roy moore tries, fails to heckle jimmy kimmel",0
every one of man's priorities unrecognizable to grandfather,1
man derives depressing amount of pride from hometown burger chain,1
man's dream to get drunk in an a-frame finally realized,1
conservative pundit s.e. cupp hits trump white house right in the balls,0
should banks be allowed to robocall your mobile phone?,0
russian roulette: taxpayers could be on the hook for trillions in oil derivatives,0
gop lawmaker stands by claim that islam is 'a cancer' in america,0
film-school graduate goes straight to video-store job,1
cardinals host going-away party at pope's favorite vatican city dive bar,1
stephen colbert: trump tweets more to attack kristen stewart than condemn anti-semitism,0
"vote, voter wasted",1
coach filmed before live studio audience,1
report: john grisham slowly but surely climbing list of greatest living american authors,1
giuliani spotted sleeping on new york city subway,1
"donald trump is unqualified to be president, majority of american voters say",0
slow-motion woman emerges glistening from pool,1
black voter turnout so far is not good for hillary clinton,0
saudi women receive husbands' explicit permission to celebrate right to vote,1
man sleeps through his stop on elevator,1
biden working his way through scratch-off tickets during obama's swearing-in,1
why congress matters: lessons from ray rice and the vawa anniversary,0
loyal driveway patiently waiting for owner to return from work,1
where to watch fourth of july fireworks in illinois,0
"100 million more people will be in poverty by 2030 without action on climate, world bank says",0
10th-grade class watches ben-hur for two weeks,1
put on your damn swimsuit,0
guy looking to feel horrible about aspect of everyday life decides to watch documentary,1
family without candy sits huddled in darkened house like londoners during the blitz,1
"mike pence condemns atheists, homosexuals, and feminists for role in forcing god to punish america on 9/11",1
code words for spinster throughout history,0
christian bale glad to be done with most humiliating experience of professional life,1
"america, it's time to rise up to save lives",0
20 meditation tips for beginners,0
report: peaceful transfer of power makes last-minute push to become most pressing issue of 2016 election,1
frank gehry: is music liquid architecture?,0
pig farmers are struggling to keep up with america's bacon needs,0
stephen miller desperately searching for next fix after high of detained children starts wearing off,1
picture of lemur printed for no goddamned reason,1
"lost cat, dog on journey die immediately",1
actual problem a nice change of pace for anxious man,1
7 mistakes leaders make that make everyone miserable,0
how to take your dream vacation without a guidebook or expensive cell charges,0
report: more americans turning to louder sources for their news,1
this is the 'single biggest barrier to sexual satisfaction',0
dead deer by side of road covered in graffiti,1
obama administration tries to smooth path back to school for jailed students,0
character witness told he doesn't have what it takes to be star witness,1
'goodell must go' banners flying over nfl stadiums,0
thousands gather in louisville to pay final respects to muhammad ali,0
family worried where grandma going with conversation on low-income housing,1
kavanaugh claims he never committed sexual assault as it will be defined after future supreme court case,1
i'm the crystal (and so are you): a poem for cold times,0
trump reveals how he would force mexico to pay for border wall,0
cleveland ukrainian museum pulling out all stops to prepare for onrush of rnc visitors,1
man bitten by radioactive sloth does the lying-around-all-day of 10 normal men,1
transcanada shelves its u.s. keystone application,0
iraqi forces open fire on protesters storming green zone,0
"'yes, but how did he die?' ghoulish american public asks of recent celebrity death while rubbing delicate, bony hands together and smiling thinly",1
how do you campaign for your dad in iowa? ask martin o'malley's teenage son.,0
doctors to exercising seniors: don't bother,1
mta reminds new yorkers they can fucking walk,1
breaking: thriller writer jeffery deaver at top of his game,1
"larry nassar: 'who among us hasn't made a mistake repeatedly and with wild, shameless abandon?'",1
"gop-led house ignores dems' sit-in, approves $1.1 billion to fight zika",0
15 darling circle bags to complete your spring wardrobe,0
"music, beer and summer, or why craft beer fests are my new rock concerts",0
reform jews poised to pass transgender resolution,0
judith miller clings to her own stubborn myths,0
terrible idea committed to paper,1
"japan's economy emerges from recession, growth weaker than forecast",0
protest again delays hawaii giant telescope construction,0
"meanwhile, in the real world",0
eating more fish could lower your risk of depression,0
doctor advises man with healthy blood pressure to really fucking let it rip,1
14-hour labor not exactly cakewalk for baby sticking halfway out mother's vagina either,1
15 cnn ireporters killed in afghanistan,1
theresa may recommits to nhs after receiving stark reminder of abysmal state of u.s. mental health care,1
alabama forced to release thousands of sex offenders after inmates deny charges,1
insurance only covers generic heart transplant,1
mom keeps sending newspaper clippings about former classmates who have been murdered,1
weary nation says one or two more divisive issues should finish it off,1
scott disick and 18-year-old lindsay vrckovnik are apparently just friends,0
11 times the olsen twins dressed in a shambles and still looked better than you,0
congressional authorization,0
the future of europe: proudly small,0
bigot annoyed local mosque already vandalized before he got there,1
the amazing london museum you never heard of,0
acclaimed mexican journalist: the drug war is 'completely false',0
why uber should hire a woman ceo,0
shipwreck survivors forced to endure ride home on disney cruise ship,1
"catholic church speaks out against decadent, sinfully rich dessert",1
"'no way to prevent this,' says only nation where this regularly happens",1
controversial photo-editing app under fire for makeup removal feature,0
obama kicks off 2015 with shave ice in hawaii,0
everyone on wedding dance floor simultaneously wondering if they're truly happy,1
wildlife cleaning volunteer stuck with the gulls again,1
drunk ron weasley wishing harry potter 'happy birthday' is pure magic,0
psychic phone service devastates competition by only hiring the best psychics,1
bernie sanders shows how reagan destroyed the middle class,0
thursday cry moved up to wednesday due to scheduling conflict,1
17-year-old snowboarder wins united states' first gold medal in pyeongchang,0
man waiting to see how few more decades of racial violence play out before taking action,1
trump casually informs pence he going to make one or two appearances during speech,1
"romney requiring potential running mates to write 5,000 word essay on favorite things about money",1
follow-up tests confirm president trump's 19 other personalities also perfectly healthy,1
13 easily overlooked bathroom accessories every home needs,0
taxpayer costs for arias' defense top $2.7 million,0
man accused of masturbating in car near girl scouts,0
this cruise ship from hell will make you wish you'd gone on a road trip,0
public pension funds profit trump; possible links to shady russian business deals,0
"israel: soldier thought captured is dead, more fighting imminent",0
terrifying mutation killing off u.s. cabinet members one at a time,1
"grotesque, misshapen mass of raisins slowly forming inside bag of trail mix",1
one place you won't find the confidence gap,0
delirious koala hasn't slept for 72 straight minutes,1
this is how the republican presidential candidates talk about women,0
school bully not so tough since being molested,1
why fashion blogger hannah stoudemire is protesting new york fashion week,0
rust belt town protests construction of new truck stop that would obstruct views of state penitentiary,1
here's what 'all my life' singers k-ci & jojo look like now,0
opinions versus opinionated,0
lieberman's overlords most displeased,1
here's what actually happens to the money in wishing wells,0
the 'love actually' mini-sequel won't include alan rickman or emma thompson,0
billions of electric signals between neurons allow brain to imagine what michael imperioli looks like,1
ridley scott describes opening scene of 'blade runner' sequel in impressive detail,0
"report: employers created 40,000 new jobs for existing employees last month",1
vatican bank's ex-chief indicted for embezzlement and money laundering,0
perfect girlfriend blames self for everything,1
there's no good excuse for the racist impact of michigan's medicaid proposal,0
police horrified by grisly remains of taco bell meal,1
microsoft is trying to predict the next president,0
biden tossed out of car passing by white house,1
the sound of president trump's silence,0
now is the time to talk about your pregnancy loss,0
mother surprised son needs so much ammunition for first day of school,1
slick rick's 'children's story' is getting turned into a real kid's book,0
5 important questions to ask about your audience before your next presentation,0
everyone is in love with shawn mendes after iheartradio music awards performance,0
alec baldwin secretes own hair gel,1
great barrier reef offers scuba divers chance to see beautiful diversity of ocean death,1
fussy eater 38,1
florida shooter's former friend says she reported him to school 'multiple' times,0
senate bill to end u.s. role in yemen war rejected by house raytheon executives,1
karate studio hoping to get local phone number that spells out word 'kick' or 'chop',1
growth potential,0
disney trailer teases exit of major character in upcoming film 'death at pooh corner',1
15 ways to look and feel younger instantly,0
danny masterson's publicist suggested a woman can't be raped by a man she's in a relationship with,0
what it takes to land a book deal,0
15 shot in chicago on sunday,0
"years after japan's earthquake disaster, a community struggles to pick up the pieces",0
scientists finally pronounce human genome,1
pizza hut introduces new meat sympathizer's pizza,1
julian assange fired from it job at pentagon,1
sat found to be biased in favor of non-hungover,1
rubio has a rocky road ahead,0
congress raises killing age to 19,1
alec baldwin ridicules donald trump over his disgusting comments about women on 'snl',0
"scientists: rich people, poor people may have shared common ancestor",1
death of mentally ill woman in police custody ruled a homicide,0
pence spends 621st straight sinful day coveting his neighbor's job,1
new 'avengers' fan theory suggests key to beating thanos could be nothing because he not real and none of this exists,1
black twitter is freaking out over harriet tubman on the $20 bill,0
name on valentine misspelled,1
line cook learns leaving restaurant industry not that easy,1
least avid sports fan tasked with fetching the next round,1
febreze releases new air horn for covering up unpleasant bathroom sounds,1
"women in business q&a: tooba marwat, owner, signarama",0
new u.s. currency expires if not spent in two weeks,1
prevent pr disaster: 6 steps for crisis planning,0
'ant-man and the wasp' trailer brings the fun after 'avengers: infinity war',0
huffpost rise: what you need to know on december 16,0
oscars audience shrugging uproariously during jimmy kimmel's opening monologue,1
urine-proof paint returns fire on peeing perps,0
jeb bush's super pac blew through $116 million in failed effort,0
"detroit unveils new half-ton, 400 horsepower motown singer",1
s.c. house approves bill to remove confederate flag from statehouse,0
pen pal becomes pen foe,1
"paul ryan mentally logs 4,613th missed opportunity to put stop to all of this",1
possible viking find could rewrite north american history,0
bombing in syria's ghouta won't let up long enough for rescuers to count bodies,0
'employees must wash hands' signs top iraqi hospital wish list,1
republican congressmen torched at angry town hall meetings in california,0
glade introduces new air freshener mask,1
what's missing from the marriage decision,0
man from canada acts like he's not cold,1
"meet one of the first cross-service, same-sex military couple to wed",0
"great, daughter measuring self-worth against some 13-year-old named skyla now",1
spring has sprung in the arctic ... but it's way too early for it,0
"as election draws near, area man moves to all-obama t-shirt rotation",1
i photograph to remember,0
"jcpenney ceo's severance package includes 34,000 pea coats",1
the double and the christmas holidays,0
east st. louis rated number-one city in america by 'poverty magazine',1
stephen colbert thinks he's found proof: 'there is definitely a pee pee tape',0
"'join email list' box pre-checked like sneaky, conniving fucker it is",1
a letter to parents at the start of a new school year,0
two-faced house guest who didn't need anything suddenly wants glass of water,1
big wave surfer breaks his back in harrowing wipeout on video,0
how to make a living as a drag queen,0
"'no way to prevent this,' says only nation where this regularly happens",1
fda report finds food prevents hunger 98% of time when properly used,1
the case for the school bus as the final tech-free frontier,0
5 genius inventions that make it possible to nap pretty much anywhere,0
sec commissioner: we shouldn't be promoting investor confidence,0
gwyneth paltrow reported as news,1
man strains to find personalities in pet fish,1
one key thing writing teachers never told me and probably won't tell you,0
"indiana jones could be played by a woman, steven spielberg says",0
all the good sentiments on 'get well soon' card already taken,1
family dog barking at evil,1
bride and groom clearly have not kissed much,1
area man never leaves house without putting on lucky everything,1
woman forced to converse awkwardly with bank-promotion clown,1
two perspectives: assisted dying or assisted living?,0
proud billionaire helps young son open first offshore bank account,1
ben carson says college protests against racism could spark 'anarchy',0
oven preheated for 16 seconds,1
biden forges president's signature on executive order to make december dokken history month,1
detroit burned down for the insurance money,1
how to recover from unicorn hair,0
catchphrase from 'the love guru' overheard,1
doris duke & norton simon: kindred spirits a world apart,0
more than a third of people shot by lapd in 2015 were mentally ill,0
charlize theron makes a villain out of vin diesel in this 'fate of the furious' clip,0
kim kardashian breaks down over kris jenner's reaction to bruce jenner,0
religious pamphlet sat on,1
sesame street mourns death of original letter k,1
conservatives urge facebook users to use american flag filter to fight against rainbow pics,0
flight attendant quietly informs first class passengers where real emergency exits are,1
scientists close to developing life-saving vaccine that they can rub in faces of their doubters,1
theater goes nuts as hillary clinton appears in the audience,0
yo-yo ma injured during practice,1
navratri 2014: a hindu celebration of the mother goddess,0
study finds older dads may have 'geekier' sons,0
'the wire' cast reunited in baltimore to uplift community,0
what i learned from drawing my face over and over,0
what on earth do you have to do to be kicked out of politics?,0
foods that are better outside the u.s.,0
some genius juxtaposing religious iconography and bodily waste yet again,1
gop makes good on 2009 promise to block president's healthcare bill,1
harvey weinstein is despicable. what about bob?,0
kimmel brings down the house by giving trump's latest tweet a new ending,0
latinx artists are using this hashtag to showcase their incredible talent,0
"scam alert! in a hyperactive hurricane season, the worst may not be over",0
this teacher remixes rap songs like 'bad and boujee' to teach history lessons,0
slower-burning flag introduced,1
"human feet originally used for walking, anthropologists report",1
"paying organ donors for travel, recovery could enable more low-income people to save lives",0
"atlantic city casino can regulate waitresses' weight, ruling says",0
last dog at the shelter receives the sweetest farewell party,0
gravedigger suspended after taking photo with dead man,0
progressives in congress call for $2 trillion in infrastructure spending,0
ariana grande reportedly dating 'snl' star pete davidson,0
overworked prosecutor thinking of taking police brutality case as a little vacation,1
this senate candidate explains how god-awful and life consuming fundraising is,0
obama's foreign policy: continuity rather than contradictions,0
"kerry agrees to testify in front of issa, but not new benghazi committee",0
rotating knife vortex closed pending safety investigation,1
the real reason tyrese didn't reunite with taraji p. henson on 'empire',0
bored j.b. pritzker brainstorming new hobbies to blow money on after winning election,1
god quietly phasing holy ghost out of trinity,1
this group wants to build a giant barrier to pull trash from the pacific,0
k-pop fans lost their minds during the winter olympics closing ceremony,0
new liver complains of difficulty working with lou reed,1
paralympian made tv host who wears prosthetic leg 'proud to be disabled',0
"duke, duchess of cambridge announce name of third child is louis arthur al-baghdadi",1
vital info on iraqi chemical weapons provided by u.s. company that made them,1
ms-13 gang leader getting some pretty great ideas from watching ice work,1
charles darwin and the sunmine,0
heroic officer rescues skunk on same street where he once saved ducklings,0
pool owner has bathing suit that touched his penis you can borrow,1
guys' night out to include several key non-guys,1
george and amal clooney stun in first post-baby red carpet appearance,0
surrendering trump boys solemnly salute each other before leaping from white house first-story window,1
e. coli outbreak linked to chipotle spreads to 3 more states,0
family moves elderly aunt into subconscious,1
affordable living in great amazon rainforest location,0
anna deavere smith on the 44th jefferson lecture and the search for american character,0
black history month: feminism and inclusion,0
art major to stop capitalizing name,1
"lessons from a brush fire: ""what do you want us to grab, honey?""",0
lottery ticket holder has already spent $900 million in anticipation of winning big prize,1
the secret to successful co-parenting over the holidays,0
gop preparing for contested convention,0
man falls asleep at intersection. what cops say happens next is pure florida,0
romney stands behind ryan to show good campaigning stance,1
america's decline in wages can be traced to george w. bush era,0
frustrated dad at restaurant just wants a normal burger,1
hilarious video shows 'how to bake easter cookies like a toddler',0
nation wonders how ad guys from vitaminwater do it,1
idiot zoo animal with zero predators still protective of young,1
lone mexican in mexican restaurant doing the dishes,1
friends star spontaneously shown attending televised nbc sporting event,1
new bill would shed daylight on schools under investigation for sexual violence,0
hobby lobby to improve work performance through biblical punishments,0
friend from college wasted no time becoming white-collar professional,1
large dependent film tops weekend box office,1
"simple task of going to post office feels like weight of 10,000 boulders",1
"'100% of teenagers huge fucking assholes,' confirms study by sobbing, red-faced scientists",1
bling-bling pawned,1
nerf introduces line of real guns,1
it's not as easy as you think to spot a gerrymandered map,0
video store's 'favorites' shelf offers telling glimpse into manager's psyche,1
airasia search continues but bad weather drives back divers,0
nation throws off tyrannical yoke of moderate respect for women,1
compelling photos capture pope francis' visit to cuba,0
trump's refusal to accept election results has americans fuming,0
"trump's lies aren't lies because 'there's no such thing' as facts anymore, his surrogate says",0
grandma pretty much unmoved by threat of not seeing grandchildren,1
joe wilson getting bored with no-longer-covert wife,1
omarosa turns on trump: wouldn't vote for him again 'in a million years',0
fans disappointed to learn 'fast five' contains no car-chase scenes,1
olympic skier ashley caldwell's snooze button habit is so relatable,0
rudy's america,0
a valentine like no other,0
wedding videographer clearly shooting side project during ceremony,1
woman finds imperfect mate at outlet mall,1
uw-whitewater chancellor reprimands students after mistaking skincare product for blackface,0
"'flatbread means pizza,' man explains to visiting father",1
faa assures public: air travel 'pretty safe',1
joe kennedy iii reveals how his gop counterparts really feel about donald trump's tweets,0
the one phrase we should stop using,0
toddlers debate whether 'dora's explorer girls' canon or expanded universe,1
poll: 85% of americans would like to see candidates compete in funny obstacle course,1
report: country that might shut down because president wants big wall somehow considered best in the world,1
"as chipotle tries not to make people sick, it's silent on one important issue",0
filipino artists protest donald trump's visit with swastika effigy,0
inside facebook's plan to build an artificial brain,0
study: only 4 scenic routes left in country,1
sources: nfl knew what evil lurking within heart of man,1
"'well, that was cool,' say archaeologists before dumping bones of king richard iii back into hole",1
these new emojis will make you see food differently,0
'underground railroad' carries slaves from brooklyn to manhattan,1
three questions about the aereo supreme court case that desperately need answers,0
marco rubio climbs over garden wall for forbidden midnight meeting with super pac,1
israeli forces kill at least 16 palestinian protesters along gaza border: officials,0
creepy one-word text message from mom could mean anything,1
college football's 5 unexpected heisman trophy hopefuls,0
new roommate excited to bring robust puttering experience to apartment,1
august 9: a day of repentence,0
stephen colbert teases viewers with spoof interview of donald trump's 'top cop',0
here's yet another way to get paid to travel this summer,0
leslie jones confirms she's 'moved on' from milo yiannopoulos harassment,0
raid recalls entire line of insecticide after realizing food chain would collapse without bugs,1
passion with which child demanding balloon actually kind of inspiring,1
8 do's and don'ts of religion-themed halloween costumes,0
3 things i needed to hear when i weighed 300 pounds,0
the inspiration of muhammad ali: a black-american muslim perspective,0
listen to this 911 call and decide for yourself if turkeys have declared war,0
report: your father currently typing 'naked women' into yahoo images search bar,1
word origins as comics: what makes the news easy to swallow,0
every new yorker found murdered,1
pregame foolishly squandered on actually planning out evening,1
nurturing mama: 5 ways that taking care of yourself is a gift to your child and family,0
domino's surprises customer with nice steak dinner,1
man tentatively takes shot at bad-mouthing girlfriend's family for first time,1
republicans ready for december shutdown as boehner exits,0
catherine zeta-jones happy to see people on internet would still hit that,1
presidential commission announces no candidates met threshold to compete in second debate,1
face it: ted cruz won the republican debate,0
"in 'informed consent,' a native american tribe's battle is recreated off broadway",0
woman knows exactly which knife she'd grab out of cutlery drawer in event of home invasion,1
a trainwreck of bad refereeing just saved the nba playoffs,0
6 new jersey newspapers call on christie to resign,0
7 awesome pot pie recipes you need to make now,0
the 14 principles of a future organization,0
sen. hatch says trump allegations not serious enough that scales should fall from eyes revealing what madness we have begotten,1
"4 dead, 12 critically injured in seattle bus crash",0
"the most problematic punctuation mark, explained",0
"huckabee sanders warns stormy daniels' disclosures just steamy, sexy distraction from real issues",1
when will we let sienna miller graduate from playing wives stuck at home?,0
5 things psychologists wish their patients would do,0
twister seat could make flying coach way more comfortable,0
schools enact positive change with drama therapy,0
marine hopes to spend second tour of duty on different baghdad city block,1
new hampshire looking increasingly out of reach for donald trump,0
'what happened' and moving on from the 2016 election,0
chris christie: trump's waffling on his signature issue shows he's presidential,0
"'secretary clinton is a different person than donald trump,' says bernie sanders in ringing endorsement",1
"reeva steenkamp can 'rest in peace' after oscar pistorius' sentence doubled, her family says",0
report: what you just said reminds man of thing he'd rather talk about,1
a review: 'one teen story',0
fox news guest: san bernardino shooting raises questions on 'state of feminism in muslim america',0
cash back incentives:  a winning strategy for health insurers and consumers,0
trump is delivering the politicized judiciary republicans dreamed about,0
frustrated nation out of ideas to solve gun violence problem except for all the obvious ones,1
what happened at a texas frat when they thought no one was watching,0
report: some people wake up when it's still dark outside,1
man who enjoys thing informed he is wrong,1
forged federal document complicates a growing fight over national monument designation in utah,0
michelangelo the teenage mutant ninja turtle went to the met to see michelangelo,0
"closeted soldiers getting in last clandestine rendezvous before 'don't ask, don't tell' repealed",1
slain cop had only 37 years until retirement,1
high school bully ready to unload summer vacation's worth of abuse,1
kid with massive head probably psychic,1
fcc chair unveils premium comment line to fast-track net neutrality complaints for $49.99 per month,1
2 stabbed at party in wu tang clan founder rza's home,0
10 of the best cyber monday tv deals you'll actually want to shop,0
gay bishop announces divorce,0
pelosi: 'we must fight even harder against trump's authoritarian impulses now that we've voted to enable them',1
attempt to buy gift for boyfriend results in hatred of boyfriend,1
needle-exchange program attracting 'druggies',1
george takei apologizes for calling clarence thomas a 'clown in blackface',0
ups guy hasn't heard a doorbell like that one in a while,1
an important reminder that the pay gap is not just a 'women's issue',0
sponsor drops broncos' brandon marshall after national anthem protest,0
"this ned flanders-themed band is now the best band (sorry, all other bands)",0
eric trump poses with carcass of safari guide shot on african hunting trip,1
florida atheist sets up anti-trump festivus pole at city's christmas display,0
"friend insists you just have to climb ladder, hop gap, scale wall to see the view from apartment's roof",1
ruby rose and what makes gender non-conforming 'sexy' (or not),0
mark zuckerberg touts complete lack of cannibalism on facebook live so far,1
the most powerful word in the english language: hope,0
fda launches food awareness month to get americans interested in eating,1
boss came to work today dressed as guy who fires sean,1
rebel grandma sneaks out of care home to get a tattoo,0
will smith and alfonso ribeiro had a 'fresh prince' reunion,0
watch live:  equal pay day rally with powher ny at city hall,0
jeff bezos' heart breaks a little reading albany's amazon headquarters pitch,1
latinos and the 2014 elections: five reasons to vote in november,0
a triple amputee's dream wedding brings community together,0
"god announces plans to shift majority of resources tied up in humanity project to birds, rocks",1
donald trump: what the actual f*ck?,0
lester holt begins debate by reiterating he doesn't know who these fucking people are,1
mysterious benefactor leaves coupon book to dozens of local establishments in man's mailbox,1
"cultivating the 4 c's of mindfulness for greater peace, poise and personal power",0
years of u.s. government lies could soon result in a kurdish massacre,0
warpaint's theresa wayman on the band's 'vivid' new album and inevitably questioning her career,0
trump's daca decision turns its back on our nation's principles,0
pallbearers carry leslie nielsen's coffin without incident,1
watch misty copeland dance to the heavenly sounds of cynthia erivo's voice,0
sec replay official overturns 'roe v. wade',1
ben carson bizarrely attacks cnn host in hostile interview,0
monster truck driver beginning to suspect crowd is cheering for truck,1
bored predator drone pumps a few rounds into mountain goat,1
dedicated 'humans of new york' fans raise money to send underserved kids on harvard visit,0
god recalls collaborating on joint vision of humanity with deceased creative partner,1
aides wrestle drill from trump's hands as he tries to remove obama listening device from skull,1
"huffpost expands its reporting, video and audio teams with latest round of new hires",0
"a global meditation for world peace, december 12, 2014",0
china discontinues state surveillance program after finally finding guy who drove into xi jinping's mailbox,1
dnc aiming to reconnect with working-class americans with new 'hamilton'-inspired lena dunham web series,1
woman wonders whatever happened to those rainforests she gave $5 to save that one time,1
"outside groups kick into high gear post-primary in georgia, south carolina",0
shoddy chinese-made stock market collapses,1
eu headscarf ban ruling sparks faith group backlash,0
do (strawberry) blondes really have more fun?,0
5 ways to outsmart the supermarket and lose weight,0
camera admits it can't do much for barry,1
frustrated fcc unable to stop use of word 'friggin'',1
the latest 'true blood' death was all sookie's fault,0
"meet charth vader,the 7-year-old 'villain' who will melt your cold and icy heart",0
"stop talking about 'screen time,' start thinking about screen use",0
"unsurprisingly, celebrities were not impressed with donald trump's press conference",0
"gop race heads to south carolina, known for dirty tricks and brawls",0
disillusioned hollywood sign moves back to small iowa farm town,1
playstation classic to include friend who always whooped your ass to complete retro gaming experience,1
"steady job growth is still not boosting workers' pay, new numbers show",0
"the 'broad city' ladies have a spa day, but it doesn't go well",0
how to swear like a local,0
step inside salvador dali's surreal paintings with trippy vr video,0
police use exact right amount of force to subdue suspect,1
"news roundup for april 28, 2017",0
you've never seen the victoria's secret angels like this before,0
prince rep has 'no knowledge' of jay z's reported $40 million offer for artist's unreleased music,0
sony unveils matte-black box of red and green lights,1
russia seeks economic revenge against turkey over jet,0
these 16 great videos remind us what it meant to be lgbtq in 2016,0
celebrity 'caught' smoking,1
how to survive your child's college tours,0
trump claims waterboarding doesn't come close to the excruciating torment he experiences at every moment,1
suicide bomber reacts poorly to surprise birthday party,1
diamonds are a girl's best friend -- and other feminist truths,0
construction crew arguing over who gets to use the fun tools,1
"fun-loving, laid-back woman with a bit of a nerdy side joins online dating service",1
partygoers drunkenly recite 4-h pledge,1
blowing smoke at global warming,0
fake trump says meryl streep is 'no tara reid' in conan's spoof phone calls,0
gardner loves conservative radio shows but not town halls,0
you wanted government run like a business? you got it.,0
8th grader impregnated during trip to 'march for life' event,1
top black staffers leave the republican national committee,0
geologists unearth fully intact rock,1
edward snowden takes on liz cheney over torture links to trump's pick for cia,0
on being a remainder,0
not even julian assange clear on what's going on with him right now,1
smithsonian institution politely declines sofa from charles in charge,1
palm tree in hurricane irma's path ready to bend real good for cameras,1
'fox & friends' denounces bombing suspect as overenthusiastic fan whose heart basically in right place,1
bin laden returns to sea,1
jwoww fires back about accusations she knowingly drank while pregnant,0
marine corps shortens slogan to 'the few',1
polite disney world guest decides not to bother mickey mouse for picture,1
to the princeton privileged kid,0
"aatish taseer talks sanskrit, the dangerous power of english, and his new novel",0
cactus scientists recommend drinking 8 cups of water per year,1
explanation of board game rules peppered with reassurances that it will be fun,1
area man can't imagine life without this woman,1
see families reunite after donald trump's travel ban was lifted -- and try not to cry,0
alcoholic's plan for turning life around doesn't involve getting sober,1
newly released female iraqi prisoners offered playboy spread,1
the 7-year-old actress in 'the florida project' gives the year's best screen performance,0
the cia's 60-year history of fake news: how the deep state corrupted many american writers,0
utah physician says she'll happily do the job jason chaffetz won't,0
hospital comforts patients with new therapy oyster program,1
mischa barton joins 'dancing with the stars',0
facebook users morbidly curious what site going to do with their personal data to recoup $5 billion fine,1
a post-election prescription: environmentalism without borders,0
want to be ready for retirement? lower your expectations,0
"west virginia mayor, official lose jobs over post calling michelle obama 'ape in heels' (update)",0
"new ketchup gets horrifying look at grisled, almost empty bottle it replacing",1
hulk hogan donates hair to lucky locks of love recipient,1
study finds majority of u.s. currency has touched financial executive's nude body,1
thousands of drunk revelers dressed as jesus descend on vatican for annual christcon pub crawl,1
"disgusting, unusable shopping cart has single sprig of parsley in it",1
navy discontinues use of 'port' and 'starboard'will now refer to left as 'thunk' and right as 'moosh-baroo',1
is osha protecting at-risk workers under a trump administration?,0
christina ricci is pregnant,0
the director of hbo's new james foley documentary on making a movie about his childhood pal,0
greece votes in its second election of 2015,0
woman who hasn't bought anything recently wondering why she suddenly happy,1
"despite growing support for marijuana, legalization faces rocky road",0
wildest friend called up from bench to help woman get over breakup,1
dog a pervert in ways owner will never know,1
"senate passes $1.3 trillion spending bill, sends it to trump",0
"trump too lazy and 'indifferent' to hurt allies by sharing intel, white house officials tell nyt",0
fashion-forward pigeon sports bread necklace in bold style choice,0
jimmy kimmel suggests the perfect vacation spots for bill o'reilly,0
a progressive vision for the fbi,0
heartfelt apology robs man of cherished grudge,1
"'i'm afraid you won't be coming to our new headquarters,' declares alexa as amazon execs find themselves locked in seattle office",1
one more (feminist) wonder about 'wonder woman': it passes the abuse litmus test,0
derek jeter reportedly ready to make a life-changing move,0
why a pub at st. mary's university?,0
deadly california wildfire near big sur set to explode in size,0
"study: uttering phrase, 'marriage is hard work,' number one predictor of divorce",1
star tour operator points out massive costner dropping to awed passengers,1
squirrel who really chunked out unable to look neighborhood residents in eye,1
15 things to bring on your summer adventures,0
this is the world's first official 'jewish tartan',0
trump's 'woman card' remark drives $2.4 million in fundraising -- for hillary clinton,0
jellyfish falls short of dream to kill diana nyad,1
area man has no idea how to get copy of birth certificate,1
trump's war in yemen is a gift for al qaeda,0
new 'star wars: battlefront' trailer lands -- and it's slicker than a greased-up 3po,0
"trump excels at business, but he has no business in international politics",0
3 tips for coping with grief during the holidays,0
jay-z gives shout-out to his shareholdaz,1
unpopped kernels costing u.s. billions,1
monsanto develops hardier strain of corn that yields 4 times normal litigation,1
12 useful gifts every college grad needs,0
why a cutback in oil production is sorely needed,0
shirtless lifeguard investigates paranormal phenomena,1
man takes sober moment to reflect on fact that most of meal already gone,1
aspiring legislator keeps sending unsolicited bills to house of representatives,1
in-person visits with jailed parents are a child's right,0
my birthday is a day of infamy,0
"from bulldogs to elephant walks: chats with johnny mathis, monica mancini and anson williams, plus matt hires works with rmh",0
panasonic introduces portable 500-disc changer to compete against ipod,1
"world health organization adds gunfire, explosions to list of natural causes of death",1
hamburger for my valentine,0
"marv albert on the knicks, brad stevens and the state of the nba",0
poll: 89% of americans believe obama has failed to bring america closer to celestial utopia of endless pleasure,1
tom clancy's death hits cincinnati airport hudson news cashier pretty hard,1
the latest law second-guessing a woman's right to control her own body,0
'boy meets world' spin off to focus on difficulties of raising autistic child,1
"gary richrath, guitarist and songwriter for reo speedwagon, dead at 65",0
america ferrera to chair committee for women's march on washington,0
sir mix-a-lot wasn't trying to speak for women with 'baby got back',0
actress shamed for wearing red to golden globes responds to critics,0
"with 'house on fire,' ty herndon aims to 'change hearts and minds'",0
"locks of love completes construction of massive hair silo capable of holding 150,000 pounds of hair",1
best hotels for large families,0
congress repairs to parlor to hear rep. carolyn maloney play the recorder,1
yosemite closed indefinitely after bear spotted in park,1
satellite frantically trying to bounce signal to swearing man's phone,1
the threat to america that no one is talking about,0
"'there is beauty in decay,' says head of federal highway administration while surveying nation's crumbling roads",1
"'chapter 1: clark,' reports awful manuscript",1
former addict celebrates 10th year of mind-numbing boredom,1
your sunday is open again because these puppies already decided the super bowl,0
"mitt romney, paul ryan to awkwardly hug, high five for next three months",1
powerball ticket sold with all winning numbers in $421 million jackpot,0
couple sneaks away from party for a little arguing,1
stephen colbert explains the conspiracies against donald trump in 1 nsfw diagram,0
dwight howard is finished masquerading as a superstar,0
it's time to tell the truth about motherhood,0
trump reassures struggling farmers he has never seen one of them and cannot be sure they even exist,1
gop completely fixes economy by canceling funding for npr,1
escalating tensions lead trump to shake up inner circle of tv programs,1
ivanka on roy moore: 'there's a special place in hell' for child abusers,0
mom sentenced for encouraging boyfriend's sex assault on baby,0
"as officials attempt to protect dams, more houston neighborhoods deal with flooding",0
"holy knockoff, batman! man busted for throwing 'batarang' at cops",0
coworkers agog as employee introduces new shirt into rotation,1
alfonso ribeiro may be forced to leave 'dwts',0
congress puts aside partisan differences for good of military contractors,1
teacher protests in detroit cause schools to close,0
manager hates to see you go,1
6 reasons wisconsin should make the college football playoff,0
george clooney beginning to think he should buy his own tuxedo,1
mom can't wait for halloween episode of 'the big bang theory',1
"liberals return to sodomy, welfare fraud",1
mom-to-be breaks big news to husband with airplane pilot's help,0
report: 43% of party invitations unprovoked,1
the hottest restaurant in new york city is in a dorm room,0
i'm no longer addicted to giving up facebook!,0
can we bring a glimmer of hope to syrians?,0
'family feud' was out of control in steve harvey's 'tonight show' return,0
"listen up, girlfriends: we need each other",0
grandma can still feel draft,1
dog chastised for acting like dog,1
phone lifted up by headphone cord like prize fish,1
drunken man careens wildly across internet,1
"no, bruce jenner is not having a 'midlife crisis'",0
this is how 'fuller house' will explain the the olsen twins' absence,0
siblings quietly relieved oldest brother setting bar so low,1
woman mad boyfriend not jealous she danced with other guy,1
guy totally looked like chick from behind,1
what about libya: or how the u.s. prioritizes one suffering nation over another,0
nation's huggers announce plans for you to get over here,1
the red sweaters you need to look like national treasure kenneth bone,0
how to boost your child's self-esteem,0
family infighting apparent in funeral guest book,1
senator mix-a-lot sponsors titties-on-glass legislation,1
this photo of mark zuckerberg's closet offers a lesson for working parents,0
chris hemsworth knows 'what love is' now that he has kids,0
"obama, rachel goldstein really hitting it off on group trip to israel",1
more than $30 worth of burned cds stolen from residence,1
no way old man in park not thinking about dead wife,1
"secret service's prostitution scandal did not affect president's security, white house adviser madame chartreuse says",1
afro-disney plans scrapped,1
poll finds 23% of americans would vote for jeb bush if candidate standing right next to them in voting booth,1
area man not exactly sure why doctor needed him undressed for that,1
50 photos from 2017 that show the power of women's rage,0
free your mind your crotch will follow,0
creepy photos of abandoned insane asylums will keep you up at night,0
odorite introduces new three-tier urinal cake,1
mindfulness in your 20s: how to use gratitude as fuel for happiness,0
racial turmoil in md.'s 'friendliest town' after black police chief is fired,0
"'mother mary was essentially raped,' mourdock says while digging self into deeper hole",1
what i learned about love from my boyfriend's depression,0
f. gary gray likely to direct 'fast & furious 8',0
report: imagine how good it would feel to just crawl back into bed right now,1
what happened to my son's memory?,0
steve kerr gave an impassioned plea for gun control that everyone should hear,0
christina aguilera deeply offended by plate of iceberg lettuce,1
huffpollster: texas and massachusetts are the states to watch on super tuesday,0
the republican obamacare dilemma in one 6-minute video,0
bisexual: the new 'it' word,0
neglected google home sits by window barking at passersby,1
"'portlandia' debuts new mra anthem, because life is hard for white dudes",0
investigation in notre dame student-tutor sex scandal reveals startling accusations,0
last people left at party a ragtag assembly of friends of friends,1
wells fargo sued for barring daca recipients from student loans,0
caitlyn jenner responds to ricky gervais' golden globes jokes,0
presumed innocent. found dead.,0
staffers frantically trying to restore chaos to white house before trump returns from asia trip,1
kevin hart wore 'all black for a reason' at the oscars,0
here's a genius way to respond to anti-semitism,0
ham glazed to dangerously delicious levels,1
enraged man unable to break tv,1
"global hijabista style, from the afghan burqa to the cover of a fashion magazine",0
systems administrator would so fuck new trainee,1
"trump invites supporter, bbc cameraman to finish altercation at white house",1
man can't believe obama would use tragedy to push anti-tragedy agenda,1
"kindergartener's account of day at school passionate, incomprehensible",1
coworker obsessively checks e-mail every couple of minutes,1
attention politicians: god created and welcomes us in all of our diversity,0
opposition to soda ban sad proof that americans still fight for what they believe in,1
nasa delays shuttle launch out of sheer habit,1
museum gift shop openly daring anyone to spend $450 on decorative geode,1
white house announces obamacare exchange now only accessible from single kiosk in remote iowa cornfield,1
video game henchmen plan meetup around explosive barrels,1
british crew member dies during round the world yacht race,0
'game of thrones' running out of unkempt old men to cast,1
obama narrowly misses quarterly performance bonus,1
man shares baklava with airline passengers who profiled him,0
psst! disability competitiveness: pass it on!,0
'house of cards' tweet about the comey testimony is spot on,0
produce manager ready for some football,1
nancy pelosi rushes into living room to hear grandson's first talking point,1
watch these dancers beautifully portray the evolution of a relationship,0
'national geographic' increases ideological diversity by hiring first anti-tree-frog writer,1
"6 dead, including 4 kids, in mass shooting near houston",0
paul ryan halts push to bring back earmarks,0
how to get good with money in a year,0
kremlin agent not even going to bother trying to compromise trump staffer who will be forced to resign in few months,1
sgt. bowe bergdahl recaptured by taliban after wandering off texas base,1
area man willing to give up any of muslims' rights necessary to feel safe,1
"on facebook, trump's longtime butler calls for obama to be killed",0
9 excellent reads for labor day weekend,0
how to clean out your closet: what to ditch and what to keep,0
travelling through the feminine mystique to lesbian feminism,0
michael jordan displeased with this week's burnt offerings,1
nba ref petrified after seeing depiction of own death while looking under replay hood,1
16 universally gross things no one really talks about,0
parents surprised cruel teen daughter hasn't pushed classmate to breaking point yet,1
palestinian shot dead after stabbing israeli trooper,0
report: 15% of cars in mall parking lots occupied by family member who stormed off after fight,1
will foot fetishists foot the bill for nsfw new toy?,0
trump's big new idea for a veterans hotline was tried already... by trump,0
stephen colbert shreds 'self-righteous landfill of angry garbage' bill o'reilly,0
lin-manuel miranda to trump: 'you're going straight to hell' for blasting san juan mayor,0
scientists discover mollusks are next evolutionary stage for humans,1
the smart way to sell your clothes on ebay,0
"watch live: musicians carlos santana, gregg rolie & neal schon on their new album",0
child makes useless gesture to help struggling family,1
national zoo announces giant pandas to divorce,1
flock of suicidal geese drinking up the courage to down jetliner,1
why these trump voters are sticking up for an undocumented neighbor,0
literally every sentence in this ted cruz quote is misleading or false,0
devin nunes files lawsuit against parents for derailing russia investigation by giving birth to total dud,1
scientific journal releases list of year's top 100 compounds,1
humiliated team of cuban doctors forced to continue treating long-dead fidel castro,1
washington state man jailed after attacking three gay seattle men,0
motorcyclists riding 2-wide in lane right next to you probably know what they're doing,1
frustrated sycophant can't figure out what boss wants to hear,1
god confirms whitey bulger sent to hell for snitching,1
a small senate victory maintains methane regulation,0
biden's buffalo wing challenge dinner not sitting too well,1
trump ramps up attacks on john mccain by dragging senator's exhumed corpse behind motorcade,1
mom gives excuse for son's absence that even hermione would accept,0
same-sex parents still face legal complications,0
grandfather tries to make first fall as cool-looking as possible,1
chelsea handler features brutal impression of sarah huckabee sanders on her show,0
dzhokhar tsarnaev rushes out of summer class to make court hearing,1
kushner doesn't want to give up his security clearance as john kelly cracks down: report,0
'i love wikileaks!': trump's acceptance of russian help hides in plain sight,0
teen shot and killed months after he spoke out against gun violence,0
man watching cleopatra 2525 has no time to read,1
fusion summit will gather youth leaders from protest movements around the world,0
little pussy has to take phone call in other room,1
"12 illustrations that pay tribute to the late, great carrie fisher",0
asimo tricked into falling down stairs,1
new rule from obama will punish contractors who cheat or endanger workers,0
"welcome to myanmar's (empty) capital city, president obama!",0
frustrated obama writes letter to his congressman about need for gun control,1
rep. jim costa re-elected in california,0
cosby lawyer asks why accusers didn't come forward to be smeared by legal team years ago,1
the healthcare industry: a prescription to help heal racial economic inequality,0
glandular problem forces man to eat fifth helping,1
hating refugees is pretty much as american as apple pie,0
"7 totally reasonable ways to handle your divorce, according to hollywood",0
"2"" x 2"" vegetarian section granted on backyard grill",1
"only 12 of trump's 22,450 employees have given a substantial donation to his campaign",0
what happens when parents read their daughters' tinder messages,0
mayo investigator is developing a screening test for endometrial cancer,0
"your heart is probably older than you think, cdc warns",0
"family comes first, reports man trying to get out of work",1
dustin lance black calls 'bullsh*t' on hollywood's view of trans actors,0
first disk of rosetta stone hungarian just urges listeners to rethink this whole thing,1
stunned nation mourns as french stewart survives plane crash,1
ex-con still hanging out with hallucinatory voices that got him in trouble in first place,1
is this the end of youtube?,0
a guy crashes through a table in snow to celebrate ncaa tournament upset,0
recent mlb incidents reveal warped ideas of manhood in sports,0
another reason why cutting pollution is essential to future generations,0
children starting to see through dad's claim that doubletree hotel part of disney resort,1
bob corker: donald trump's legacy will be the 'debasement of our nation',0
"dear conservatives, let's not ruin 2015 like we ruined 2014",0
apple announces new iphone with n-word on back knowing customers will buy it anyway,1
who could benefit from water rule change? trump and his golf courses,0
hero financial officer saves 12 grand,1
negligent oaf sloppily packs away board game without so much as a thought to future players,1
a conversation on death and dying with my 5-year-old daughter,0
watch a kebab shop owner stay super chill during an armed robbery,0
u.s. schools have already faced 10 shooting incidents this year,0
lebanon's ex-pm says he will return amid claims he was being held captive by saudis,0
car bomb kills three in southeastern turkey,0
watch evacuating soccer fans sing the french national anthem after paris attacks,0
mother still yammering away under her tombstone,1
"chef teaches inmates at cook county jail how to cook, how to live",0
marco rubio doesn't have a clue what 'oscars so white' means,0
milo ventimiglia tries to defend crock-pot on 'ellen',0
why millennials need to stand out (or what i'd say in a commencement speech),0
area man considers self ally to women unless they threaten his status in literally any way,1
report: apocalypse actually happened 3 years ago,1
new york bans fracking after health report calls it unsafe,0
roy moore on pedophilia accusers: 'these women are only discrediting me now because shifting sociocultural norms have created an environment in which assault allegations are taken seriously',1
"barbara annis and dr. keith merron on the need for gender intelligence, an exclusive interview (pt 1)",0
americans gave record $373.25 billion to charity last year,0
american airlines admirals club installs two-way mirror for members to enjoy misery of passengers in gate waiting area,1
"trump is telling ""jokes,"" but nobody's laughing",0
"argument between grandmas ends in shootout at texas walmart, cops say",0
gallant amazon user heroically defends 'fringe' season 2 box set from negative reviewers,1
incredible 'business-man' has salary of 10 regular men,1
white house guidance counselor recommends clinton consider career in hotel management,1
tesla debuts carless driver,1
wealthy donors pump millions into sanders' campaign in last-ditch effort to destroy his credibility,1
obama predicts bright future for legal weed,0
queen elizabeth unnerved by stephen miller's requests to sample royal baby,1
"no climate justice, no peace",0
plan to make snacks last through opening credits fails,1
hollywood maintenance crews sent out to patch up film industry's plotholes,1
fcc sentences artie lange to death,1
kevin hart drops an f-bomb in awkward nfl network interview,0
snoop dogg rips trump in 'make america crip again',0
"ladies, let 1970 cosmo tell you 'things to do with your hands that men like'",0
"script could use another pass, mom says",1
climate-denying weather channel founder frets about a hillary clinton victory,0
reality of fatherhood never truly dawned on man until he held newborn son's hospital bill,1
social media startup looking for smug little fuck to take leadership role,1
"misery may love company, but your company should not love misery",0
tesla's elon musk is thinking about designing an electric plane,0
inconsolable sarah palin opens up about sacha baron cohen betrayal to cardboard cutout of whoopi goldberg,1
before the end of the year...,0
all-dad blues band a critical disappointment,1
mitch mcconnell celebrates brett kavanaugh as culmination of everything he's worked against,1
dog who successfully detected cancer in owner put down for practicing medicine without a license,1
taylor swift teases 'i don't wanna live forever' music video with zayn (update),0
savings passed on to local woman,1
"weird, creepy guy just hanging around same website all day long",1
house conservatives are trying to kill the lame-duck session,0
10 habits of people in the most toxic relationships,0
niall horan and james corden parody ginuwine's 'pony' in this halloween treat,0
scientists identify possible cause of huge ice shelf collapse,0
6 facts you didn't know about trade and how they affect you,0
husband calls for greater separation of church and mate,1
report: one guy really fucking up 4-way frisbee circle,1
traveling tips for families with special diet,0
the secret of ugly sweater day,0
man worried the 6th 'transformers' movie will just be stupid,1
area man wins conversation,1
"oh god, invitation to lunch somehow trickled down to office weirdos",1
guy creates trump inauguration flyer we should all start passing out,0
why attending a college in a big city is the fastest way to grow your career,0
nra sends complimentary bereavement gun baskets to families of shooting victims,1
family has extremely lax standards for who gets to be called aunt,1
"area woman slams down phone, waits for it to ring",1
geologists say continents may have drifted apart after emotional falling-out,1
"at philly's independence mall, pope francis offers his definition of religious freedom",0
joe walsh executed to keep 'eagles greatest hits' sales ahead of 'thriller',1
"dolce & gabbana launched a line of hijabs and abayas, but something's off",0
horrified nation wakes up on cyber monday to find amazon echo devices embedded beneath skin,1
democrats and republicans agree more than you'd think about kim davis and abortion rights,0
islamophobic heckler interrupts muslim woman's tv interview on islamophobia,0
congresswoman fights for gun control because she almost lost her life to gun violence,0
chinese food emojis? chinese food emojis!,0
proposed immigration law calls for u.s. to shut down border slide,1
it's a girl for christina aguilera!,0
moving forward into 2017: four resolutions if you are grieving,0
the important conversation almost no one seems to be having,0
proud species commits suicide rather than be driven to extinction by humans,1
critics worried new cia report puts u.s. at considerable risk of transparency,1
netanyahu doubles down against obama with powerpoint on perils of affordable care act,1
kushner assures worried ivanka they'd definitely be last jews to go,1
pope francis finds self in hell after taking wrong turn in vatican catacombs,1
lucky bastard gets to be in coma,1
another university stops students from passing out copies of the constitution,0
zeke thomas wants gay men to stop staying silent about assault,0
toy prepares child to one day pull around real telephone on wheels,1
diego luna's short film celebrates 'the immigrants that make the u.s. great',0
family embarrassed by way son died,1
why the rohingya can't return,0
profiles in courage: sometimes it's the last place you think,0
mark judge can't believe that fucking lightweight kavanaugh got 'boofing' and 'the devil's triangle' wrong,1
un chief warns that women's rights are under attack worldwide,0
bryan cranston once married a couple flying over the hollywood sign,0
blood-spattered sarah huckabee sanders holds up huge dismembered penis to prove presidential member completely normal,1
mom uses face-painting skills to turn kids into 'something magical',0
should i eat it? a dining guide for toddlers,0
u.s. now 40 percent sports paraphernalia,1
america's love affair with ally mcbeal ends violently,1
husband experimenting with open marriage,1
fox news stars at the gop convention really don't want to talk about roger ailes,0
look: this is what an lgbt ally looks like,0
international operators of equity crowdfunding sites beware -- the sec may come after you,0
heroes everywhere are signing a petition to have deadpool host 'snl',0
'the bachelor' season 20 premiere recap: ben higgins still feels unlovable,0
pope francis' iraq peace message meets the reality of war,0
kangaroo decides he'll get there faster by just running,1
"black cat runs onto hockey rink, likely dooming san jose sharks",0
quiet guy mistaken for nice guy,1
"ted cruz, marco rubio urge oregon militants to stand down",0
report: purchasing items from onion store most important way to either stop or help donald trump,1
disembodied voice in elevator wants to know way to san jose,1
man in elevator in on conversation now,1
"'f**k it, i quit' anchor explains her dramatic exit",0
"woman agrees to pay for wrong lottery ticket, then wins $5 million",0
why toothpicks are the best cake testers,0
when area waitress gets a chance,1
child lies for parents' own good,1
subconscious can't wait to turn offhand remark from boss into dream about drowning horse,1
once upon a festival 2015 is upon us,0
ohio state puts urban meyer on paid secret coaching leave,1
eric trump leaves plate of seared foie gras outside bedroom door of despondent donald trump jr.,1
breitbart criticized for publishing humanizing profile of libtard beta-cuck,1
internal weakness openly shared with coworkers,1
"sinatra, hope, reagan deadlocked in race to grave",1
woman who's been on the pill for years thinking about switching to new set of debilitating side effects,1
pro-trump trolls target megyn kelly's new book on amazon,0
stepmom doesn't expect kids to call her stupid bitch right away,1
scientists trace campus-wide pussy shortage to zbt house,1
un quietly pushed into east river,1
u.s. allies line up for exemptions from trump's tariffs,0
jennifer lawrence and aziz ansari give new meaning to #friendshipgoals,0
white house publishes contact information of people who wrote to it concerned about privacy,0
chinese man just glad fuckin' 4716 over,1
'game of thrones' star maisie williams claps back at sexist headline,0
"for the love of god, let that not be an engagement ring on kylie jenner's finger",0
clinton becomes first president to clear 18 feet in pole vault,1
the trauma that followed my surprise pregnancy,0
panicked man looking for son stressing everybody out,1
"cleveland, ohio is a magical place",0
michelle obama shutters 'let's move!' program after failed 3-year run,1
jeff sessions reportedly revives probe of uranium one deal,0
choose gratitude or anger: a 3-part test (if you dare),0
nypd deploys new line of plain clothes cop cars,1
cash-strapped npr launches 'a couple things considered',1
clinton campaign airlifts 200 crates of volunteers to wisconsin headquarters,1
ruth bader ginsburg returns to off-season lifeguarding job,1
study reveals lobsters feel pain and get off on it like the kinky little perverts they are,1
matthew mcconaughey once faked an australian accent for an entire year,0
"hillary clinton's pot proposal is popular, but it probably won't help her win",0
8-year-old allowed to stay up late to watch johnny carson's funeral,1
report: this week's all fucking hell breaking loose projected to be 30% more insane than last week's complete shitshow,1
"'nothing is more attractive than confidence,' says woman who has apparently never seen sonic the hedgehog cosplay",1
first-time voter will always remember day he cast ballot for nick barborak,1
alex delarge forced to step down as leader of droogs amidst allegations of sexual misconduct,1
desperate u.s. colleges weigh emergency bob marley legend ban,1
husband calls for greater restrictions on pier one imports,1
dan fogelberg fails to soothe area lite 108 listener,1
"dennis hastert fights to locate, save neck",1
network news satellites collide over iraq,1
iran ready to talk about how awesome nuclear program is,1
north korea promised to include release of u.s. citizens in meeting with trump: report,0
meet the millennial men who love hillary clinton,0
controversial study links e-cigarettes to formaldehyde exposure,0
executive reschedules wife's birthday for october,1
werner herzog: i killed and ate timothy treadwell in 2003,1
banksy exhibit inspires ex-drug addict to change his own life through art,0
is my special child being bullied?,0
5 single parent dating tips,0
this 1927 essay proves we've always worried about the future of books,0
the new york daily news bill cosby cover doesn't pull any punches,0
"'new york times' vr program takes user inside immersive, 3d world of paul krugman",1
kellyanne conway won't say whether she will report to john kelly,0
executioner enters lethal injection room with bag from home depot,1
'i am under 18' button clicked for first time in history of internet,1
bird has big plans for cage,1
fda approves nasal-spray version of overdose drug naloxone,0
stephen colbert destroys dissenting justices in same-sex marriage decision,0
jail deputies arrested for allegedly beating mentally ill inmate to death,0
the one word that shifted my attitude about fear,0
woman knew ever since age 40 she didn't want children,1
stop everything: lady gaga is coming to 'rupaul's drag race',0
the overlooked way that companies can make workers more loyal,0
"report: detroit bankruptcy might transform city into some kind of hellish, depopulated wasteland",1
bringing the girl scout movement to the crossroads of the west,0
catalan leader says region cannot accept 'illegal' control from madrid,0
"expansive obama state of the union speech to touch on patent law, entomology, the films of robert altman",1
how to break your way into a locked suitcase... just so you know,0
please leave your type a-ness off my yoga mat (and i'll do the same),0
joe paterno's name to remain on joe paterno center for covering up sexual abuse,1
"study: beginning email with short, disingenuous inquiry into personal life best way to network",1
binge-watching netflix is making you feel lonely and depressed,0
lessons from losing a friend,0
jason priestley praises shannen doherty's bravery amid cancer battle,0
unattractive man not fooling anyone by dressing well,1
palmolive attacks dawn for coddling grease,1
van's rocking motion discourages would-be knocker,1
the power of perspective,0
election experts warn maine's voting system leads to greater risk of getting finger pinched by live lobster stuffed into ballot box,1
charlize theron hired to ride struggling cleveland light rail system monday through friday,1
heaven slides to sixth place in annual quality of afterlife rankings,1
trump's labor law enforcer freezes worker-friendly reforms made under obama,0
the grid: startup promises ai webdesign for the masses,0
far right surges as italy faces hung parliament,0
what your gums are trying to tell you,0
steven spielberg joins dc universe for 'blackhawk' film,0
mom holds knife to throat of dinner guest who offered to help with dishes,1
why it's hard to be a woman,0
entire life of universe flashes before stephen hawking's eyes,1
report: election may come down to single candidate,1
obama narrowly survives carnivorous section of rose garden,1
tearful salma hayek at a loss for words over manchester attack,0
'new york times' reader stoked after noticing article penned by favorite reporting duo,1
man hoping people notice how many folding chairs he's carrying at once,1
"pathetic, washed-up rock star on fifth decade of doing exactly what he always wanted",1
baby has sinking feeling he left home without oversize multicolor plastic keys,1
group cheers after group hears group's name called,1
the same-sex marriage decision: what to make of the dissenters,0
robert pattinson & fka twigs spend time at chateau marmont,0
struggling lower-class still unsure how best to fuck selves with vote,1
facebook to block private gun sales,0
earth orbit: getting crowded... much faster,0
nyc conservationists decry destruction of rat habitats,1
defiant mitch mcconnell holds merrick garland's severed head aloft in front of capitol building,1
u.s. life expectancy falls as more people die from illnesses,0
kirstjen nielsen reminds herself she a private citizen now after instinctively detaining mexican child on the street,1
to the parent whose heart is hurting this holiday season,0
leftover christmas billboard stirs seasonally inappropriate emotion,1
dean mentions he'd make a great secretary of health and human services,1
exhausted studio has done all it can in terms of building excitement for 'the lincoln lawyer',1
woman panics after accidentally getting into exact-change lane,1
owner pleads with cat to react to fuzzy object,1
10 secrets of irresistible people,0
"trump rebuffs his opioid task force, declines to declare state of emergency",0
informal tone of cover letter sets job applicant apart from seriously considered candidates,1
aurora releases theater shooting response report,0
toilet-paper edge given classy appearance with triangular fold,1
boston must mull renaming iconic building to give civic dignity to blacks,0
taylor swift says ryan adams' 1989 cover album is 'such an honor',0
gop candidates bound to feel 'climate shock' on the  campaign trail,0
everything in power done to appear interesting to attractive woman on subway,1
heidi cruz gets a boost in new york from trump 'nastiness' backlash,0
fan just going to keep open mind about whether new 'star wars' best or worst movie ever,1
literally everyone should stock up on these 9 useful prime day discounts,0
fate of cargo ship unknown as hurricane joaquin batters bahamas,0
mom responds to unsolicited advice about improving her postpartum body,0
excited juror feels like murder trial being put on just for her,1
new 'baby weinstein' tapes prepare infants for career in entertainment law,1
the president hits a home run nominating richard verma as u.s. ambassador to india,0
real-life nancy drew traces source of her hpv,1
american airlines announces it will no longer try to match seatmates by interests,1
inequality in tech: may i ask one more question?,0
cryptic long john silver's campaign just says 'you are the bait now',1
the extraordinary journey of india's first olympic gymnast,0
"report: consumer confidence in amorphous, indefinable idea of economy highest since 2006",1
"this artist created a show just for dogs, and they loved it",0
search underway after disneyland guest with autism drops lanyard while collecting pins,0
u.s. loses u.n. membership after embarrassing video of nation surfaces on internet,1
report: 79% of sincere thoughts played off as jokes,1
bush calls in national marching band to lift u.s. spirits,1
"to fight radicalization in southeast asia, empower the women",0
fbi panicking after learning encrypted national security communications may have been intercepted by trump administration,1
"town still can't think of name for largest, most used street",1
"at the university of texas,  echoes of its confederate past reverberate in the present",0
rory feek says watching his daughter grow up better than a grammy win,0
woman apologizes for what appears to be clean house,1
"jerry brown: 'troglodyte' trump supporters 'dwell in deep, dark caves'",0
open-minded voter waits almost 5 minutes into debate to decide who won,1
billy eichner gives us a thanksgiving parade for people who don't have kids,0
uae warns citizens to avoid wearing traditional clothing while abroad,0
california police chief lashes out at dhs over immigration raids,0
mad lib filled with swears,1
keeping jobs in the united states; start leading by example,0
"'game of thrones' audience disappointed by season finale's bland, uninspired incest",1
protesters ejected from donald trump rally after holding up pocket constitutions,0
authorities say blacklight analysis shows velvet poster of mushroom kingdom looking even cooler than previously imagined,1
movie studio blows whole budget on big-name gaffer,1
how a family's lack of access to medical marijuana morphed into a messy legal feud,0
starring in hollywood blockbusters los angeles man's only claim to fame,1
shaken secretary of transportation reduces speed limit to 5 mph after witnessing accident,1
frat brothers draw all over pledge who passed away at party,1
"'hold still,' says eric trump swinging sword at don jr. trapped inside knight's armor",1
"trump offers clear, historical precedent for deploying u.s. military with no provocation",1
man losing respect for incompetent boss who won't fire him,1
trump bestows medal of honor on john mccain's tumor,1
failure is an essential element of success,0
nato confronts turkey on human rights concerns after donald trump lets them slide,0
democratic response to trump speech highlights party's struggle moving forward,0
pride in mental health: an interview with the trevor project and crisis text line,0
newly blond kanye west makes first appearance after hospitalization,0
is it time to level the playing field for college athletes?,0
guy riding atv has really been looking forward to breaking his neck on wooded trail,1
hydra decides to see doctor about painful ingrown head,1
company's employees spend entire day touching base,1
3 dead after car plows into group of trick-or-treaters,0
queen bun gives birth to thousands of tiny rolls,1
'breaking bad' creator thinking maybe next season should take dark turn,1
missing park ranger found in better-paying job,1
budget cheat day lets government splurge on anything it wants once a week,1
clinton woos gay vote with freddie mercury mustache,1
why i'm still #teamlogan even after the 'gilmore girls' revival,0
my experience of coming out in kentucky...,0
museum proudly exhibits picasso shitty enough to be in kansas city,1
"media outlets pledge evenhanded criticism of trump, clinton over next 4 years",1
when the air in your home is more polluted than outside,0
"exhausted, defeated voters finally beginning to relate to hillary clinton",1
3 cups of coffee confident they can take man's anxiety from here,1
verb to follow noun; prepositional phrase to follow,1
"amid an industry boom, incarceration for weed still threatens black women",0
morale low at state department after only employee fired,1
twitterverse trolls marco rubio over his 'fool' bible verse tweet,0
football-loving americans harassed for wearing turbans to nfl game,0
"adult-entertainment industry donates $100,000 in charity sex to hurricane victims",1
ex-con back behind bar,1
barack obama 'tiger beat' cover clinches slumber party vote,1
"college for convicts:  the need is great, the time is now",0
trevor noah mocks republican conspiracy theories on russian probe,0
partially faded hand stamp undermining everything prosecutor says,1
report: some small town enjoying last days of anonymity before harrowing tragedy,1
gentle ben biographer's shocking new book reveals famous bear's 28-pine-marten-a-day habit,1
what happened when a black reporter crashed a white nationalist event,0
"immigrant detainees may be dying because of inadequate care, doctors say",0
family tells ailing mandela racism over,1
need for more places to sit becomes election's most important issue,1
"flashback: ferguson cops beat man, charged him for bleeding on their uniforms",0
the hollow republican promises to 'read the bill',0
new law prohibits kaleidoscoping while driving,1
"president trump compliments kim jong un, makes case for north korean nukes",0
"do you know why i'm pulling you over, being wildly aggressive, and charging you with assault today, sir?",0
why the electoral college matters,0
comments mysteriously disabled on youtube video of sparrow in yard,1
self-conscious puppet has no idea what to do with hands,1
here's why some black women aren't here for #womenboycotttwitter,0
silencing milo,0
the perfect to keep a sexy bod and still enjoy your vacation,0
first nighter: choreographer christopher wheeldon sparks the gershwins' 'an american in paris',0
don't believe the derrick rose hype,0
nicoderm introduces new nicotine eye patch,1
naomi watts and liev schreiber hit the emmys red carpet,0
debris found in south africa could be from missing flight mh370,0
"margarita lovers, behold: someone made a cloud that rains tequila",0
brooklyn pizza restaurant gets threats after video links it to 'pizzagate' hoax,0
guest given air mattress that will slowly deflate throughout night,1
loft's highly anticipated plus-size line is finally here,0
zambia tired of being mentioned in 'news of the weird' section,1
the fallen served for our freedom,0
epa study: rivers shouldn't smell like shit,1
"audubon society reveal they've only seen, like, 3 birds",1
'draft biden' effort debuts its first tv ad,0
john legend gushing about chrissy teigen and baby luna is just the cutest,0
rescued lion has been obsessed with blankets since he was a baby,0
bill o'reilly's advertisers can't keep looking the other way,0
aisle view: the queen takes the stage,0
congress sets date for obama's last state of the union address,0
"report: oh, fuck yeah, egg yolk dripping all over sandwich",1
a 'sea of black masks': prosecutors open felony trial of inauguration protesters,0
newborn constantly terrorized by horrifying shapeless blobs,1
magna carta: awesome tale,0
avoiding popular songs somehow accomplishment for local man,1
last great party of life to result in first child,1
coworker retreats to remote corner of office to complete disgusting food order,1
the bhikkunis: exploring the history of female monks in thailand,0
raising a special child,0
"doctors are getting more engaged in the gun violence debate, but it's not rocket science",0
unhinged lunatic using facebook to spread conspiracy theories,1
britney spears soaks up the sun in tiny yellow bikini,0
female democrats say down-ballot republicans are taking cues from donald trump with sexist ads,0
very specific food pyramid recommends two to three shrimp scampis per year,1
"captor, captive have different senses of humor",1
"cubs fans cautiously optimistic after jake arrieta throws 8th no-hitter, team scores over 30 runs for 12th consecutive game",1
5 types of annoying people to avoid at all costs,0
4 steps to a younger-looking neck,0
new 'game of thrones' trailer provides sneak peek at show's climactic all-cast dance number,1
2024 financial collapse passes house 258-159,1
meaning of dream obvious to everyone else,1
man can't help but think he played small part in female coworker's success by not actively sabotaging her career,1
biden's ebay feedback rating dips below 35 percent,1
bitcoin bowl and the disruption of fiat currency,0
greece and europe on the edge,0
2016 was awful for pretty much everything except podcasts,0
breaking: friend who just got motorcycle already dead,1
from ball turret gunner to guerilla fighter,0
toddler adjusting to society after serving 2-minute timeout,1
donald trump thinks north carolina got it wrong on anti-lgbt bathroom bill,0
9 bad manager mistakes that make good people quit,0
biden sadly realizes this could be last time he throws lit firecracker into press conference,1
aaron carter opens up about his sexuality in emotional twitter post,0
princess charlotte has maybe the most fashionable christening ever,0
coffman says tancredo is 'bored' and angry,0
calls to lgbtq mental health hotlines rise after trump's anti-transgender action,0
"um, reese witherspoon's look-alike daughter is stunning",0
three-year-old gets carried away,1
safeguarding the well-being of children,0
wondrous world of fishes last checked out 4/17/67,1
it's not far and einstein,0
nabisco baffled after trump administration gives it $200 million contract to rebuild puerto rico's roads,1
scientists reveal secret to boosting your metabolism during sleep,0
dazed mike pence wakes up 15 miles outside d.c. after asking god to deliver him from evil,1
5 mistakes to avoid during your wedding night,0
living in the moment: the beauty of uncertainty,0
going back to congo,0
former black panther uses 'bonus years' to make art,0
video game blacksmith struggling to compete with random chests full of free armor all over kingdom,1
podcaster makes solemn promise to improve sound quality next episode,1
survey: genital stimulation maintains popularity,1
man who should be president has asymmetrical eyebrows,1
taylor swift inspires 200 million fans to register to vote in tennessee,1
a talk with fabio viviani,0
scavenger-hunt party 'not leaving without twine',1
trump jokes about fate of vulnerable gop senator during health care talks,0
area man no longer playing up resemblance to kevin spacey,1
brie larson's 'trainwreck' audition was going to lunch with judd apatow and amy schumer,0
herpetologist names son after famous herpetologist,1
supreme court hands a major victory to workers who were stiffed on overtime pay,0
"the 5 top u.s. national parks, in photos",0
38 women accuse director james toback of sexual misconduct,0
feeling overwhelmed by all the news this year? you're in the minority.,0
militia leader sentenced to 6 months' probation for war misdemeanors,1
"single, unemployed mother leeching off government",1
cousin really going all-in on retweeting porn stars,1
gop officials: kavanaugh shouldn't be held accountable for something he did as white teenager,1
yak chews thoughtfully,1
bounced joe biden check still taped up in delaware liquor store,1
there really is an increased risk of heart attack over the holidays,0
ruling galaxies but not countries: new research on women in film,0
why a dad was forced to leave the hospital the day his baby was born,0
the legacy i didn't know i wanted,0
photograph of little girl being absorbed into michelle obama portrait goes viral,1
at&t set to announce directv acquisition sunday,0
9 entrepreneurship lessons from the mountains,0
"half of nation outraged at new, not-yet-released michael moore film",1
watch: 'freakshow' star attempts life-threatening stunt,0
nate silver projects super tuesday results using microscopic electorate grown in petri dish,1
mannequins seem really in love,1
trump pours himself glass of chocolate syrup on rocks to unwind after stressful day,1
abused child running out of black crayon,1
"facing rising seas, remote alaskan village votes to move (again)",0
gulf of mexico inducted into opec,1
snooping on your smartphone: how to avoid apps spying on you,0
critics blast al gore's documentary as 'realistic',1
scarface onesie social worker's first tip-off,1
"bodybuilder strong, but now what?",1
"someone threw the 'veep' music over that awkward trump non-signing, and it's fantastic",0
why calls for boycotts always hurt the wrong people,0
obama's foreign policy approval drops in new poll,0
world wildlife fund now just trying to get few nice photos of every species for posterity,1
'parks and rec' star natalie morales comes out as queer,0
mental health experts say friends giving away possessions could be warning sign they planning on moving,1
"hillary clinton to release 2015 tax returns within days, criticizes donald trump",0
changing residency standards attack student voters,0
gisele bundchen dons a nude bodysuit,0
"father of war hero near tears as he pleads with paul ryan, mitch mcconnell to 'repudiate' trump",0
counselors quarantine homesick campers,1
public-speaking student to make point of gesturing,1
presidential campaigns haven't agreed to 'acceptable' post-election press access,0
twitter goes crazy after ugandan president museveni takes mysterious roadside call,0
former high-school bully pulls you over for speeding,1
"international women's day: will ""western women save the world""?",0
universe ends as god wakes up next to suzanne pleshette,1
protecting america from its president,0
5 reasons you should let your mind wander,0
dzhokhar tsarnaev courtside at pacers-heat game,1
texas environmentalists lobby for solar-powered electric chair,1
"obama unsure how to turn huge support among women, latinos, gays, african-americans into electoral victory",1
"""how do we allow a gunman to come into our children's school?""",0
new climate change study just 400 pages of scientists telling americans to read previous climate change studies,1
white house flag now moving minute to minute to indicate trump's mood,1
syria misses another chemical weapons benchmark despite 'significant progress',0
new study finds humans could lose vestigial heads in less than 100 years,1
i cannot take gabrielle union's op-ed on nate parker lightly,0
report: you're far too dumb to be reading the mueller report yourself,1
there's a serious shortage of psychiatrists in the u.s.,0
jessie james decker shares inspiring message about post-baby bodies,0
tiffani thiessen's daughter and newborn son are beyond adorable,0
'rock the vote' propels metallica to senate,1
from soup to skills: the best ways to volunteer on thanksgiving,0
fcc to fine americans who don't keep up with tv shows,1
renowned ornithologist always secretly wanted to be a bird,1
"'repealing net neutrality will help spur innovation,' announces face of ajit pai blaring from every computer screen in nation",1
kavanaugh surprised senate not questioning fact he never went to law school,1
area man likes food,1
sanders beats all top republican candidates in latest poll,0
edge of table victorious over toddler,1
rhode island marketing chief quits over tourism video showing iceland,0
fat girl euphemized,1
surfer finds ring 35 years after he lost it,0
a gamechanger: nobel prize winner kailash satyarthi,0
birthday boy admits accepting gifts,1
a millennial dad's tech divide,0
'saving private ryan' actor tom sizemore arrested for domestic violence,0
"karl lagerfeld horrified by uninspired, garish tunnel of light coming toward him",1
'me decade' celebrates 35th year,1
antidepressant medication label reminds users that pill should never be mixed with long look in mirror,1
area cow doesn't suspect a thing,1
wendy williams faints on live tv dressed as the statue of liberty,0
parents wish weak-willed daughter would push back against violin lessons just a little,1
ben affleck defends decision to set 'argo' in boston,1
study finds average american inadvertently eats equivalent of 8 pieces of fruit per year,1
museum's audio guide informs visitors how much more they getting out of experience than others,1
strip poker ends solemnly with scar explanation,1
steve harvey is still milking his miss universe f**kup in t-mobile super bowl commercial,0
man always attempts to intercept tossed things,1
argentina president's bizarre werewolf mishap,0
pope francis rides into st. peter's square on giant glowing lamb for easter mass,1
deray mckesson sues baton rouge police over protest arrests,0
author of 'introduction to algebra' recalls textbook being rejected by 12 publishers before getting accepted,1
firefighter excitedly checks drop-off bin to see if they got any babies while they were out,1
"president urges calm, restraint among nation's ballad singers",1
'back to dock' voted most popular destination among current rowboat passengers,1
parody movie script one crotch-hitting joke short of being greenlit,1
mindfulness in your 20s: lessons i learned from a hitchhiker,0
narcissist convinced total strangers would want his organs,1
whippoorwill has had same 3-note song stuck in head for entire life,1
"mr. trump, 17 presidents before you protected our national parks. will you?",0
high school students line up for school oil portrait day,1
guy who came in late not sure how much longer he should pretend to be frazzled,1
"in first and only vote on trump's muslim ban, republicans fail the test",0
"receptionist takes leave of absence citing dehydration, exhaustion",1
netflix may expand into news,0
religious scholars discover jesus christ delivered by dr. sidney adler,1
corrugated-cardboard lobby once again rates all 535 congressmen 'poor' on corrugated-cardboard-related issues,1
"youtuber cringing while watching amateurish early, current work",1
pediatricians announce 2011 newborns are ugliest babies in 30 years,1
nationwide tax day marches demand donald trump release his tax returns,0
paul ryan quickly runs tweet about texas shooting past wayne lapierre before posting,1
how the traditional nylon toothbrush may be causing your gums to disappear,0
coast guard terror suspect released after cell needed for nonviolent drug user,1
report: voters may have tried to influence '96 election,1
four simple tips to make your engagement session rock,0
man spends long day at work waiting to go home and be lonely,1
orrin hatch delivers farewell address from coffin descending into plot dug in middle of senate floor,1
this eating disorder awareness campaign boycotts the 'before' photo,0
new altar boy clearly not ready for spotlight of 10 a.m. sunday mass,1
donald trump promises republican senator he'll lose an election that doesn't exist,0
"oliver stone thriller 'individual 1' already written, filmed, nominated for 5 golden globes",1
keebler expands line of residence-themed crackers,1
furious maitre d' can only assume hostess didn't realize she was addressing everlast,1
surging demand for rechargeable batteries is driving business to south america,0
woody harrelson spends two hours drawing marijuana leaf on binder,1
writer unwilling to admit his screenplay perfect fit for justin long,1
a bollywood sitcom with priyanka chopra is coming to america,0
"pamela anderson talks candidly about love, forgiveness and her foundation",0
mom's honest post nails the many contradictions of motherhood,0
shape magazine declares july 'let yourself go' month,1
kelly clarkson reacts like any mom to news she's getting a vacation,0
skilled sotheby's auctioneer accidentally sells self at auction for $2.5 million,1
clinton promises to enact agenda whether or not she elected,1
junk mail locked back inside letterbox until something more important delivered,1
seed of world war iii planted in beijing middle-school gym class,1
the cyberspace revolution: why are the media ignoring it?,1
"charles krauthammer has ashes spread over prosperous, liberated iraq",1
daniel boulud awards scholarship to c-cap alum,0
target of future drone attack urges american intervention in syria,1
landlord not convinced heat isn't working,1
new climate change report just list of years each country becomes uninhabitable,1
"purchase of jeans ushers man into exclusive, ultra-cool subculture of jeans-wearing americans",1
new evidence suggests dinosaurs died in cretaceous period hospice,1
congress approves $40 million to fight teens,1
bedtime story from fucking bible again,1
tina yothers fantasy camp files for bankruptcy,1
why adults still experience back-to-school anxiety,0
this absolutely the last time bouncer cleans up vomit,1
brett kavanaugh reiterates cruel and unusual punishment what makes someone a true kappa,1
what is love? this lesbian teen has it all figured out (video),0
america ferrera posts tearful message on post-election grief,0
two years after sandy: addressing the emotional needs of survivors,0
it's another ho-ho-horowitz christmas!,0
two thumbs down on air nonsense,0
employees still have no idea what's going on after attending meeting,1
fbi agent still tasked with following noam chomsky around prepares for another day in local panera,1
"annoying, well-adjusted friend even fucking meditating now",1
here are 10 of the best political quotes of 2014,0
bill clinton has unibeam installed in chest,1
dementia patient's family keeps ripping her away from idyllic world of 1950s,1
congo postpones elections as opposition calls for general strike,0
a quick guide to this year's oscar best picture nominees,0
the other rev. king: a word from mississippi,0
"donald trump to meet with editors of new yorker, vanity fair and vogue",0
facebook's war continues against fake profiles and bots,0
"why i didn't run from my rapist, why i couldn't",0
what i learned about my son is the best mother's day gift ever,0
puerto rico is a man-made disaster,0
"reflections for an uneasy memorial day: obama's mystery achievements, trumping dangerous nonsense",0
mexico mayor killed less than a day after taking office,0
report: most americans have fewer than 5 hobbies saved for retirement,1
berkeley campus on lockdown after loose pages from 'wall street journal' found on park bench,1
when anxiety has you (literally) pulling your hair out,0
paleontology class winces whenever fundamentalist kid raises hand,1
teen anxious for cigarette addiction to kick in,1
david lynch finally releases colorized edition of 'eraserhead',1
what future for iraq? interreligious debates at the sant'egidio meeting,0
full summer of tending backyard garden produces single edible cherry tomato,1
man on rolling swivel chair pushes away from desk like blue angel breaking formation,1
"cutting off politwoops, twitter follows the needs of politicians, not public interest",0
bill nye says empathy is necessary for human survival,0
get from spain to portugal in less than a minute,0
new ronco food exposer spoils food overnight,1
back for a second season: hardwired 2.0,0
family finds frozen kitten and nurses him back to life,0
14 things 'parks & recreation' taught us about food,0
all-female rock band reminds moms they are 'enough',0
president's cathartic words help nation begin to heal following yet another senseless 'saturday night live',1
rose byrne will return as moira mactaggert for 'x-men: apocalypse',0
dozens injured after trains collide in pennsylvania,0
filmmaker brett ratner wants to make history with charlottesville unity concert,0
trump doesn't really want you to know that obamacare enrollment just started,0
"nuclear threat still 'very real,' says muhammad ali",1
"denny's introduces new 3,000-spider-egg omelet",1
new history channel program explores what would have happened if history channel never existed,1
#dearbetsy campaign implores donald trump's education pick to protect campus rape rules,0
five reasons to love fashion designer bibhu mohapatra,0
mtv's 'scream' trailer features a severed head in a hot tub,0
std had awesome time on spring break,1
gay marriage passes in 9 states after area homosexual dunks on regulation rim,1
sessions rattles baton along prison bars in speech vowing to crack down on violent crime,1
pastor always knew agnostic would come crawling back to church for wedding,1
report: many states still relying on outdated methods to disenfranchise voters,1
tasting your way around the wizarding world of harry potter - diagon alley,0
kerry vows to raise wife's taxes,1
tormund and the hound singing could melt the night king's icy heart,0
science teacher struggles to justify showing total recall,1
read live updates on the cnn democratic debate,0
"'wait, mr. bezos, you forgot your tax subsidy!' says andrew cuomo running behind limo",1
emma stone ruled the red carpet in a jumpsuit,0
daniel tosh chuckles through own violent rape,1
historians uncover evidence stonehenge once prominent druid make-out spot,1
snyder decides against endorsing trump for president,0
polish and irish soccer fans shame hooligans with heartwarming embrace,0
son possibly made withdrawal with dead mom,0
new report finds moving to isolated seaside cottage greatly increases productivity,1
ronnie wood says he worried it was 'time to say goodbye' after cancer diagnosis,0
earliest known t-shirt found,1
"2018 the year it all going to fall into place, delusional sources report",1
there can be dignity in the face of poverty,0
lgbt parenting: does every moment have to be a teaching moment?,0
adjusting several sliders on recording studio's mixing console pays off big time,1
'mad men' actor wants mississippi to find hope in his wedding,0
sight of o.j. simpson actually kind of comforting,1
report: shame of walking out without buying anything drives 90% of purchases at small businesses,1
"god pledges $5,000 for cancer research",1
mesmerizing deep ocean 'symphony' finally identified,0
nation mostly alarmed that government's top programs handled by 29-year-olds,1
frantic steve jobs stays up all night designing apple tablet,1
"grab your wine boxes, because 'will & grace' is back",0
doctors repeatedly overprescribe antibiotics and narcotics,0
"black, male, mad as hell",0
nba players #prayforpaulgeorge after horrific injury,0
dad frees up entire day to spend on quality father-grill bonding time,1
"to be a president for all americans, trump must address hate incidents committed in his name",0
university of missouri starts reviewing demands from student activists,0
"responsible, thoughtful nation decides to ignore charlie sheen situation",1
the unwinnable afghanistan war,0
2012 seniors thunder into high school's parking lot like coalition forces entering baghdad,1
cardboard snowflake half-heartedly masking-taped to break-room door,1
new study shows majority of late afternoon sleepiness at work caused by undetected carbon monoxide leak,1
"bear eats 20 pounds of dog food, promptly dozes off",0
is honolulu in for a disastrous flood?,0
should you be wearing underwear with your workout leggings?,0
stephen colbert nails the nra's complete hypocrisy in a single sentence,0
supreme leader khamenei says iranian nuclear weapons are a u.s. 'myth',0
area man fantasized about for one and only time in his life,1
nader polling at 8 percent among past supporters,1
"area man much happier, more relaxed since joining cult",1
child clinging to daddy's leg like it's helicopter evacuating saigon,1
man waiting in h&r block lobby nervously eyeing how much more paperwork everyone else brought,1
"chelsea clinton: 'my mother will shape this country into a strong, independent young woman'",1
network faces backlash after putting white woman in 'brownface' to appear muslim,0
donald trump rift not what paul ryan needed in middle of 14-day cleanse,1
republicans holding out hope new chief of staff can restore order to chaotic white house,0
"white house talks tough on iran, but suggests nuke deal is ok after all",0
these drag superstars are searching for the world's first drag supermonster,0
obama: iraq airstrikes not slippery slope to other humanitarian interventions,1
experts say breakfast now sixth most important meal of the day,1
nation celebrates awkward 'take your illegitimate daughter to work' day,1
"man who just bought mayan headdress, 4 crates of corn pretty sure you'll be looking like the fool when apocalypse happens",1
new 92-grain bread depletes majority of world's resources,1
john kelly roots out remaining priebus sympathizers hiding in tunnels throughout white house,1
mosul could be a make or break battle for iraq,0
11 camping essentials you'll actually use,0
6 summer salads you'll actually crave,0
'girls' producer: people are 'afraid' of lena dunham 'telling the truth',0
ulysses and the hedge trimmer,0
house of representatives magically switches bodies with senate,1
bertha cáceres: 'my mother's is not the first assassination. i don't want another',0
funniest parenting tweets: what moms and dads said on twitter this week,0
party host proudly informs guests they're eating shark,1
why the 99 percent keeps losing,0
report: those sensors that flush public toilets were also cameras this whole time,1
sex shop bathroom key attached to 18-inch double dildo,1
testing: enhanced interrogation in the classroom,0
"cult leader pretty cool, actually",1
holiday blues: spirituality to the rescue,0
pastor blasts trump's 'shithole' comments in front of mike pence,0
israeli strike kills prominent hezbollah members in syria,0
trump privately terrified his sexual assault victims will someday come forward,1
a different kind of mom,0
"passengers 'lashing out' at scott pruitt justify first-class travel, new epa memo says",0
kerry's face droops with joy over latest polls,1
really-loud-whistle guy takes every opportunity to whistle loudly,1
"gordon ramsay's 5 basic cooking lessons involve no anger, lots of helpful tips",0
"'i just want a substantive, issues-oriented democratic debate,' lie thousands of americans hungry for unhinged trainwreck",1
review: new apple tv is bursting with potential,0
mountain lion tracked by scientists is found dead near malibu road,0
"brandon grant, vice president of impulse group, shares what pride means to him",0
how one mom taught her 7-year-old daughter to accept her natural beauty,0
kindergarten class burning through 6 hamsters a year,1
'black panther' success will help fund boys & girls clubs' stem centers,0
car ride devoted to explaining what things will be different about grandma this visit,1
himalayan goat dies following failed everest climb,1
a time capsule of us,0
congress gets another reminder from scientists that climate change isn't coming -- it's already here,0
nation happily reassured that exxonmobil made profits of $44.9 billion in 2012,1
endangered rhino just wishes his horn didn't make people immortal,1
jimmy fallon's #thereisaidit tweets reveal what you'd say if you were donald trump,0
michael avenatti warns michael cohen: i still have more documents to release,0
10 motivational phrases to tell yourself today,0
twitter users call b.s. on donald trump's tweet about mueller indictments,0
5 in u.s. charged with terrorism-related crimes,0
world's brightest x-ray laser is getting a big upgrade,0
city of boston erects new plaque commemorating spot where ben affleck will die,1
t.g.i. friday's executive chef recommends booze-on-meat-with-cheese thing,1
"hey, female directors, steven spielberg has some good news for you",0
joan moran: how to give yourself the gift of time,0
area man thinks movie he saw should have been nominated,1
u.s. weighs bigger role in war in yemen,0
"following ray bradbury's death, thousands of people buy kindle version of book about demise of paper books",1
juan gabriel wins first ever latin grammys three months after death,0
woman worried she doing bad job enjoying massage,1
malnutrition rates are up worldwide. here's why.,0
yosemite expands lodging accommodations with new log cabin high-rises,1
what common can teach men about getting dressed,0
"past armageddon and on to zippori, one of israel's premier archaeological sites: spring break 2016, breaking bad on the looney front - part 1",0
why the story of muhammad ali's rebellion matters today: part 4,0
"twitter users mock 'trump caucus' photo for being 'so white,' they need sunglasses",0
shredyourex lets you destroy photos of your ex just in time for valentine's day,0
has d-day arrived for cuba?,0
report: high school marching band definitely in shape of something,1
gummi bear emerges from digestive tract unharmed,1
food network production assistants prep guy fieri with dry rub,1
bernie sanders' our revolution gets behind tom perriello in virginia gubernatorial race,0
mariah carey and nick cannon reunite for the holidays,0
united airlines offering immigrants special flights that circle u.s. awaiting gaps in travel ban,1
republicans and democrats have very different ideas about what saved a congressional ethics watchdog,0
7th heaven celebrates 100th underage drinking episode,1
the 20 funniest tweets from women this week,0
man with shitty job just doing this until he gets fired,1
when sex work pays your tuition,0
speaker ryan's challenger receives $1 million boost,0
this will make you never want to check a bag again,0
dept. of transportation discontinues 'bridge out 8 feet ahead' sign,1
6 rentboys tell all: what did the rentboy bust do to the hustler economy?,0
spider sitting on shower wall can't wait to see look on man's face,1
one of those fucking people wins new hampshire primary,1
"revamped wpa to create 50,000 new jobs by disassembling, reassembling hoover dam",1
5 steps to an instant mental break,0
mom triumphantly drags hotel pool lounge chair back to family like fresh kill,1
"under trump, muslim book publishers are fighting against hate",0
an epidemic of gun silence,0
"newtown shooter may have had interest in pedophilia, fbi reveals",0
kids and technology: can we ever really keep up?,0
john kasich rules out 2020 presidential campaign,0
coworker insists on describing entire plot of old spice commercial,1
smiling willie nelson reflects on a lifetime of weed and women,1
museum staff braces for large group wearing same t-shirt,1
black father gives son the talk about holding literally any object,1
colorado's new revenge porn statute is good law and sound policy,0
gop ignores key lesson on race,0
symphony orchestra simply cannot wait for collaboration with john mellencamp,1
pilot tells passengers he's about to try something,1
roommates assured girlfriend only staying over for entire duration of relationship,1
dwight howard responds to lebron james' full-court shot with one of his own,0
the importance of trying,0
kylie jenner beat beyoncé at breaking the internet,0
"move over 'hamilton,' d.c. just debuted 'trump'",0
man finally able to forgive self for terrible mistake he made 2 seconds ago,1
richard branson's global-warming donation nearly as much as cost of failed balloon trips,1
israelis and palestinians at harvard: part 9 of 9,0
4 billion years of evolution unable to prevent area man from drooling on self,1
myrtle beach resident refuses to evacuate from family's ancestral ron jon surf shop,1
23 incredible benefits of getting more sleep,0
the epidemic of gay loneliness,0
"great legs, gross teeth: endurance runners and tooth decay",0
huffpost rise: what you need to know on january 25,0
7 fascinating but forgotten facts from world war i (new book),0
susan rice: i didn't do anything 'untoward' with intelligence,0
does romans 13 give the president the right to nuke north korea?,0
"breaking: bitcoin value currently plummeting—no, wait—skyrocketing—no, plummeting",1
these kittens learning to walk is so cute it'll make you crumble,0
"d-wade, udonis haslem, and lebron opt out",0
"hannity claims relationship with cohen never went past payment for legal advice, defense strategy in criminal cases",1
rapper coolio charged with felony firearm possession in los angeles,0
shared leadership among women and men: good news and bad news,0
scientists posit theoretical 'productive weekend',1
podiatrists recommend getting feet rotated every 6 months,1
"report: it not hard at all to imagine your coworkers' supple, nude bodies",1
why the new hollywood will never live up to old hollywood,0
inner-city prodigy earns ged at age 11,1
"worthless dog can't talk, drive, solve crimes",1
authorities not even going to bother looking for motive behind oregon shooting,1
obesity-study lab rat's life pretty sweet,1
woman attempting to cultivate self-love forced to start completely from scratch after photo where nose looks kind of weird,1
a second-by-second breakdown of sean spicer's holocaust comments,0
iran arrests fashion models in social media crackdown,0
area man thankful to be single during golden age of television,1
"completely unrealistic tv character has complex, multifaceted personality",1
"'we will never speak of this again,' says trump to mohammed bin salman as they dump khashoggi's body into new jersey river",1
what i learned from being diagnosed with narcolepsy,0
misophonia: when sufferers are full of sound and fury,0
iceberg sighs contentedly as it slowly lowers itself into warm arctic water,1
"'no way to prevent this,' says only nation where this regularly happens",1
home homosexuality test now available,1
mother comes pretty close to using word 'streaming' correctly,1
brief moment of lucidity called panic attack,1
"nunes: 'the american people have a right to know the contextless, selectively-edited truth'",1
new ad hammers trump as too impulsive to allow near the nuclear button,0
fall internship pays off with coveted winter internship,1
pentagon report concludes too many soldiers have same nickname,1
talking to our children about capital controls,0
"oregon lawmaker groped women at state capitol, report finds",0
biden searching white house one last time for missing pet snake,1
is china a partner or a predator in africa? it's complicated.,0
trump unveils plan to address migrants with new open-fire policy,1
"nation feels first, only pang of sympathy for zuckerberg after watching him engage with ted cruz",1
flynn's departure leaves trump foreign policy even more disoriented,0
"thank you, dishonest media!",0
gun lobbyist warns gun owners could resort to 'bullet box' if they don't like election results,0
archaeologists unearth ivory trumpet dating back to prehistoric jazz age,1
how to get the love that you 'deserve' in marriage,0
film critic belatedly comes up with swordfish zinger,1
cambridge cop accidentally arrests henry louis gates again during white house meeting,1
man pretty sure he could run this company into ground way better than boss,1
awful show a repeat again,1
whole museum visit spent feeling guilty about moving on from paintings,1
jared kushner assures reporters he never revealed state secrets without turning huge profit,1
the ebola fighters 'time' forgot,0
"as yahoo roils, martha nelson stays focused on media",0
when it's worthwhile to pay extra airline fees,0
indian teen caught playing air sitar,1
'sleeping on it' really does help you solve your problems,0
area teens find once-in-a-lifetime love,1
solar jobs report shows huge growth,0
colorful multicultural mural celebrates diverse lack of talent,1
remember that time donald trump almost bought an nfl team?,0
"as socialism destroys venezuela, only its people, not u.s. military, can restore democracy",0
doritos good,1
40-year-old has spiky hair,1
california shooter killed wife the night before attacking elementary school,0
ecuadorian embassy runs ad seeking 'no drama' tenant for newly vacant room,1
police escape charges in 96 percent of civil rights cases: report,0
brew do you love?,0
tv critics admit to never having watched the wire,1
"lame cyberattack on atlanta doesn't even turn atms, street sweepers into killing machines",1
"report: whoa, last person on treadmill ran 8 miles",1
winner didn't even know it was pie-eating contest,1
harry reid stunned by ted cruz's claim that most violent criminals are democrats,0
local building accessible to only the strongest of the handicapped,1
stop scaring new dads!,0
study: obsessive-compulsive disorder obsessive-compulsive disorder obsessive-compulsive disorder,1
"flynn pleads guilty to lying to fbi, but, worst of all, lying to himself",1
"palin unveils 9/11 firefighter cousin, reformed lesbian niece, naturalized mexican half brother",1
5 scientific reasons a beach vacation is necessary for your health,0
seven-foot-tall animatronic rodent terrifies birthday boy,1
touching video shows what it's really like to raise grandkids,0
every picture on man's tinder clearly from same event where he dressed up,1
drunk driver in the zone,1
communists now least threatening group in u.s.,1
"man, woman experiencing 2 very different sexual tensions",1
a record number of people have drowned trying to reach europe this year,0
alternative theater waits three hours for stragglers,1
badass churchgoer doesn't even have to look at hymnal,1
completely unfair that man ended up on sex offender registry just for public urination on a child,1
awe-inspiring photos of military servicewomen walking the runway,0
farting teen sparks fight,0
"this is not how you play frisbee, but we love it anyway",0
crusted ring around nyquil bottle top coming along nicely,1
queen of soul commands in philly,0
iowa resident has opinion month too late,1
women who loot,0
alan keyes admits: 'i just enjoy campaigning',1
"hillary unleashes, while ivanka keeps quiet",0
cash-strapped trump forced to replace eric trump with cheap migrant son,1
man abuses child quietly out of respect for other diners,1
"singapore airlines flight catches fire, no casualties",0
extending your social media reach: working the facebook author tag feature,0
"the u.s. under-invests in energy innovation, asserts former energy secretary ernest moniz",0
ferguson shop owner 'overwhelmed' by community support after looting,0
area spoon only rinsed for past 18 months,1
word 'immunity' used outside of reality show for first time in five years,1
"trump backers share his animosity toward the media, poll shows",0
this startup wants to make overpaying for a tiny nyc bedroom seem cool,0
the 5 steps i took to save my online business,0
area man just ruined it for everyone,1
senate passes 3-year highway funding bill,0
bible only work of fiction in family's home,1
incredibly daring man swims to hawaii's lava with a selfie stick,0
at least 800 migrants attempt to cross into spain from morocco,0
amber tamblyn reveals she's expecting a baby girl in powerful essay about motherhood,0
pentagon ripped off by shady weapons dealer,1
mom fires back at shamers who criticized her baby's food photo shoot,0
these teens wanted a cool work space of their own -- so they built one from scratch,0
"a year after paris attacks, france still hasn't figured out how to contain terrorism",0
mpaa unveils rating system based on old testament,1
adele celebrates 'titanic'-themed 30th birthday,0
what i never knew about motherhood,0
bleary-eyed cosmopolitan staffer cranks out 10 billionth way to bring out the animal in your man,1
man's alcoholism getting a little out of hand,1
homemade 'die hard' scene will have you saying 'yippee ki yay',0
earth explodes,1
"whoa, vacuum got something pretty big under couch",1
how prepared are directors for the challenges of the nonprofit culture?,0
mark zuckerberg prepares for congressional testimony by poring over lawmakers' personal data,1
everybody from 'the hills' is having kids now,0
violence hits nigeria's oil-rich delta region,0
"lava eruption, pakistan protests and a kite surfing record: week in photos",0
kirk franklin blasts creflo dollar's $65 million private jet campaign,0
jon kabat-zinn: 'the real meditation practice is how we live our lives from moment to moment',0
man at very top of food chain chooses bugles,1
this law lets abused animals get their own advocates in court,0
how to regrow vegetables from nothing more than kitchen scraps,0
u.n. weapons inspectors thoroughly unimpressed with yemeni weapons,1
u.s. braces for separate floods as joaquin leaves bahamas,0
5 surprising factors that make up your personality,0
white house increases number of asylum seekers allowed to enter spike-filled refugee compactor,1
president trump's war on children,0
"executive, legislative, judicial branches merge",1
"hot, sweaty jane fonda wondering if that's the best delivery boy's got",1
seth meyers dubs donald trump the 'tiger woods of hypocrisy' over his golfing,0
this group is bringing tampons and pads to evacuees in louisiana,0
man who cried himself to sleep last night has some great ideas for growing company's brand,1
shadow government getting too large to meet in marriott conference room b,1
nra praised for decreasing stigma of mentally ill acquiring firearms,1
satan to revise bar code system,1
the intervention of richard spencer and the alt-right,0
14-year anniversary of 'crash bandicoot' passes by largely unnoticed,1
busy schedule forces vladimir putin to move up election win a couple days early,1
'hägar the horrible' cartoonist expected more for 40th anniversary,1
nation's dads announce plans to trade in the dodge for something with a little more zip,1
world's last bob hope fan dies of old age,1
man competitive about how depressed he is,1
"this weekend, go to the movies",0
'jeopardy!' bans obsessive weirdos who ruin the fun by preparing way too much for show,1
bono outbids everyone at charity auction for bono-autographed guitar,1
dad defends son's cruella halloween costume from 'small-minded' bigots,0
nyt column asserts: us colleges stink,0
american universities opening up shop in china -- sino-foreign joint education ventures,0
u.s. intelligence: burundi may be developing telephone,1
why we should tip service workers generously,0
celebrity smell-alike sweats just like alec baldwin,1
"a year after a coward killed the charleston 9, bible study continues",0
"pope francis says his time as pope will be short, misses pizza",0
elect to watch all 13 of stephen curry's record-breaking 3-pointers,0
"human slave from future remembers when cyber monday was about celebrating savings, not robot uprising",1
civil rights movement network law is a much-needed tool,0
the price for killing workers must be prison,0
transgender troops are fighting for this country. will our country fight for them?,0
'little boy' stands tall,0
conan o'brien reveals how donald trump coped when twitter went down,0
starr taunts clinton with humiliating 'sittin' in a tree' song,1
what's your upside,0
rattlesnakes have been observed,0
watching faces of students as they finish 'the lottery' highlight of english teacher's year,1
deep blue quietly celebrates 10th anniversary with garry kasparov's ex-wife,1
asshole moves to part of city where all the assholes live,1
study finds women who want abortions are often given misleading information,0
couple wouldn't have stayed in loveless marriage if they knew that's how kid would turn out,1
report: mom and dad's house starting to smell like grandma and grandpa's house,1
is hillary clinton the last democratic presidential candidate to support the death penalty?,0
man who said 'yes' to life found with mountain bike at bottom of gorge,1
decades of breathing really starting to catch up with chinese man,1
flash-animated osama bin laden captured,1
romney still in hot water after reading gop platform verbatim,1
seating chart revised to put problem senators up front,1
factory farm chicken rounds out miserable existence by going bad in man's refrigerator,1
jon huntsman accepts post as ambassador to russia,0
crops begin emerging from farmlands across nation as monsanto ceo slowly raises arms,1
trump complains entire personality rigged against him,1
fda relaxes definition of smoothie,1
"modern elections are corruption, sen. al franken argues",0
the essence women in hollywood event was full of black girl magic,0
real valentines for exhausted parents,0
teen responsible for all six items in clarksburg police blotter,1
humanitarians shouldn't have to risk their own lives in order to save others,0
why i launched a platform to empower survivors of bullying,0
military-industrial complex recalls coming together in aftermath of 9/11,1
innovative bottom-up solutions to tackle urban poverty,0
"'i'm trump all the way,' says man who will die from mishandling fireworks months before election",1
second amendment a little creeped out by how obsessed americans are with it,1
"orrin hatch: 'as a father of daughters, i don't give a flying fuck what happens to them'",1
man breaks out dating boxers,1
how to travel milan in just one day,0
bush gives france 30 days to speak english,1
part written specifically with sylvia saint in mind,1
what's damaging about fat-shaming: the last acceptable form of bias,0
10 american facts you can use to ruin any july 4 party,0
"papal apartments found filled with old newspapers, empty pill bottles, mangy cats",1
area man urinating like it's the best thing ever to happen to him,1
"jody hice, anti-islam republican, defeats ken dious in georgia house race",0
fbi director wishes he had some alien thing to cover up,1
corporation wants media company making branded entertainment to just have fun with it,1
graduation ceremony a real broken fucking record about student who died in car accident,1
10 'outlander' spoilers you need to know for season 2,0
historical archives: a jest for you,1
biden kicked out of laundromat after shag rug floods washing machine,1
trump complains about overly complicated controls needed to operate modern-day doors,1
federal judge tosses 'clock kid' ahmed mohamed's discrimination lawsuit,0
"how to fall in love, again -- with your spouse",0
madcap romp escalates into zany hijinks,1
police repeatedly shoot tim cook after mistaking iphone for gun,1
naval chakra tune up: yoga sequence from stephanie snyder,0
gorgeous 25-year-old dead at 79,1
"for dreamers who endured the horrors of joe arpaio's arizona, our work is not done",0
"over 50% of lgbtq youths struggle with eating disorders, survey finds",0
man somehow overcomes alcoholism without jesus,1
pandering nobel peace prize committee honors global harmony again,1
breaking: 'the onion' in kill range of boston bomber suspect,1
new hampshire lets debunked gay conversion therapy remain legal,0
sheldon adelson looks to harry reid for a big favor,0
"playing an aspiring rapper in 'patti cake$,' danielle macdonald is summer's breakout star",0
"evidence photos prove michael brown hit darren wilson so hard, he almost left a mark",0
beautiful boozy cadbury creme egg milkshakes!,0
"in the face of systemic racism, south asians must not keep silent",0
man feels automatic connection with attractive woman,1
'97 camaros to come with pubescent mustaches,1
"when dad loses it, we all lose it",0
brita unveils new in-throat water filters,1
aunt threatens to devour helpless newborn's toes,1
how the future of work may make many of us happier,0
watch 'drag race' star milk channel madonna in iconic ad for pop star's new skincare line,0
peeping tom tired of watching people watch television,1
super 8 offering writers residency for anyone working on suicide note,1
'you did great!' terrified personal assistant tells clint eastwood,1
video breaks down how 'whiteness' as a construct shaped the election,0
cop takes cinnamon bun into own hands,1
chinese newlyweds wondering what they're going to do with all this medicinal bear bile,1
report: it pretty incredible that americans entrusted with driving cars,1
trump preemptively tells melania he won't give her a kidney,1
from the other side; an honest review from employees,0
isis vs isil -- what's in a name?,0
monsanto spin doctors target cancer scientist in flawed reuters story,0
this love story will make every scrabble nerd's heart flutter,0
terrifying server whole-heartedly cares about guests' dining experience,1
the crocodile and the scorpion,0
ap reporter in gaza needs another term for 'blood-soaked',1
queen elizabeth ii to wed longtime partner following passage of gay marriage bill,1
elizabeth warren: 'donald trump is a loser',0
what your movements may reveal about how you'll get along with another person,0
internet explorer makes desperate overture to become default browser,1
ancient flying beast named after 'avatar' creature,0
completely uninhibited party guest still choosing to talk about work,1
bush dropped out. here's where his voters might go.,0
hacker who stole celebrities' nude photos gets 9 months in prison,0
donald trump picks elaine chao to lead department of transportation,0
why we sabotage our relationships,0
why it might cost you a bit more to get in the door at costco,0
3 summer trends anyone can pull off,0
preserving the phoenician heritage of tyre against the latest threats in the middle east,0
"at the women's convention, a clear message: follow black women in 2018",0
hire of local moron gives nation hope for employment,1
area man meets that special someone else,1
local hamburger to star in national ad,1
"trade war with u.s. would bring 'disaster' to world economy, china warns",0
poor attendance at intervention a real wake-up call,1
my 5×5 plan for the next 12 months,0
do college students care more about mental health than administrators?,0
study finds cats only meow when they want to alert owner of neighbor's murder they witnessed through window,1
these epic 360-degree photos will make you feel like you're on vacation,0
kesha emotionally admits new album is 'quite literally saving my life',0
cover letter specifically tailored to company even sadder than generic ones,1
stunt biker danny macaskill turns scotland into the world's most incredible obstacle course,0
sheryl sandberg doesn't think fake news on facebook influenced the election,0
poll: duckworth lead over kirk shrivels,0
man updates little monologue recited when extended relatives ask how he's doing,1
local company introduces new take your daughter's friend to work day,1
over 450 protesters arrested in tehran during crackdown on anti-government demonstrations,0
the color of money in silicon valley,0
"ohh, trump drained the swamp so the ceo bridge to the white house was clear!",0
trump's revised travel ban is still mired in prejudice,0
defiant manafort enters trial wearing coat made of live puffins,1
man who got 6-figure book deal from his tumblr account has the fucking nerve to appear on national television,1
"bernie sanders draws more than 20,000 people at boston rally",0
freddie prinze jr. fan's favorite color also green,1
trump supporters move to block vote recounts in 3 states,0
garden too much for grandma this summer,1
newspaper formally apologizes to wookiees for a 40-year-old 'star wars' mistake,0
j.crew debuts new line of stylish casualwear for mannequins,1
what if we were all family generation changers?,0
relationship based on mutual love of woodcrafts,1
johnny rockets customer terrified after evidently falling through wormhole into 1950s,1
mass grave blasted for lack of diversity,1
baby doesn't realize it's a white supremacist yet,1
"bacon good for you, reports best scientist ever",1
raccoon crushed to death by garbage truck hits jackpot with reincarnation,1
a classic jason somehow gets mixed into area man's anecdote collection,1
yo voté: communities scramble to translate ballots,0
record-store clerk gazes down from on high in aloof indifference,1
tucker carlson's bizarre rant over lauren duca,0
steven avery has no doubts he'll be a free man again after nephew's conviction overturned,0
tiger always checked out of local zoo,1
another thing colin powell said in those leaked emails? dick cheney is an idiot.,0
study: home rotisseries only american technological field still advancing,1
'life continues': baghdad residents remain resilient amid bombings,0
the internet of you,0
wal-mart bans semi-nude pantyhose,1
"as high court weighs online sales taxes, states get ready to pounce",0
the sixth season of 'downton abbey' will reportedly be its last,0
merkel: isis poses major risk to europe,0
how to be superstar sports agent (part two),0
talented kiddos recreate iconic 'dirty dancing' scene on 'america's got talent',0
kendall jenner is 'wonder'-fully blonde in vogue,0
try this one thing before assuming you have a sleep disorder,0
exxonmobil vows lenient treatment for any species that surrenders voluntarily,1
read live updates on the government shutdown,0
chris rock and dave chappelle did a surprise stand-up set together this weekend,0
nicolas sarkozy promises nationwide ban of burkinis if elected,0
"on memorial day, a look inside the lives of u.s. service members in afghanistan",0
michael cohen completes first stage of intricate plan to break incarcerated brother out of prison from inside,1
here are the americans who believe in the miracle of donald trump,0
a real phish nye miracle,0
washington monument set up on blind date with eiffel tower,1
struggling local theater space put out of its misery,1
turn your scraps of summer fruit into the most gorgeous ice cubes,0
a pope that congress should listen to,0
when patriotism becomes idolatry,0
nancy pelosi slams edited footage with claim that when she's drunk you'll fucking know it,1
trevor noah exposes vladimir putin's sinister actions towards u.s. diplomats,0
john lewis overcome with emotion at a civil rights movement exhibit,0
justin timberlake pulling panicked all-nighter after realizing new album due tomorrow,1
man who has never seen horseshoe crab before understandably freaking the fuck out,1
supporters defend kirsten gillibrand after trump delivers 'sexist smear',0
santa signs legislation to help special-wants children,1
british public on the hunt for 'witches' marks' this halloween,0
how far will an uber driver go to get five stars from you?,0
"harper lee announces third novel, 'my excellent caretaker deserves my entire fortune'",1
area panties in a bunch,1
area man totally blows his chance to see 'exodus: gods and kings' in theaters,1
rodent clearly making its way through steve bannon's body throughout national security meeting,1
julianne moore stuns in custom chanel,0
"la couple writes the new definitive guide to sex, relationship and hormones",0
djimon hounsou to play every african in the world,1
escaping ebola: a dangerous journey from the desert to the mediterranean sea,0
everyone ganged up on marco rubio at saturday's gop debate,0
man removing sweatshirt offers coworkers tantalizing glimpse of bare midriff,1
jerry falwell: is that guy a dick or what?,1
"mother given gift basket of soaps, bubble bath hopefully takes hint that she smells like shit",1
new mcdonald's sandwich offers free wi-fi,1
political cartoonist not sure how to convey that large sack in senator's hand is full of money,1
uber driver wants you to know that lots of mexicans live in this neighborhood,1
sweatshop worker doesn't even want to know working conditions of place her company gets fabric,1
barbara bush calls white house to see if she can leave husband there for few hours,1
petting zoo all goats,1
ebola and the fear that makes us stupid,0
the challenge of exclusivity,0
anti-immigrant signs pop up on california highways as state becomes a sanctuary,0
college freshman decides to be lanyard-wearing kind,1
area man remembers less politically correct time when christmas was about honoring the glory of saturn,1
how a mom's behavior might be alienating her teen daughter,0
"anarchists rise up, move to different cafeteria table",1
saudi arabian king to populace: 'don't even think about it',1
behold the first 'historically accurate' portrait of mr. darcy,0
frederick's of anchorage debuts crotchless long underwear,1
michele bachmann claims there's violence in israel because jesus is 'coming soon',0
helen maroulis beats a legend to win first u.s. gold in women's wrestling,0
cracking sound alerts man he reaching styrofoam plate's weight limit,1
jordan edwards laid to rest as family asks community for calm,0
the peace process is dying at the hands of israel with help from hamas,0
astronaut piloting cargo ship leaves note on side of iss after accidentally knocking off solar array,1
researchers discover female frogs prefer mate who knows way around the cloaca,1
baby jesus and the war on christmas,0
mom thinks you'd enjoy restaurant she can't remember name of right now,1
monocle-wearing oil baron's cigarette holder splinters in clenched teeth after hearing bernie sanders' environmental platform,1
prairie dog town rezoned for commercial use,1
most of trump's voters don't think he's changed since taking office,0
restore your power through restorative sleep,0
heroic police officer talks man down from edge of purchasing subway footlong sweet onion chicken teriyaki,1
'trump place' apartments ditch their name after residents protest,0
morley safer can't remember if he left stopwatch running after locking up '60 minutes' studio,1
promotional jacket worn everywhere,1
queen elizabeth disappointed in new royal baby boy's lack of proper inbreeding,1
women in politics matter -- even when they're not women's advocates,0
jennifer lawrence honored robert de niro at the glaad media awards the only way she knows how,0
santa anita racetrack officials award first place to jockey who dragged dead horse 30 yards over finish line,1
"at this year's toronto film festival, it's the quieter performances that speak the loudest",0
noaa predicts we'll see more hurricanes this year than in 2015,0
warm temperatures bring hot deals on winter gear,0
overworked nation wishes it could just unplug from it all like puerto rico,1
10 big space-saving ideas for small kitchens,0
danny tanner was once played by a completely different guy,0
victoria's secret introduces 3-inch patch of satin to place anywhere on body,1
sean hannity: donald trump should deny press credentials to major news outlets,0
theory of intelligent school-board design disproven,1
letter from employer thankfully omits balls-copying incident,1
bugs infesting area apartment have no clear goal,1
"2,300 leading scientists send trump a clear warning: we're watching you",0
monica says lady gaga is right about the 'male-dominated' music industry,0
obama encourages staff to 'stay on offense' in final year,0
humanity hoping it only has to put up with few more millennia of this shit,1
a love letter to the nurses who take care of moms after giving birth,0
report: overseas sweatshops hurting u.s. sweatshops,1
how to create a hotel-worthy bathroom,0
area man to start curling his 2s,1
activist l.a. priest preaches religion of acceptance,0
petting-zoo goats swarm horrified 4-year-old,1
un rights chief calls humanitarian situation in syria 'an outrage',0
"nude, ash-streaked dick vitale proclaims this what march madness all about",1
20-year-old with down syndrome is the youngest business owner in his town,0
chrissy teigen poses in her bra with teddy bear post-met gala,0
liver flees george jones' body,1
porn-store change machine gummed up again,1
officemates unwittingly spend entire workday talking to each other on grindr,1
ted cruz boldly declares nation not deserving of better candidate,1
exhausted sweatshop worker just has to laugh after sewing fingers together,1
cool 'cybergranny' needs machines to help her live,1
secret service not sure if that suit of armor was in oval office yesterday,1
celebrating christmas,0
west virginia teachers are making sure their students get fed while they're on strike,0
new domino's app allows customer to track pizza's movement through digestive system,1
lot of bold talk about making broth going around apartment,1
cheering crowd actually trying to get attention of guy behind iron maiden,1
"scott bakula turns 43, newspaper reports",1
precious little voter needs to feel inspired by candidate,1
france-bound airliner grounded at amsterdam over threatening tweet,0
"area man's got a ton of shit on his mind right now, okay?",1
85 percent of u.s. cole slaw remains uneaten,1
joe biden berates white house over 'joke' about john mccain's health,0
bananas again sweep primates' choice awards,1
what it means to seize your youth,0
kkk member struggles to blame blacks for his hangover,1
jaden smith is all of us during kanye west's vmas speech,0
chicago is fighting climate change no matter what trump says,0
"university with 20,000 applicants to choose from somehow goes with caitlin",1
jealous god wants area man's '69 charger,1
jk rowling had a brilliant response to fan who said she 'can't see' dumbledore being gay,0
nation has heart set on last muffin,1
raid on nacho-supremacist compound uncovers guacamole-making materials,1
chained pen yearns to visit rest of bank,1
"local neurotic to undergo invasive 32,000-hour-long therapy procedure",1
jefferson starship memorial reopens on national mall,1
donald trump: pulse attack 'wouldn't have happened' if 1 person had been armed,0
pervert on subway won't stop staring at masturbator,1
4 surprising reasons why preschool and kindergarten must change,0
conservation program helps struggling rhinos adapt to modern ecosystem by retraining them as urban scavengers,1
"no matter what happens in the gop primary, a lot of republicans won't be happy",0
alabama quietly strikes bo bice day from state calendar,1
entire blogosphere stunned by blogger's special weekend post,1
when autocorrect and sexting collide,0
self-destructing onion social algorithm delivers stirring monologue about folly of mankind's hubris,1
guy at bank has weird hair for guy who works at bank,1
"ny times columnist david brooks explores sin, virtue in new book",0
arresting portraits give voices to homeless people in america's poorest big city,0
new ad preys on people with 'ideas',1
russia needs turkey in the war on isis,0
face of jesus seen on miracle hippie,1
moviepass attempts to increase profitability by no longer mailing out free $500 a month to subscribers,1
ben higgins and lauren bushnell on the 'bachelor' buzzwords they never want to say again,0
this cafe makes it a point to hire workers with autism,0
man praying interviewer doesn't ask any questions,1
john ashcroft silences reporters with warning shot,1
this woman serves chicken to homeless.. wearing a funky chicken hat,0
"yes, men are still harassing people on the street. no, it's still not okay.",0
ewan mcgregor shuts down homophobic 'beauty and the beast' haters,0
leonardo dicaprio nervous about telling new girlfriend he a virgin,1
area woman worried she's forgetting what heath ledger looked like,1
america is globally shamed for its pathetic minimum wage,0
john kerry issues dire warning on israeli settlements ahead of pro-settlement donald trump entering office,0
library of congress adds 'no sleep 'til hammersmith' to national motörhead registry,1
new yorker accused of hate crime in attack on asian man while yelling 'white power',0
buyer of $450 million da vinci painting sort of assumed it would come with frame,1
oxycontin maker criticized for new 'it gets you high' campaign,1
britain plummets to lowest value in world since 1580s,1
neighborhood busybody reports sound of gunshots,1
hair dyed back to original color,1
surge soda is back! (and has already sold out once),0
lena waithe stuns at met gala as a queer superhero,0
"'gta v' a sophisticated gaming experience, says man who spent 3 hours running over homeless people with fire truck",1
6-year-old shits out half-assed hand turkey,1
i left a little of me at wounded knee,0
undertaker's last few embalmings before summer vacation always a little sloppy,1
"my grandmother taught me to love mississippi, but our state flag represents hate",0
ted cruz asks central park hansom cab driver how much it costs to whip horse for an hour,1
'jessica jones' uses superheroes to expose the terror of domestic abuse,0
biden's burden: loss pays another visit,0
wild truck water-bead stunt ends with child endangerment charge,0
report: afghan mineral deposits could completely revolutionize nation's system of corruption,1
scientists theorize what earliest dinosaur researchers may have looked like,1
'girls' producers lena dunham and jenni konner have a new show in the works,0
blogger praises k-beauty while calling asians 'ching chongs' in 'funny clothes',0
the christian sideshow in acts of terror,0
crowd outside white house hoping to catch glimpse of president naked,1
"mystery freshman dominates ice breakers, disappears into night",1
great-grandmother actually not that great,1
is fatherhood in cheyenne jackson's future?,0
bashar al-assad introduces syrian bike-sharing program,1
family requests privacy during this unbelievably awesome time,1
self-defense instructor keeps a couple of secrets to himself,1
man who temporarily disables facebook account deems self 'off the grid',1
dixie donates $5 million in clean drinking cups to drought-ravaged southern africa,1
watch: how belgium became a hotbed for terrorism,0
couple reunited with wedding ring lost in hawaii thanks to gps coordinates,0
india holds 5k stampede for charity,1
mass e-mail only has four recipients,1
"new photo shows pluto's 'heart' actually a vast, frozen wasteland",0
john oliver: nratv is like a 'deranged letter from a serial killer',0
stuffed gorilla only into you for your shelf,1
why donald trump may be good for america,0
"hillary clinton reveals zero in non-candid, tell-nothing interview",1
4-year search for missing malaysia airlines jet to end next week,0
report: everything you've ever wanted has been right in front of you all along,1
beyoncé met the final five and all of our dreams came true,0
death results in great deal of paperwork,1
new hampshire legislature passes bill naming fentanyl state opiate,1
'the bold type' creator on tackling sexual assault in the show's hopeful finale,0
pharmaceutical rep assures doctor he personally tries every drug he promotes,1
9 lovely thoughts that will brighten your day,0
bassist has little riff ready to go in case frontman goes around introducing everyone,1
whales beach selves in attempt to purchase 'the onion book of known knowledge',1
miss america called before u.n. council for not promoting enough world peace,1
hope solo says ex-fifa president sepp blatter groped her,0
"grizzly bear sprained paw while mauling hunter, reports ranger",1
"for the first time, ferguson has a majority black city council",0
"defense needs to be more physical, reports man slumped on couch for past 5 hours",1
ape's tits incredible,1
"frustrated rahm emanuel torn between addressing chicago's shootings, just fucking going for nation's murder capital",1
from walls to wheels: driving art in high gear,0
weird debate viewer using tonight to inform herself about candidates' policy stances,1
jay leno reconsiders retirement after georgia woman sets boyfriend's crotch on fire,1
miley cyrus probably made less than the 'hannah montana' co-stars you can't even name,0
dozens of black-rubber-clad masochists line up outside capitol for paul ryan's job,1
fcc assures nation their favorite verizon websites won't be affected by net neutrality repeal,1
man cites nature as inspiration for random cruelty,1
stupid 16-year-old completely wasting adderall prescription on mental health,1
what not to feed your dog under the thanksgiving table,0
trump-loving man throws tantrum at black starbucks employee over coffee,0
canoe found after hurricane irma eyed as piece of florida history,0
huffpollster: republicans are feeling a lot better about their party post-election,0
the top 10 workout songs for february,0
sophie larios' gps guide for a solid night's sleep,0
is your relationship unhealthy? 2 questions to ask,0
report: 65% of all wildlife now used as homosexual subculture signifier,1
coffee shop customer asks if guy at next table would mind watching while he goes to bathroom,1
this call may be monitored for quality control,0
lofty ambitions to shovel entire width of driveway scaled back to only shoveling thin path for car,1
dad from 2150 can't get enough iraq war documentaries,1
'lethal weapon' reportedly considering re-casting co-lead due to 'emotional abuse',0
energy sector and epa nominee: oklahoma strong,0
nostalgic hope hicks barely recognizes young woman on white house id badge,1
sparrow thinks it might have caught bird flu after puking seeds all morning,1
petition to censure trump gains momentum,0
mayor apologizes for citing wwii japanese internment camps in rejecting refugees,0
vatican county fair sets record for world's largest communion wafer,1
west bank rioting shatters 45 minutes of middle east peace,1
entire facebook staff laughs as man tightens privacy settings,1
county fair judges blown away by heifer,1
educated bigot that much more terrifying,1
gop warns refugees likely to be driven to terrorism by way america would treat them,1
parents floored by stranger's kind act following their toddler's tantrum,0
pope cleans up dead angel who flew into sistine chapel window,1
world's best dad has world's worst arteries,1
survival myths that could actually kill you,0
desperate chives marketing board launches 'big bowl o' chives in the mornin'' campaign,1
it's the horrifying tale of the drunk girl who won't stop partying,0
u.s. claims drone was minding own business on its way to church when iran attacked it out of nowhere,1
nation on edge as court votes whether to legalize gay marriage now or in a few years,1
dining out in dallas by john mariani,0
nation to wait for more facts on texas shooting before doing absolutely nothing about it,1
"corporate america's staggering sexism, in 1 chart",0
colton dixon on what it was like to be an extra in 'hannah montana: the movie',0
"we looked at airlines and pet incidents, and what we found surprised everyone",0
there's now a martial art specifically for selfie stick users,0
bored assistant principal browses through confiscated items,1
women share stories of sexual assault to show trump what rape culture looks like,0
chrissy teigen gives the middle finger to her pregnancy critics,0
senior center restocks on rum raisin ice cream,1
drunk man incites panic after jumping on bar and praising allah: police,0
starbucks offering new lukewarm coffee to help ease customers' transition from iced to hot,1
read the latest updates on the senate health care vote,0
steve nash responds to injury critics with emotional letter,0
roommate dancing while he thinks no one's watching is amazing,0
anthropomorphologists find earliest known evidence of banana walking upright,1
dog born with odds stacked against her found just the parents she needed,0
"nc voters beware: ""libertarian"" sean haugh a phony",0
meryl streep and mark ruffalo sitting in a tree ...,0
clinton hurls feces at detractors,1
sounds of air hockey coming from supreme court chambers,1
personals ad omits goiter,1
study finds harshly criticizing u.s. education system only causing it to fall further behind peers,1
these images show what an impeachment looked like 150 years ago,0
patton oswalt brings late wife's newly published book to her grave,0
let's change the conversation from climate change to 'shared benefits',0
mike pence struggling to reckon with vision of prophet muhammad revealing that vp destined to become next president,1
"bounty, brawny ceos wearing down patience of mutual friend",1
how to reduce barriers to better lgbtq healthcare,0
registered sex offender allegedly caught working as petco santa claus,0
13.5 million americans tune in to watch animal planet's 'puppy parley' during dnc debate halftime show,1
law enforcement questions why alton sterling was even black in the first place,1
microlender forecloses on goat,1
obama's fifth gulf coast visit really helps a lot,1
thank-you note passive-aggressive,1
lady gaga belts out the national anthem at super bowl 50,0
bryan singer asks judge to dismiss sex abuse lawsuit,0
corporation surprised to see its tax money circle back around to it so soon,1
fugitive caretakers allegedly steal wwii veteran's life savings,0
"after 10 years, here's why i'm over online dating",0
trump boys defend sending saudi arabia plans for cool missile on personal etch a sketch,1
unmanned military drone briefly grasps senselessness of war,1
democrats score special election upset in wisconsin gop stronghold,0
"transgender heroes, yes!",0
new antidepressant makes friends' problems seem worse,1
'watermelon capital of world' claim goes unchallenged,1
how racism reared its ugly head after #missuniverse2015,0
south korean president meets north korea's kim jong un to talk trump summit,0
man was himself for 27 minutes today,1
cbs sitcoms under fire for using prison laughter,1
dear new mama: you can do this,0
report: more americans putting off retirement until final few moments before death,1
sad men nap sadly in this hilarious instagram account,0
ferguson lawmakers approve deal to curb abusive policing,0
dear president trump: breaking up banks isn't so hard to do,0
julie andrews: i've 'just always' been an lgbtq ally,0
convenience store employee given generous holiday bonus shift,1
john kerry attempts to bully codepink into silence,0
vagina medicine left out where anyone can see it,1
scientists reveal the secret key to charisma,0
"burkina faso, french troops end deadly hotel siege claimed by al qaeda group",0
mexican economic minister prepared 'to talk to the devil' if trump wins,0
new jersey supreme court rules the bastard had it coming,1
gunman opens fire in own mcdonald's,1
someone edited 'the last jedi' to make a 'chauvinist cut' without women,0
saudis snub obama on riyadh arrival amid growing tensions,0
low-budget film panders just as shamelessly as big studio feature,1
are there tears in your popcorn? what to learn from the fault in our stars,0
friday talking points -- games the whole family can play,0
"hawaii's politics: surf, aloha aina, and dustin barca",0
millions of holiday travelers return from parents' homes all caught up on 'the mentalist',1
of course jesus is black: 'that s**t doesn't happen to white people',0
astronomers make incredible discovery,0
14 reasons why pharrell williams is definitely a fashion icon,0
astoria characters: the charity stager,0
video gamer in movie going for the high score,1
cbs picks up nbc nightly news,1
the role dreams play in our daily lives,0
heartbreaking video shows starving polar bear on warming canadian island,0
family cell-phone plan area family's closest bond,1
hardened snacker keeps trying to rediscover that first mind-blowing nacho cheese high,1
"army vet accused of murder came to nyc to kill black men, cops say",0
commercial blasted for product placement,1
mark zuckerberg promises that misuse of facebook user data will happen again and again,1
perverted creep keeps asking women what they're wearing,1
receiving thanks,0
one pot wonders: 7 delicious dinners without the mess,0
study: 90% of all meowing comes from owners trying to get cats to meow back,1
soda nearing room temperature,1
"the equality house hit by 7 bullets, graffitied in anti-lgbtq attack",0
how to connect with others,0
encouraging the discouraged reader,0
sexism in the kitchen,0
travel channel blows its 'bed and breakfasts of new england' wad,1
'juno' writer says it's definitely not an 'anti-choice movie',0
the judge stands in shock when he sees who's singing on stage... wow!,0
natalie allen's gps guide for expressing gratitude before bed,0
call the united incident what it is: police violence,0
indian country all too familiar with rachel dolezals of the world,0
university of tulsa off the hook in sexual assault lawsuit,0
only positive statistic of year announced,1
democratic election sweep may complicate gop push for tax reform,0
fda warns another company about unapproved consumer genetic tests,0
aides concerned trump's mental health declining after president admits he may not be omnipotent living god,1
is moderation just an excuse to eat crap?,0
importance of cultural exchange with russia during political frost,0
artists are drawing the faces of marginalized people in an effort to spread love,0
home.  where's that?,0
coworkers nationwide embrace tearfully after painful 3-day separation,1
obama finally reveals nature of his work to daughters,1
time-warner ceo announces plans to merge with secretary,1
explosive report says usa swimming covered up hundreds of sexual abuse cases,0
"after dark: meet kenny kenny, visual poet and nightlife icon",0
childhood friend stops writing after two e-mails,1
gop leaders celebrate passing point of no return,1
greenspan just repeating detractors' criticisms in high-pitched girly voice,1
man looks on helplessly as friend tells him story he's already heard,1
popsicle reintroduces beloved 'plain' flavor,1
"20 years after big tobacco, is it time for 'big pain'?",0
meek coworker taken down a notch,1
"onion social ceo promises algorithm will now automatically label racist, sexist content as 'debatable'",1
celebrate older americans month by fighting senior poverty,0
eagle_warrior_1776 horrified to discover its entire life a sham created by russians to tilt u.s. election,1
a life with ocd,0
pope francis spends weekend installing stained glass storm windows in st. peter's basilica,1
pope condemns islamic state terrorism in christmas message,0
visiting chinese pm presents obama with 'the expendables' on dvd,1
innovative fat man combines waffles with ice cream,1
a frequent flighter's tips for drinking wine responsibly,0
food hacks for the best tailgate ever,0
a lancet breakthrough: publishing about faith and health,0
u.s. falls short of success,1
"attorney, client privileged",1
joel siegel 'absolutely loved' dream he had last night,1
e. coli ready to treat itself to some beef after weeks of nothing but salad,1
obama to create 17 new jobs by resigning and finally opening that restaurant,1
members of twisted sister now willing to take it,1
area man guesses he'll learn the difference between shiites and sunnis,1
man swells with shame after entering zip code into girl scout cookie locator,1
ferguson pool supply store overestimating how badly looters want chlorine tablets,1
man with 20 rifles can't remember if his goal to start or stop violent overthrow of government,1
i'm the same person - being gay and loving god,0
"the prophet of ""jordan's mists""",0
david bernhardt denies business interests influenced yellowstone's name change to frito lay presents doritos flamin' hot nacho national park,1
new co-op airline offers cheaper fares if you help fly the plane,1
activist puts two vampire bats in his mouth ... because?,0
trump to move u.s. embassy in israel to jerusalem. here's why that matters.,0
detective endangers own life by looking forward to upcoming retirement,1
bullying prevention: the power of empathy,0
report: nearby conversation definitely just got quiet to prevent you from hearing it,1
a trove of 'lost and found' photos reveal one mystery couple's beautiful life,0
donald trump says he'll do interview with univision's jorge ramos,0
person cropped out of match.com picture clearly buzz lightyear,1
justify wakes up next to decapitated head of prized jockey after refusing to throw triple crown,1
hilary swank and brother goof on wine tasters in hilarious prank,0
10 tips for balancing work and home,0
iraqi catholic bishop still has vivid memories of mosul's fall,0
adjunct professor hoping some student leaves behind warm pair of gloves today,1
outline of inhaler clearly visible in comic-con attendee's lycra bodysuit,1
businesses training to be alzheimer's friendly,0
hypothetical multi-ethnic customer base smiles down from hmo billboard,1
man's eyes glaze over whenever politician starts threatening to plunge him into serf-like subjugation,1
local man pushed well within limits of human endurance,1
mumford and sons can't believe they all got each other mandolins for christmas,1
gop picks paul ryan for house speaker,0
guidance counselor reminds self-mutilating drug user about sat deadlines,1
glimpse of gene shalit on tv reminds woman it's time for bikini wax,1
this activist group is giving trump the wall he actually deserves,0
nation's grandmothers swept up in textile-messaging craze,1
transgender inmates to be integrated according to identity in san francisco,0
pope wraps up south american tour with visit to banado norte slum,0
medicalert bracelet iced out,1
health care coverage is not enough. we need delivery system reform.,0
abc announces ellen will come out in every episode,1
seventh-graders still undecided on disparaging name for mr. hyslop,1
how peter thiel's gawker battle could open a war against the press,0
#dirtydenier$ day 9: congressman john kline,0
barcelona holds huge protest in support of refugees,0
how to get researchers to notice an ultra-rare disease,0
security guards chase naked usa fan around white house,1
processing the facts: what will ferguson's legacy be?,0
a good news story about 'imperfect' pregnancy,0
a guide to how much butter is in your favorite baked goods,0
study finds newborn infants can tell if parents are losers,1
trumpet player wishes someone would sound horns for him when he entered castle gates for once,1
brave woman enters restaurant without first looking it up online,1
cnn taunts trump and the gop with 'schoolhouse rock',0
movie works out exactly as audience hoped,1
sierra club withdraws support of controversial fern,1
fictional books within books we wish were real,0
naked man mingles freely in locker room,1
individuals unaware they constitute area man's support network,1
syrian kurds say bashar assad is thwarting humanitarian aid to their region,0
climate change denier battens down worldview to weather hurricane irma,1
citizens to vote on young or old reagan for $15 bill,1
"""sing"" is an optimistic song to the world",0
cop who shot unarmed black man let off with a promotion,1
couple discovers shop that sells cakes,1
"chef josé andrés prepares 40,000 thanksgiving meals in puerto rico",0
lapd officer who killed ezell ford had arrested him 6 years before,0
meghan markle's jeweler is making sure her engagement ring stays one of a kind,0
beverly whipple: unsung hero of women's rights,0
ethan hawke's body found dumped in laurel canyon as 2019 oscar race heats up,1
john hickenlooper announces support for nuking australia just to see if anyone paying attention,1
suicide bombing: can parents spot the warning signs?,1
donald trump slams virginia gop for instituting loyalty pledge,0
iraq: be careful how you mess with the sunni world,0
foreman whips up special batch of concrete for favorite customer,1
"man dies after telling police who chased him 'i can't breathe,' sources say",0
child's description of heaven during near-death experience specifically mentions book deal,1
4th grader panics upon realizing classmate giving presentation had exact same summer as he did,1
man accused of keeping woman in crate killed by cops,0
"teary-eyed student loan officers proudly watch as $200,000 asset graduates from college",1
jeb bush: i embrace carbon reduction,0
new documentary focuses on life of eva braun's late husband,1
food insecurity and inactivity are driving the obesity epidemic,0
oscar countdown 2002 begins,1
no one in prison sure how jared fogle still eating subway every meal,1
ted cruz-john kasich pact gets off to a bad start,0
area man's knee making weird sound,1
half of hollywood test group screened placebo film,1
"this artist is tackling 'toxic, fragile' masculinity in a colorful way",0
new study finds solving every single personal problem reduces anxiety,1
africa is inspiring these chinese transplants to reflect on their culture,0
clinton tosses unpledged superdelegate in trunk of car,1
moderator explains that gop will have 2 minutes after every trump response to distance selves from candidate,1
nurses ignore hospital regulations to grant dying man his final wish,0
"a u.s. cyclist made sure she won gold, then collapsed to the ground",0
"dreary, passionless couple believes your soulmate out there too",1
andrew mccabe spending few days as congressional bathroom attendant to satisfy pension requirements,1
bernie sanders predicts he'll pull off 'one of the great political upsets' in history,0
boston teachers visit students' countries of origin to bridge cultural divide,0
song and dance for leprosy education,0
"egg lobbyists targeted bloggers, media to fight vegan startup",0
tv commercial for beverage features woefully reckless pouring technique,1
samantha bee reacts to orlando massacre with powerful gun control message,0
woman plunges 6 feet down open new jersey cellar,0
orlando foundation releases preview art of interim pulse memorial,0
dad way scarier when controlling temper,1
here's even more evidence trump is lying about massive voter fraud,0
ben carson tormented by periodic rational thoughts,1
dennis miller deeply concerned about long-distance service,1
advisors instruct william barr to avoid referring to trump as 'my liege' during confirmation hearing,1
economy given big boost by ramadan shopping season,1
belgian princess damages prime minister's hearing in starter gun incident,0
young girl draws the horror she witnessed in nice attack,0
jessica alba saving money for when audience turns on her,1
researchers publish list of ways animals can help fight climate change,1
tinder announces app will no longer match users solely with distant relatives,1
man annoyed by travel plaza's abridged pizza hut menu,1
the hollywood boys' club that supports casey affleck is a total disgrace,0
nation's cable companies announce they're just going to take $100 from everyone,1
u.s. consumers announce plan to get one of those,1
asian immigrants becoming us citizens at high rate,0
hundreds of goats invade berkeley,0
"protagonist rapidly getting dressed must be late, reports cunning viewer recognizing film's subtext",1
this adulting thing is hard,0
10 (more) gorgeous colorized photos that put history in a new light,0
obama requests $3.7 billion to deal with border crisis,0
"anticipating clashes with trump, california puts eric holder on retainer",0
"as lebanon, jordan, tunisia end 'marry-your-rapist' laws, where next?",0
double amputee proves he is capable of anything,1
cc sabathia opens up for first time since entering rehab,0
woman in ninth year of letting boyfriend down easy,1
wonder woman save us all,0
republican establishment quietly relieved party no longer their responsibility,1
6 things to look for in your next home,0
steven spielberg recalls coming to blows with e.t. on film set,1
ceo has female sex organs,1
a manners lesson for donald trump about the stars and stripes,0
lightning strikes at german music festival injures scores,0
man surprised to learn high school classmate became completely different type of fuckup,1
people apparently been using rest stop barbecue pit,1
leno to tell outrageous o.j. joke,1
videos of chicago police shooting of cedrick chatman released,0
friends regret encouraging man to say what's on his mind,1
5 states to decide whether to legalize marijuana or continue honoring god,1
a knicks' fan's open letter to santa,0
bruno mars takes home coveted 'least threatening artist' award at 2018 grammys,1
"woman jumps into suv and stabs denver fire chief, police say",0
"rest assured, amy schumer and jennifer lawrence still hang out",0
dog meets owner at door in desperate attempt to get ahead of diarrhea-rug scandal,1
comedy central to air touching man show reunion,1
taylor swift unveils even darker persona with new single 'skullfucking maggot shit boyfriend',1
mom tucks handwritten guide on how to use netflix into kitchen drawer,1
why terrorists attack us,0
philip roth obituary just thinly disguised version of author's life,1
the magical dolphins of slovenia,0
style replaces substance,1
"i'm a republican, but this isn't the tax reform our country needs",0
detroit-area residents demand clean air,0
the unsolved tupac and notorious b.i.g. murders to be the focus of new true crime series,0
the senate and the house begin their debt limit dance,0
3 tips for improving the productivity of your sales team,0
"boy scout officials: 'we believe all children, regardless of gender, deserve the opportunity to one day die alone in the woods'",1
obama to impose major new regulations on offshore drilling,0
"relationship reaches point where breaking up, getting married would be equally huge hassle",1
livid jimmy kimmel turns up the heat on sen. bill cassidy for second night,0
study: not being an asshole boss may boost employee morale,1
frat nutritionists dare americans to swallow more live goldfish,1
public theology and taylor swift,0
congress adds 'all your base are belong to us' amendment to bankruptcy bill,1
area woman's hair always wet,1
510 chuck e. cheese tickets blown in grape-soda induced frenzy,1
"area woman not a morning, afternoon, or night person",1
schwarzenegger admits to affair with predator costume,1
boston globe offers 'spotlight' fellowship to fund investigations,0
wwi liturgy will atone for outbreak of 'the great war',0
"'arby's has been putting more onion bits on their buns,' reports man sinking into heavy depression",1
friend who not into dogfighting really ruining match for everyone else,1
area man unable to believe the savings,1
"man snaps selfie with a python. the snake snapped back, unsurprisingly.",0
fourth of july ice-cream cake,0
"trump praises veterans, hits media at kennedy center event",0
"women in business q&a: alana, juliette and nicole feld, feld entertainment",0
pyramid scheme 'not a pyramid scheme',1
"what's wrong with this picture? for u.s. fight against isis, everything",0
"as scott pruitt flies first class, epa barely gets off the ground",0
report: nation getting out all its aggression during monthly calls to wireless provider to fix service,1
"area man could have sworn randy newman sang welcome back, kotter theme",1
nation demands more slow-motion footage of syrup cascading onto pancakes,1
sniper school gets to have class on roof today,1
el evo ya no es pueblo,0
fat guy mistakenly thought of as strong,1
shake shack celebrates the return of 'will & grace' in sweet (and boozy) way,0
the time i came out to my grandmother and she didn't die,0
old refrigerator unable to control when it releases water anymore,1
weird al's 'lame claim to fame' mocks celebrity obsession,0
'the adventures of young hillary' is what america needs right now,0
hotels with height: the world's ten best treetop stays,0
david lee roth might as well jump,1
meeting jon snow irl is apparently like seeing the 'mona lisa' for the first time,0
"'god fucking dammit, you're a stupid fucking moron,' whispers woman who realizes she missed ice dancing",1
for that parent who's not the sharpest crayon in the box: a poem,0
7 seattle themed filters to live by © michelle moore,0
the single greatest threat to our national security is donald trump,0
excited mike pence assures john mccain he has his 'last rites' kit ready to go just in case,1
mcdonald's unveils new senior citizen playplace,1
5 disturbing statements by the cop who shot philando castile,0
neurosurgeon heckled from observation deck,1
"julianne moore on 'freeheld,' marriage equality and ellen page's 'extraordinary' coming out",0
trivial pursuit game reveals man lacks knowledge of basic social skills,1
nancy pelosi: donald trump cannot be 'casually loose-lipped',0
syrian army helicopter crashes; crew captured by rebels,0
cdc announces americans should make plans to say goodbye to loved ones,1
'strange looking' pup finds the perfect family,0
exhausted john kelly parks president in front of episode of 'tucker carlson' to get quick hour to himself,1
"congress may resurrect earmarks. in some states, they never went away",0
lindsey graham warns trump: firing mueller would be 'beginning of the end',0
memories of sand and sea: gush katif residents mark 10 years to disengagement,0
"mentally ill man not in mood to gun down strangers, but glad to know that option there if needed",1
friday's morning email: here's how trump is undermining obamacare,0
dirty slush machine provides children in florida taste of winter,1
eminem horrified upon being informed that 'faggot' actually a harmful gay slur,1
the one coworker every employee needs,0
nation's movie theaters bracing for 'hansel and gretel' being perhaps the biggest hit of all time,1
pope francis crushes small demon crawling across papal apartment floor,1
that same guy with the glasses at every rock show,1
inspired man bolts out of bed at 3 a.m. to jot down great new worry,1
thirtysomething scientists unveil doomsday clock of hair loss,1
young girl provides home for stray bullet,1
guidance counselor prefaces sat results by talking about test's flaws,1
quinoa black bean burger: layers of flavor and packed with protein,0
"donald trump promised ten of these things, guess which one he actually did",0
jill soloway has a simple fix for ending hollywood sexism,0
yelp employee fired after public post to ceo saying she can't afford food,0
philip morris ceo forces senator to dance for his amusement,1
a feminist meets fidel castro,0
america thinks donald trump's debate performance was a catastrophe,0
taraji p. henson reacts to first family's thoughts on 'empire',0
local woman dies of lost cell phone,1
woman enters miss universe malaysia after finding beauty in her head-to-toe moles,0
"in u.s. visit, theresa may calls on trump to stand united",0
eight million americans rescued from poverty with redefinition of term,1
move to houseboat regretted by third day,1
adult film star accuses t.j. miller and jordan vogt-roberts of harassment,0
the false divide between digital vs. traditional media,0
reproductive health and rights in an age of inequality,0
mc serch updates list of gas-face recipients,1
learn how to troll trump so hard that he blocks you in this masterclass parody,0
tv in l.a. bar switched over to 'american dad' rerun without complaint,1
shocking biblical study reveals methushael did not beget lamech,1
anti-donald trump forces gear up for third-party challenge,0
"girlfriend's birthday weekend a nightmarish, labyrinthian journey through her darkest, most depraved desires",1
rare autographed portrait of jesus purchased at estate sale,1
obama returns from paris climate talks with couple energy-efficient light bulbs,1
an education revolution in one word,0
'civic eagle' app wants to bring americans face to face in online debate,0
tucker carlson spends entire show screaming over child bride he invited on to debate him,1
these simple facebook shortcuts will save you time,0
20-something thinking about maybe doing something funny with his facial hair,1
creature that craps in box too fancy for dry food,1
bruno mars reportedly offered halftime spot for super bowl 50,0
dance-club bathroom left out of gay couple's meeting story,1
coast guard going to let stranded yacht owner sweat it out little more,1
americans pool together $945.23 to counteract corporate money's influence in politics,1
dance cage recidivism rates at all-time high within american club scene,1
going to bed last thing tempurpedic ceo wants to think about after long day at work,1
8 life lessons you can learn from bruce springsteen,0
"cowboys and indians, yes.  indians and occupiers?  let's think about that",0
this is the most unexpected rumor of the day,0
anchor ad-libs news with 97 percent accuracy,1
south carolina ex-policeman's murder trial opens with jury selection,0
report: kimora lee is pregnant,0
area mom: 'i finally learned computers',1
new viacom ad tells employees to get back to work,1
saltless pretzel hangs alone in bulb-heated rack,1
nation surprised to realize it wants more john travolta,1
constrictive dress severs rachel mcadams at waist,1
why i'm attending the cop21 climate talks as an educator,0
coffee stain on shirt not as big a deal this morning,1
sports de-emphasized,1
"the public still can't see the eric garner grand jury records, court rules",0
"census bureau: 9,000 to 15,000 people work at census bureau",1
several injured by accidental gunfire at waldorf astoria wedding party,0
eggs good for you this week,1
"how to apply lipstick, even if you're a total spaz",0
savvy man registers 'sleepy romney' twitter account just in case candidate looks tired,1
"boy, 2, makes basketball free throws from a balcony like a boss",0
woman injured in hostile makeover,1
barbra streisand to take rare public dump,1
last living tamagotchi dies in captivity,1
hasbro pledges additional 30 marbles for hippo-hunger relief,1
breaking up with god,0
unprecedented opportunities: online learning explosion empowers gendiy,0
sheepish secret service agent can't explain how vacuum cleaner salesman got into oval office,1
you can score free mcdonald's when you buy a taco bell breakfast,0
surgeon general warns teens cinnamon challenge is not for pussies,1
fidelity matches some ira contributions,0
"trump team is mulling muslim registry and planning border wall, reported adviser says",0
hpps social shares - test 2,0
is area man going to finish those fries?,1
"on this week's cheap celeb finds, kylie jenner wears a $40 bikini top",0
here's a preview of what obama will say in the state of the union,0
first-grader given sticker for behavior during lockdown drill,1
"dear baby boomers, step aside",0
man feeling pressure to live up to conversation between barber and customer in next chair,1
watch: 'trash-talking' dogs prove their bark is worse than their bite,0
prego marketing new marinara as 'the premiere sauce for the #metoo moment',1
trump's moment of truth is coming,0
report: fax machines still pretty impressive if you think about it,1
donald trump's obsession with the polls has made it rough for some pollsters,0
"if you don't vote, you get what you deserve",0
9/11 health program now officially on borrowed time,0
unemployed man photoshops self into former company's staff photo,1
the strange tale of a former putin favorite's fall from grace,0
kristen bell shared a hilarious story about pumping while working,0
consumers now required to seek treasury department approval on all purchases over $50,1
the presidential cookie poll let us down this year,0
three stylish ways to wear one puffer vest,0
the secret behind a one day project going viral,0
crowd of voters cheers patronizing rhetoric,1
world wildlife fund announces new breeding program to create way more squirrels than necessary,1
an invitation to do something about the environment,0
back-to-back broadcasts of 'big' happening on tbs apparently unrelated to death of penny marshall,1
widower finds pic of wife in wedding dress he never got to see her wear,0
lone gunman enters crowded restaurant,1
woman probably just made up rape story in order to get threatening emails,1
mcdonald's prints calorie count right onto meat,1
kid figures he'll go down slide 35 more times then call it a day,1
bacon-scented undies mean all your panty problems are cured,0
light from a black hole seen with a telescope for the first time,0
chance the rapper teams up with naacp for #staywokeandvote campaign,0
harmony in tragedy: palestinian and israeli teens write a song together,0
u.s. capitol cleaning turns up long-lost constitution,1
stealth trans houdini in the men's locker room,0
nutter butters 'ruined forever' for nutter butter factory worker,1
jane fonda: celebrities must still speak out against 'predator-in-chief' donald trump,0
secret santa seems to think you a big 'laverne & shirley' fan,1
afghan warlord not sure which side he feels like helping today,1
faith healer loses patient during routine miracle,1
ghost of carl sagan warns against dangers of superstition,1
beijing fire department extinguishes massive five-alarm burning cloud of smog,1
5 gorgeous home office ideas,0
hammering away at illegal immigration from central america,0
here's why the internet is convinced kylie jenner is having a baby boy,0
mutual selection process,0
area doctor: 'mylanta',1
crowd shocked after unhinged trump dangles baby from truman balcony,1
"for a first-time marathoner, there's strength in numbers",0
the leftovers recap: did they really do it? in 'cairo',0
actor tom sizemore denies groping 11-year-old in 2003,0
deutsche bank begins removing possessions from white house after trump defaults on loan,1
second nintendo controller sits unused,1
man at point where thought of reince priebus controlling white house pretty comforting,1
sweatshop laborer's child loves her irregular finding nemo sweatshirt,1
how 'to wong foo' paved the way for the 'drag race' phenomenon,0
dear critical white scholar and colleague:,0
nervous maid of honor just stringing together random maya angelou quotes,1
man charged in disappearance of north carolina toddler,0
area man croatian?,1
justin trudeau unveils plan to meet healthcare needs of canada's aging prog rockers,1
man runs into ex-wife while wearing sandwich board,1
dodd-frank at four,0
beach boys confirm they're considering playing trump's inauguration,0
jerked around after all these years,0
this craigslist missed connection is delightfully feminist,0
jeff bridges seated directly behind support column at golden globes,1
rachel maddow blasts benghazi committee as a 'hilarious partisan joke',0
deceased souls backed up at river styx ferry crossing during underworld transit strike,1
alabama education official warns of 'homosexualist' common core takeover,0
manufacturers struggle to turn data into insight,0
"brandy norwood: 'i stopped believing in god, lost my faith... i was depressed'",0
nation's sexual degenerates impatient for gay marriage slippery slope to kick in,1
kittens recovering after photographer rescued them from brush fire,0
cdc issues warning of full-blown epidemic of the blahs,1
"new wes anderson film features deadpan delivery, meticulous art direction, characters with father issues",1
fifth-grader writes 'mrs. alan greenspan' all over her notebook,1
milosevic dreams he's slaughtering ethnic albanians in his underwear,1
"government bails  out dow jones with 10,000 points",1
let this daft captain convince you to take a boat instead of a plane,0
louvre curators hurry to display ugly van gogh donor gave them before surprise visit,1
student constructs wedding dress out of divorce papers,0
i quit spying on my teenager and learned why i didn't need to,0
"wedding of jew, muslim draws protesters shouting 'death to arabs'",0
national front leader: france must 'annihilate' islamist radicals,0
britney and her sons cover people magazine,0
want to become a travel 'hacker'? read this first.,0
bobby jindal vows to return america to time when he was rising republican star,1
lobbying spending hits historic lows,0
sea lion rescued from santa barbara oil spill dies at seaworld,0
gop promotes carly fiorina to male candidate after strong debate showing,1
decision to ask out girl made using 10-sided die,1
nine rules for effective online content,0
this new orange era: the growing divide,0
area man participates in 21st-century cashless economy,1
"my mother hated tattoos, so naturally i got one for her",0
stresses of white house causing bo to go prematurely gray,1
senator's myspace top 8 all corporations,1
trump uses rnc funds to pay for his russia defense -- thanks to hillary clinton's lawyer,0
watch: brandy sings on the subway and nobody seems to notice,0
national illusions and global realities,0
"far, far away in a galaxy, there's lots of room for #starwarschristmascarols",0
jimmy fallon gets heartfelt after revealing he almost lost his finger,0
wapo releases first photos of jason rezaian reunited with family,0
old photographs reveal grandmother never that attractive,1
mike pence training for vice presidential debate by hitting punching bag with climate change study taped on front,1
bruce vilanch sodomized by homosexual,1
woman constantly treating herself for once,1
"trump suffering horrible indigestion after eating fresh, well-prepared state dinner meal",1
trio of cutups attempts to hide horse from landlord,1
we must increase food aid during time of famine,0
pepsi ceo's wife buys coke when she's mad at him,1
cinzano poster brings touch of class to shithole,1
9-year-old reporter told to just be 'cute' has landed a book deal,0
'draft biden' super pac releases first ad,0
"paul ryan smiles, thumbs up way through question about specificity of tax plan",1
almost no one noticing officials doing corrupt thing,1
clinton takes stand against harmful uv radiation,1
preschooler asks to borrow classmate's notes on shapes,1
"infomercial host skeptical at first, then delighted by product",1
unclear what coworker with banana on desk all day waiting for,1
verizon to bid $3 billion for yahoo's web assets: wsj,0
kurt angle in royal rumble? seth rollins teases huge wwe debut! | wrestletalk news jan. 2017,0
how have fame and fortune shaped the business of being an artist?,0
child soldier promoted to child private 1st class,1
queen elizabeth frantically trying to preserve european alliances by arranging great-grandchildren's marriages,1
the very nonsensical trump budget proposal,0
catholic church rules perjury not a mortal sin,1
trump accidentally records over comey meeting tape with idea for candy hotel,1
america's least common jobs,0
"greece's rock portrait gallery, from craggy ogres to de gaulle's nose: suspended in mid-air on the looney front, part ii",0
ohio state uses t-shirt blaster to pass out diplomas,1
"darius rucker cries for the love of the gamecocks, who reach final four",0
knicks front office scrambling after zion williamson drafted before 3rd pick,1
investors stake out greenspan's house for signs of rate increase,1
ceo spends 30 percent of earnings staying out of jail,1
"john mccain, czar hater, calls for ebola czar",0
media condemns julian assange for reckless exposure of how they could be spending their time,1
report suggests stalin was just one great purge away from creating communist utopia,1
u.s. to arab world: 'stop hating us or suffer the consequences',1
frigid chicago bean shrivels up from below-zero temperatures,1
"chuck e. cheese's announces new lower prices, but the restaurants will be dirtier",1
report: standing at work can increase coworkers' disdain up to 70%,1
kotex introduces new leak-proof brush-on vaginal sealant,1
the $400 juicero juicer is the funniest silicon valley fail in forever,0
girl scouts rocked by 'cookies for cash' fundraising scandal,1
debbie wasserman schultz faces tough primary without help from democratic campaign arm,0
obamacare repeal could be more difficult than house republicans think,0
audubon society revokes black-capped chickadee's membership after species fails to pay dues,1
west virginia revokes approval of mountain valley pipeline as legal terrain shifts,0
apparently werewolf was allergic to peanuts,1
world war ii hero cursed out for driving speed limit,1
area woman not good enough artist to justify eccentricities,1
baffled dnc plant roy moore not sure what else he could have done to defame republican party,1
ongoing chicanery with the gehry memorial,0
can a french friar end the 21st-century slave trade?,0
qatar gambles that labour reforms will satisfy critics,0
"'we'll be moving shortly,' says train conductor waiting for workers to remove dead body from tracks",1
i-90 adds lane for drivers traveling cross-country to stop woman from marrying wrong man,1
new rumsfeld scholarship awarded to student who demonstrates potential to ignore geopolitical consequences of armed invasion,1
christian prop comic wowing churches from coast to coast,1
5 ways to make your meetings more positive,0
man deeply suspicious after insurer covers prescription without hassle,1
"senate hopeful wants to woo black voters with 'kool aid, kfc and watermelons'",0
if hamster only knew what happened to last hamster,1
woman launches into 4-minute self-deprecating preamble before speaking mind,1
each line of mastercard billing statement evokes infuriating vacation memory,1
12 cards any newly single person would be happy to get in the mail,0
how black girls vote is getting young voters to the poll,0
donald glover did what any fan would do after being cast in 'solo',0
"life on the lake: ""the encounter""",0
adorable 23-year-old yelling about economic injustice must have just read howard zinn for first time,1
elevate your leadership in 2016,0
"donald trump finally attacks ted cruz, referencing his cuban heritage",0
man going to take edge off with decades-long slide into alcoholism,1
botanist holding up entire salad bar,1
audiobook narrator really going for broke with cajun accent,1
girl you could've slept with pretty successful now,1
nation delighted by rich ass who fires people,1
"nbc nabs trump interview, and msnbc plays it on seemingly infinite loop",0
at least 16 killed in deadly attack at ivory coast resort town,0
"happy new year, president trump: the hunt for silver linings",0
weekend roundup: victory in myanmar for democracy -- on a leash,0
the dangers of the comcast time warner merger,0
woman assures friend she has blackouts from drinking all the time,1
reddi wip canister used as directed,1
"best, most original idea man's ever had returns 114,000 google search results",1
constable serving eviction order kills 12-year-old girl,0
er doctor excitedly tells wife he got to use shock paddle thing today,1
7 things that separate average workers from rock stars,0
man points out town where he threw up,1
how the cleveland browns are helping to turn food waste into renewable energy,0
man humiliated by wi-fi's poor behavior in front of guests,1
jason momoa reveals he spent months becoming useless dumbass to get into character for 'aquaman',1
trump shifts to infrastructure as james comey prepares to testify,0
atheists sue pennsylvania house after being barred from giving opening invocations,0
weakling president asks imaginary man in sky to bless nation,1
"3 miami dolphins players kneel during anthem, reversing team policy",0
"chelsea manning: to those who kept me alive all these years, thank you",0
cops find doctors slain inside boston penthouse after shootout with suspect,0
'neo-nazi' teen charged with killing girlfriend's parents after they reported him,0
"with a little luck, trump and his cronies will disrupt their own plans",0
"catholic child told about doggy heaven, doggy hell",1
"the future of driving, in one provocative chart",0
clown looked a lot different in online profile photo,1
kendrick lamar won a pulitzer because 'damn.' is journalism,0
mexican man says 19-inch penis is destroying his life,0
sad 38-year-old googles 'jobs caring for baby animals',1
"trump: 'we will fight in afghanistan until victorious, or i change my mind, get distracted, look bad, or get bored'",1
sitcom resorts to wizard of oz-themed fantasy episode,1
how to raise kids who can 'love and be loved',0
drunk driver honored,1
ted cruz stuck in nosebleed seats at senate campaign rally,1
caitlyn jenner on bathing suits: 'don't know if i'm ready to expose myself',0
"report: holy shit, there still 50 minutes left in movie",1
cop vows to hunt down punk who successfully pressed brutality charges against his partner,1
man adds a few personalized tracks to standard new-girlfriend mix cd,1
why we should remember to treat every day like a special occasion,0
climatologists secure funding to breed glaciers in captivity,1
georgia gop demands stacey abrams step down as candidate to avoid conflict of interest,1
sunday night's supermoon was incredible — but deadly for these animals,0
why your friend doesn't experience stress the same way you do,0
report: election day most americans' only time in 2016 being in same room with person supporting other candidate,1
can tai chi and computer games treat your adhd?,0
"researchers find decline in facebook use could be directly linked to desire to be happy, fully functioning person",1
michael jackson estate questions why accusers only coming forward steadily since early 1990s,1
tsa agents to now simply stand at checkpoints and remind passengers that we all die someday,1
3 toddlers dredged from chuck e. cheese ball pit,1
baby-shower attendees quickly drain box of white zinfandel,1
witty remark repeated throughout week,1
californian falls to his death from cliff trying to rescue his dog,0
"lac megantic remembers canadian oil train disaster, one year later",0
laurie hernandez winked at the olympic judges and we all fell in love,0
man at bar has incredibly complicated reason for why he enjoys rolling rock,1
"for national coming out day, 150 lgbtq sports people who have come out in the last year",0
ice cube thrown into sink flies up side like skateboarder shredding half-pipe,1
nerd has most obscure crush ever,1
the missing link: moving beyond first-level solutions to women's leadership,0
actress jameela jamil gives men a lesson in how not to be like aziz ansari,0
resourceful man able to cobble together bad mood from handful of minor annoyances,1
here's a pro tip for katie couric before she does another documentary,0
why south sudan's leaders are fueling the implosion of their own country,0
'secret santa' disburses $100 bills in ferguson to help community heal,0
shonda rhimes on the motivation behind her weight loss journey,0
cdc attempts to put ebola outbreak in perspective by releasing list of worse ways to die,1
how nice of dr. luke to now let kesha perform at the billboard music awards,0
report: some crazy shit probably happened to classmate being raised by grandmother,1
"are we safer now? yes, but not as much as we could be",0
knee osteoarthritis treatment shows promise in early trial,0
taylor swift rocks a crop top for her new year's eve performance,0
ceo's funeral a networking dream,1
18 halloween costume ideas for people who wear glasses,0
"so, what the heck is a probiotic?",0
new candy to hum and glow in mouths,1
emotional justice: what black women want and need,0
hilarious moms lament never being in family photos,0
spouse under fire for telling anecdote wrong,1
yeti releases abdominable crunch workout video,1
area teen smoking like he's been to fucking war or something,1
al-qaeda's no. 114 killed on office depot run,1
pitbull's tasteless memorial day tweet brings americans together,0
"nom funneled millions to fight maine marriage equality, but had only one big donor from the state",0
body breaking down in totally different order than man expected,1
sales of guys gone wild video disappointing,1
with mia love's election we're still not post-racial,0
communication matters: getting your message out,0
greenspan to play 15 unannounced small-club shows,1
gondolier ordered to follow that gondola,1
coach angry every player gets a trophy,1
i'm not an empty nester. i'm just sharing my daughter with the world.,0
rc car works up courage to approach group of girls,1
boss's sexual harassment a lot more cautious lately,1
the way you remember winters of yore is probably wrong,0
trump administration launches human rights investigation into senate's harsh treatment of mohammad bin salman,1
comeback much harsher than insult,1
first gay couple receives marriage license at jailed kentucky clerk's office,0
look: we asked you to show us what you're thankful for... and the responses are beautiful,0
people cannot get over the way trump described frederick douglass,0
"get away, jordan: eulogy for jordan edwards",0
jpmorgan chase acquires bear stearns in tedious-to-read news article,1
chewbacca just got himself a 'chewbacca mom' mask,0
oscars line up five non-white presenters,0
bruce jenner okay following deadly car crash,0
surgeon general recommends twisting head far enough until you hear little pop,1
pizza hut's new 'skinny slice' isn't quite a dream come true,0
"we're crazy in love for leslie jones, tara lipinski and johnny weir's beyoncé moves",0
"not beaten, bound or broken",0
i'm bi. it took me 21 years to come out of the closet and say it.,0
fall of inversions,0
ecstasy and despair on this historic day,0
harvey has broken records on tornado warnings every day so far,0
home depot releases new bluetooth cordless hose,1
my niece has cancer and i'm ticked about it,0
senator can't believe he has to come in on a wednesday,1
calvin harris handles taylor swift joke like a pro while accepting award,0
vulnerable republicans just showed why fighting for trans rights is a political winner,0
friend working at milwaukee history museum could probably get you in for free,1
cherishing every moment is hard,0
nation's baby boomers hold press conference to announce they all have diseases now,1
this dance subculture is thriving among black gay men in the south,0
"jimmy fallon, judd apatow and keanu reeves perform stand-up written by kids",0
kim kardashian west held at gunpoint in paris by men dressed as police officers (update),0
riaa bans telling friends about songs,1
man calls trust fund savings,1
penny not so lucky for tortured soul of lincoln trapped inside,1
this guy used augmented reality to recreate 'the ring' in real life,0
magic scott's misdirection: pruitt gives climate science the reality show treatment,0
john oliver rallies 'time-wasters and troublemakers' to fight the fcc,0
dick pulled back out again,1
hot-dog craving ends after first bite,1
pope francis's life depicted in new comic book,0
new epa chief proposes 30% cut in all carbon-based organisms,1
sci-fi fans argue the better of two as-yet-unreleased films,1
man in mickey mouse suit obviously attempted to eat ribs,1
"onion social ceo rebukes 480,000 crimes at international criminal tribunal including illegal surveillance, insider trading, mass murder, indecent exposure",1
donald trump's assault on our values,0
the world war ii-era women who broke up the disney boys' club,0
david letterman on why he doesn't care that much about television anymore,0
report: scientists still decades away from deciphering wireless bill,1
why father's day is so difficult for me,0
high-end persian rugs attend trial in show of support for paul manafort,1
trump catches self briefly believing own campaign rhetoric,1
levi's factory implicated in cruel treatment of denim cows,1
town hall audience gives amy klobuchar standing ovation as she lifts chris cuomo up by throat,1
local cat attempts world record for things sat on,1
open letter to all potential mayoral candidates (a response would be nice),0
29-year-old has been going to different friend's wedding every weekend for past 3 years,1
texas republicans urge trump-style immigration crackdown,0
really ugly shark tired of being mistaken for hammerhead,1
insatiable water droplet barrels down windowpane consuming everything in its path,1
director seeking relatively unknown actress for next affair,1
huffpost rise: what you need to know on april 20,0
epa takes real steps toward curbing smog pollution - now we need your voice,0
naked eric trump runs through state dinner pursued by screaming au pair,1
"this earth day, i stand for science",0
facebook expands its legal team,0
the salaam games: coming to a stadium near you!,0
bruce springsteen takes powerful stance amid trump's immigration ban,0
street-smart teen dies in library,1
larry nassar's boss accused of assaulting students in practice exam,0
kid honors grandpa's memory with solemn cannonball,1
remembering jim brady,0
psa: these are the places where it's ok to breastfeed,0
forgiveness for mother and child,0
george clooney on why he'll never dye his hair,0
the women's march inspired them to run. now they're unseating gop men.,0
trevor noah: watching rudy giuliani is like smoking weed through the tv,0
young billionaire's age not reported for sake of nation's ego,1
former mexican president vicente fox issues stark warning to u.s. farmers about trump,0
report: average american consuming 4 ounces of cheese right now,1
nation's nutritionists confirm mini versions of food nummier,1
ozzy osbourne bites head off five-pound chocolate rabbit,1
sean spicer finally calls it quits after 6 months of humiliations,0
"u.s. anachronism at 'all time high,' says truman",1
freud on how to forget the past,0
"we in golden age of thing, guy who likes thing reports",1
8th grader caked in makeup probably really confident,1
why should we celebrate earth day?,0
"cosmopolitan releases 40-year compendium: 812,683 ways to please your man",1
exxonmobil swears it's going to start taxes early this year,1
chick corea falls to communists,1
sad man tears 2 bananas off larger bunch,1
hot rock-and-roll chick totally married,1
black friday and cyber monday shopping tips,0
man always three ingredients away from making pancakes,1
trump's evangelical advisors urged him to protect dreamers,0
things learned in the first month of having a baby,0
subject of phone bill delicately broached,1
10 rules for a great startup idea,0
"meet paddles, the most powerful cat in new zealand",0
june mademoiselle to feature ten ways to flatten your tummy,1
"gaunt, sickly kirby takes leave of absence from video games following stomach cancer diagnosis",1
thumbtack on carpet still at large,1
my life in soaps,0
zoo hosts contest to name baby of pregnant gift shop worker,1
"when it comes to pregnancy discrimination, equal is not the same as fair",0
the thinkable happens to local man,1
video shows transphobic man preaching in target getting shut down by customer,0
trapped mexican bakery staff bake hundreds of loaves for harvey flood victims,0
the funniest tweets from women this week,0
immigrant also applying to a few reach countries,1
pennsylvania supreme court chief scolds his own party for trying to impeach justices,0
fight white supremacy with your wallet and your voice,0
god admits he way less strict with last few billion children,1
fox news debuts premium channel for 24-hour coverage of alexandria ocasio-cortez,1
report: you have been selected to make a purchase at the onion store,1
nation not sure how many ex-trump staffers it can safely reabsorb,1
baby's third through eighth words registered trademarks,1
experts warn number of retirees will completely overwhelm scenic railway industry by 2030,1
obama revises campaign promise of 'change' to 'relatively minor readjustments in certain favorable policy areas',1
here's exactly why a vote for trump is vote against lgbtq rights,0
"huffpost rise morning newsbrief, october 13",0
"word 'innovate' said 650,000 times at sxsw so far",1
eddie vedder finally goes away,1
tank operator wishes buddies back home could see him now,1
"ted cruz beats back donald trump in two states, shifting race",0
california lawmakers want uc davis chancellor to resign,0
why a woman refuses to leave her husband who threatened to kill her,0
here's more evidence that trump's 'poll truthers' are wrong,0
tearful biden carefully takes down blacklight poster of topless barbarian chick from office wall,1
air wick introduces new piss-scented bathroom diffuser,1
her heart remembers: the break,0
area man perfectly content with role as another cog in the wheel,1
sean bean's most memorable death wasn't 'lord of the rings',0
"defiant milosevic eats big, sloppy sandwich during trial",1
report: papa will be so very cross you've lost grandfather's hunting cap,1
man scolded by brother-in-law for not taking better advantage of open bar,1
what dad wants for father's day according to 9 real dads,0
bernie sanders wins maine democratic caucus,0
"guys, someone edited chris farley into the 'mission: impossible' trailer",0
"class of 2014, we've come a long way",0
movie not nearly as awful as hoped,1
"monday matters: adorable kitten and dog grow up together, the white house celebrates marriage equality and a psa for forgiveness",0
abandoned mall retains eerie vestiges of fun shopping atmosphere,1
man accused of killing dad for not getting him fast food,0
between addict and recovery: look how far you've come,0
the truth about generic vs. brand-name medications,0
economists recommend setting aside part of every paycheck in case of dire straits reunion tour,1
a game show winner on his biggest jackpot yet: a son,0
new google streep view to provide panoramic imagery of meryl streep,1
what bothers americans most about pro football? not the danger,0
nasa catches glimpse of hard-charging curiosity rover just before insight's communications go dark,1
wrong font chosen for gravestone,1
robert mueller dreading returning from 2-month european vacation to start russia investigation,1
school for the blind has huge empty grass field out front,1
teacher asks students to split into 2 groups to simulate ideal class size,1
hong kong protesters clash with police near government headquarters,0
conversations with god about bush,0
10 ways to win her back if you're a dude in a rom-com,0
want to make meetings more productive? start walking,0
darren sharper faces 20 years in prison under plea deal,0
james corden roasts david beckham for matching outfits with posh,0
dying newspaper trend buys nation's newspapers three more weeks,1
hypnotist looking for gimmick to set him apart from other hypnotists,1
selfish missouri voters reject anti-union law after everything bosses have done for them,1
everything you need to know about how stress affects your skin,0
dad admits killing family on facebook: 'now my family is pain free',0
tom hanks brags how 'smokin' hot' rita wilson is after 29 years of marriage,0
romney rolls sleeves all the way up over his head,1
bush arrives at caribbean summit aboard catamaran one,1
first-generation immigrant couple still adjusting to life of being featured in son's standup routines,1
bin laden vineyard falling into disrepair,1
woman thinks she can just waltz back into work after maternity leave without bringing baby to office,1
home-schooled student opens fire on breakfast nook,1
create the ultimate 'boomer cave' from your empty nest,0
unbeatable 'jeopardy!' champ says key to success is threatening other contestants with nail-studded baseball bat during commercials,1
cranky businessman quieted for entire trip with brightly colored cell phone game,1
"to all the meat-loving feminists of the world, riot grill has arrived",0
movie trailer perfectly captures the horrors of flying coach,0
al franken pledges to make up for sexist behavior over course of next four senate terms,1
fog machine heightens drama at children's piano recital,1
joe biden's son dead at 46,0
drug-sniffing dog develops taste for bit-o-honeys,1
new study determines the best way to discipline your teen,0
"senate votes 64-36, not sure on what",1
bush tumbles wildly down washington monument staircase,1
"mom hasn't said full, uninterrupted sentence to family since 1997",1
king of comedy's death ignites 100-year war  for throne,1
iran denies making deal with u.s. to ship nuclear material to russia,0
local man almost finished collecting fantasy football winnings from 2005,1
nature preserve sets up unrealistic expectations with visitor's center full of taxidermied animals,1
patti smith's advice about what really matters in life will give you chills,0
will tax reform close the gaps?,0
you can train your brain to make smarter money decisions. here's how,0
report: fbi learns of plot to download old school,1
cat's whiskers a little much,1
christ's face seen on miracle canvas,1
"fast and furious: novels, the media and our changing world",0
so-called 'atheist' doesn't even barge into churches screaming 'you're all brainwashed fools',1
michael dukakis still drives old tank everywhere,1
new parenting trend involves just handing children bulleted list of things to accomplish by 30,1
bags filled with sand still most advanced u.s. anti-flood technology,1
npr acknowledges plagiarism in 10 music stories,0
leading drug policy expert endorses marijuana legalization in oregon,0
here's how anti-vaxxers actually sound,0
limits or limitless?,0
"this week in world war i, november 15-21, 1914",0
why taking a risk is a must for creativity,0
nation inspired by bravery of teen just wearing bikini right into mcdonald's,1
ap reporter wounded in afghanistan vows to return,0
video:  #icantbreathe poem on house floor,0
watch live: grammy award winner timbaland discusses memoir,0
bobby jindal's biggest donors benefited from his administration,0
suburban teen has near-def experience,1
"dear oxford dictionaries, 'pwnage' is not a word and never will be",0
jesus christ pushes past firefighter into burning notre dame to save beloved relic,1
labor day 2015: stand together and fight back,0
the trump administration's underrated threat to the irs,0
report: some russian soldiers quit army over ukraine war,0
frustrated employee no longer even trying to hide gre study books,1
the 'fuller house' season 2 trailer teases a lot of fun,0
texas to execute man for murdering boy and drinking his blood,0
flexibility will close the women's leadership gap,0
chinese tv show canceled after drawing only 180 million viewers,1
safety and security: not just for college students,0
'spirit' of the iran nuclear deal is a two-way street,0
"we count, so count us: three reasons it's important to collect census data on lgbtq people",0
trash bag taped over broken southwest plane window,1
this lady gaga parody gives a 'million reasons' why 2016 really sucked,0
siblings playing tense game of chicken to decide who going to care for mom,1
newt gingrich: 'it's an honor to address a crowd that shares my utterly bizarre and unhealthy obsession with hillary clinton',1
the republican plan for higher education: less red tape and less money,0
dog held against will inside skype window,1
destruction of rainforest cafe clears room for new hooters,1
loyal senator still lying patiently in spot where beloved bill died,1
man claims ex cares more about 'nonexistent' singing career than their daughter,0
new energy secretary guesses he ought to read up on energy,1
bank of america touts going green but funnels billions into fossil fuels,0
"move over rosé, blue wine is now on the market",0
fearful americans stockpiling facts before federal government comes to take them away,1
how 2 california parents could 'home-school' their shackled and abused children,0
bush's eyelid accidentally nailed to wall,1
ben affleck makes first public appearance since split with jennifer garner,0
panicking mitch mcconnell shoves entire senate healthcare bill into mouth as democrat walks past,1
this fitness instructor is our new body hero,0
the voice's audra mclaughlin: 12 things you need to know,0
democratic scouts head to tampa to get closer look at mitt romney,1
only jewish kid in class asked to talk about holocaust remembrance day,1
cat internally debates whether or not to rip head off smaller creature it just met,1
living in the shadow of a gun crime: 14 years later,0
bashar al-assad tries tiny bit of sarin gas on self to see what it's like,1
"nation wishes area man were a creep, but, ugh, he's actually really fucking nice",1
michelle obama powers through another day of doing half-assed jumping jacks in middle school gym,1
indian casino one of the saddest places on earth,1
area woman marries into health insurance,1
10 crazy/beautiful things happening in the art world this weekend,0
"in a huge breakthrough, google's ai beats a top player at the game of go",0
smug new mom going to start a blog,1
i refuse to put your teen on a diet,0
overweight woman encased in geo metro,1
nana finally makes it to never land in battle for the book!,0
silvio berlusconi gets penis stuck in wine bottle stuck in prostitute,1
"at this prison, people and animals get second chances",0
"climate scientists are like 'doomsday street preachers,' fox guest says",0
narcissist mentally undresses self,1
chinese guy still insisting it was him in front of that tank,1
mueller loses visual on oval office camera after trump spills a1 sauce on bust of winston churchill,1
"obama returns from trade summit with 5 stout ships full of cardamom, silk, and indigo",1
half of u.s. democrats want joe biden in the 2016 race,0
man confused by obscure down-ballot measure about deciding who his senator should be,1
workplace shooting planned on company time,1
angry lumberjack demands hearty breakfast,1
donald trump says he might pay legal fees for man who sucker-punched a protester,0
hidden valley ranch bombed by balsamic extremists,1
'planet earth' with aziz ansari subtitles is way too real for us,0
this is why you shouldn't go to the circus,0
'run! run and never look back!' whispers heidi cruz while hugging carly fiorina on rally stage,1
seedless watermelon coming to grips with fact it'll never be able to have kids,1
trouble again in tv's africa,1
hamburglar urges senate subcommittee to 'robble robble robble',1
study: no two people have listened to same band since 2003,1
"man captures ross perot, is granted three wishes",1
the 'westworld' mystery that started it all might finally be solved,0
stephen king stuck at book signing for hours writing personalized novels for line of fans,1
bill and melinda scoggins foundation pledges $58 for charity,1
marriage counselor encourages woman to take on numerous sexual partners while husband at work,1
journalist once accused of making up sources arrested for threatening jewish institutions,0
paul hogan admits he's still searching for that one career-defining role,1
people are starving in an iraqi city surrounded by u.s.-backed forces,0
eating entire box of donuts not originally part of evening's plan,1
threat level downgraded as insect revealed to be ladybug,1
see the latest empowering breastfeeding photo that's causing controversy on facebook,0
rex tillerson shoots mike pompeo quick email explaining all the countries,1
here's where you can find paradise in italy,0
pfizer death penalty drug decision greeted by activists – but states fight on,0
outside not looking forward to people wanting to walk around in it again this summer,1
"despite armie hammer profile in 'good housekeeping' magazine, 'lone ranger' a flop at box office",1
"arizona can't ban mexican-american studies anymore, judge says",0
6 ways to overcome a life challenge,0
area man doesn't look jewish,1
my husband was living in the wrong body,0
obama up early cooking breakfast in one of michelle's extra long t-shirts,1
fans erupt over fate of elias koteas' olinsky on 'chicago p.d.',0
having kids radically reshapes parents' immune systems,0
new hampshire primary excites tiny percentage of population who even cares what happens anymore,1
woman with amazing rack told she has beautiful eyes,1
joe biden tries to tamp down house dems' anger over deportation raids,0
"why soccer matters, and why your opinion about it doesn't",0
why states are struggling to tax services,0
"on 18th birthday, bindi irwin shares photo of steve irwin full of 'love and light'",0
b*a*p*s rented on strength of academy award-winning stars,1
daily meditation: connecting with the earth,0
"earth safe, but for how long?",1
pregnancy isn't always pretty,0
kourtney kardashian opens up about scott disick's rehab stay,0
lawsuit accuses glass artist dale chihuly of plagiarizing work,0
nation struggling to keep track of how far along it is in all its ongoing grieving processes,1
watch live: music producer jermaine dupri talks new show,0
wife unfazed by husband's sad e-mails to other women,1
100-year-old makes a dash to break guinness' 100-meter record,0
kung fu master with iron crotch is one ballsy martial artist,0
"republicans, democrats unite in good laugh over reform party",1
app knows it's gone next time man needs space for photos,1
washington post offers non-subscribers 10 free articles to fact-check per month,1
saturday's morning email: funnies edition,0
business innovation: what market leaders can learn from video games,0
"for 'the interview,' even negative publicity (like a massive sony hack) is good publicity",0
everything old is new again,0
new hyundai owner sort of brags about it to co-workers,1
mitch mcconnell says americans won't tolerate democrats blocking supreme court nominations,0
tufts' nutrition experts answer your questions on the benefits of berries,0
lowly mortal opens portal to hell,1
vietnamese singer wins international transgender beauty pageant,0
up to 60 robbers storm bart train in flash mob hold-up,0
louie gohmert threatens to quit shopping at target,0
college costs are america's cruel graduation gift,0
hillary clinton reveals what's more important than her campaign,0
this congressman thinks we can fix the economy by drinking beer,0
parents debate: should you send your kids to camp?,0
red lobster celebrates return of annual all-you-can-eat krill fest,1
37 separate aneurysms on verge of rupturing inside reince priebus' brain,1
pizza hut unveils new cheese-stuffed delivery boy,1
party guest hoping birthday card with shirtless hunk taken in playful spirit with which it was intended,1
new election ruling allows candidates to remain completely anonymous throughout campaign,1
area secretary lotions obsessively,1
asu + gsv report: teachers and tech tools,0
this guy gave his girlfriend a mcnugget bouquet and we're lovin' it,0
newborn prince of cambridge begins consolidating power by having family imprisoned in tower of london,1
palestinian family trapped under rubble thrilled to hear 'gaza' trending on twitter,1
"new rnc ad endorses roy moore: 'he's a scumbag, but he's our scumbag'",1
welcome to a new era of activism,0
bethenny frankel fights back after instagram controversy,0
senate amendment would dramatically improve how doctors treat heroin addiction,0
"hillary clinton opens chili's franchise just outside of washington, d.c.",1
dermatologists recommend regularly checking body for screaming demonic face bulging out of skin,1
"we learn our best lessons when we fail, according to pete carroll",0
journalist walks off tv show when it won't address real cause of orlando shooting,0
e-sports organizations are going to launch governing body for pro video gaming,0
nostalgic memories of land of the lost ruined in dvd release,1
video shows mom kicking child out for voting for trump in mock election,0
jessica simpson reveals slimmer figure after chopping off limbs,1
leaked powerpoint reveals the gas industry's playbook for waging pipeline fights,0
"neglect of wife, children results in promotion",1
financial experts recommend young grifters start laying groundwork for long con by 25,1
u.s. adds 4 million jobs but in st. louis,1
huffpost rise: what you need to know on february 26,0
"how to lose to the islamic state: obama administration considers deploying troops to iraq, focusing on assad in syria",0
gm announces plans to recall driverless car by 2021,1
how to educate the next generation of googlers: two lessons from the white house science fair,0
giant altoid headed toward earth'curiously strong' celestial body will extinguish all life,1
jennifer garner makes first public appearance since ben affleck split,0
trump and china risk sparking dangerous middle east arms race,0
mental illness and identity: would i shed my bipolar disorder skin?,0
acoustic-guitar-wielding trump tells congress 'this here's the story of america',1
what every parent needs to know about their schools,0
popular new exercise app just tells users they ran 5 miles a day no matter what,1
americans give thumbs down to donald trump's debate attacks,0
office bad boy sees right through team-building exercise,1
educating for democracy: 'the numbers game',0
china to send elite army unit to ebola-hit liberia,0
riz ahmed's emmy is a win for south asian representation on tv,0
area man a little too old to have obama fever,1
jeremy piven outraged microsoft word doesn't recognize his name,1
even americans who favor gun control aren't very optimistic about it,0
data technician by day a data technician by night,1
degrees not debt,0
thursday's morning email: the obamacare repeal comes down to these three senators,0
dad heartbreakingly thinks his connections can help son find job,1
the truth about 'the interview',0
the 20 funniest tweets from women this week,0
stunned family watches as grandmother wolfs down sandwich in 33 minutes,1
9 stereotypes about sex work that have to stop,0
loft apartments converted to mayonnaise factory,1
endangered wildlife to be given new identities in species protection program,1
are you catching other people's emotions?,0
the robot apocalypse is looking pretty damn funky in new boston dynamics video,0
"this actually good news, contractor reveals, because now you know the real problem",1
ryan coogler would love to see a women of wakanda spinoff,0
donald trump has already cemented his pathetic legacy,0
last living california raisin dies of prostate cancer,1
embed routines and rituals (principle no. 5 of the 7 principles of personal effectiveness),0
period of time in which parents proud of how much child can eat quickly dwindling,1
israel passes law cementing itself as exclusive nation-state of benjamin netanyahu,1
comey suddenly realizes entire book just a subconscious defense mechanism to hide his true feelings,1
obama administration warns schools to allow transgender access to bathrooms,0
stop judging other moms,0
georgia election worker assures black man ballot scanner supposed to sound like shredder,1
world-weary man bitterly rents mercury rising,1
powerful post reminds parents to enjoy the noise while they can,0
un delivers first food aid to syrians in besieged daraya in years,0
wolf blitzer decks boston man who hasn't been healed by red sox baseball,1
alaskan gray wolf can't believe no one told him he's got snow on nose,1
entertainment tonight host 'can't wait' to see new paramount pictures release,1
teen on brink of experiencing incredible journey of motherhood instead asks boyfriend to use condom,1
childish gambino teases concept album exploring what world might be like if he put a shirt on,1
"assisted living center widower has eye on cute, hunched-forward little number",1
rahm emanuel breaks ground on new jason van dyke police academy,1
saudis admit journalist khashoggi died during botched assassination attempt,1
this squirrel just cheated death on the olympic snowboarding course,0
breakroom tension at all-time high following mug dispute,1
trump blames obama for his political protester problem,0
stephen colbert let deray mckesson interview him about his whiteness,0
19 times shorter was way better,0
the innocent victims of europe's refugee crisis,0
how to find the right haircut for your face shape,0
area man gets in one last night of sex before breakup,1
frito-lay targets blacks with new menthol doritos,1
kathy griffin lawyers up to address 'bullying' from trump family,0
bush surges ahead in polls after strong showing on pommel horse,1
cigarette tax hike to pay for iraq war,1
street harasser haunted by woman who got away with dignity intact,1
"uganda's president extends 30-year rule, detains rivals after election",0
nation's voyeurs watch women's march on washington from bushes,1
in memory of the ms st. louis,0
man surprised to hear himself tell matt damon he's a 'big fan',1
"advertiser reaches out to youth with off-set, mixed-typography font",1
ted cruz says gop leaders planned to cave on immigration all along,0
"when trump goes low, latinos go high",0
state officials fire employee who sent false missile alert in hawaii,0
the controversial way some california schools are handling students' misbehavior,0
"'i don't fit into any of corporate america's little boxes,' says single, 18-to-36-year-old hispanic female with brand loyalty to tom's, chobani",1
how the gotham typeface came to define our era,0
"jake hyland of kansas city, mo chosen as nation's designated survivor in case rest of country wiped out during presidential address",1
warren buffett tells colleagues about exciting investment opportunity he recently discovered selling mary kay beauty products,1
"june, weddings and father's day",0
"'american horror story: freak show' premiere recap: it's a circus, all right (spoilers)",0
american airlines to phase out complimentary cabin pressurization,1
average age of wacky tv neighbors dropping,1
2018 winter olympics cancelled due to inclement weather,1
wal-mart announces plan to slash customers' throats,1
trump lifts refugee ban but admissions still plummet,0
lazy poor person has never earned passive income from stock dividends a day in his life,1
giuliani says kim jong-un begged like a has-been-politician-turned-hack-attorney trying to get a job at the white house,1
older voters are suffering the greatest election stress. here's why.,0
trump administration refusing to disclose names of white house diamond elite members,1
pre-teen moves from giggling-at-everything phase to never-smiling phase,1
nation's ever so malleable simpletons fluttering between candidates like shuttlecocks through every moment of debate,1
"jonathan franzen slams jennifer weiner, again",0
clinton makes pact with savages,1
dad's been on a parenting kick lately,1
carlos rosario school educates and graduates the new americans,0
remote alaska high school volleyball team endures rough landing in bush plane en route to state tournament,0
breaking: mom dropped like 80 bucks on some necklace with an owl on it at the art fair,1
twitter is appalled at the west coast's favorite thanksgiving side dish,0
"u.s. forces enter syrian town, then withdraw, rebel and monitor groups say",0
'stranger things' season 2 trailer is an eleven out of ten,0
here comes another massive media deal,0
bill paxton learns of his revolutionary past on 'who do you think you are?',0
colin kaepernick's white parents say they're 'very proud' of him,0
vcr fast-forwarded with toe,1
cryptic new laundry room rule hints at tale of bizarre infraction,1
entire southern border somehow on fire 10 minutes after kushner begins tackling immigration system,1
mueller scrambling after accidentally spilling whole big gulp all over russia evidence,1
'gravity' & '12 years a slave' tie at 2014 pga awards,0
"snoop dogg to perform at dnc, courtesy of big pharma",0
lindsey buckingham goes his own way from fleetwood mac,0
"sorry baseball fans, but vin scully will miss the mlb postseason",0
5 lessons from a twenty-something divorcée,0
geniuses made a must-watch 'formation' parody about anti-abortion laws,0
same jumbotron used for marriage proposal used to ask for divorce,1
joan rivers: my hero and my cautionary tale,0
completely sober employee still embarrassing self at company party,1
man at amusement park gets right back in line for another funnel cake,1
exit from apartment delayed 20 seconds to avoid pleasantries with neighbor,1
missing boy scout earns publicity badge,1
stressed-out paul ryan uses cheat day to indulge in one bipartisan vote,1
shackled kerry looks on as chechen terror leader removes mask to reveal scarred face of former mentor,1
4 must-have digital marketing core competencies,0
phone-sex ad masturbated to for 0 cents a minute,1
hillary clinton opens new presidential library charting course of purely theoretical tenure as commander in chief,1
new poll finds public becoming more skeptical of profit-driven corporate data mine powered by human misery,1
dunkin' donuts signs 10-year partnership to be exclusive food vendor of united states,1
the results are in: social enterprise works,0
muslim woman berated at heritage event speaks out on independence day,0
lottery loser angry at lottery winner,1
trump's lawyer got restraining order against stormy daniels to keep her quiet,0
calculus problem hits too close to home,1
historical archives: humor in shackles,1
manufacturer manufactures love to wife,1
the woman who would be philadelphia's new mayor,0
rudy giuliani says white cops needed to stop black people from shooting each other,0
giant altoid heading toward earth,1
listen to these parents teach their kids about consent,0
"'fuck you,' obama says in hilarious correspondents' dinner speech",1
alien still hasn't gotten around to listening to whole voyager golden record,1
"prince harry, meghan markle's first official post-engagement event will be nod to diana",0
"joy reid: gop in bizarre mirror universe where clinton is guilty, trump is blameless",0
discrimination against print-on-demand books is out of touch and bad for the environment too,0
too big to nail?,0
kavanaugh nomination falters after washington post publishes shocking editorial claiming he forgot daughter's piano recital,1
attention: sports fans!,0
nation's sane people to nation's insane people: 'please stop shooting us',1
holocaust film appeals to believers and skeptics alike,1
chuck grassley voted against mlk day due to foreseeing how everyone would dishonor king's memory,1
new girlfriend bears disturbing resemblance to old girlfriend,1
goldman sachs announces they're blowing up a nursing home and there's nothing anyone can do about it,1
woman rises early to sow seeds of day's first gchats,1
"mom sends blurry, indistinct photo of computer screen showing boots you might like",1
sweden and the wakening of eco-integrity,0
"the rise of europe's far-right is 'a wake-up call' for democracy, says turkish novelist",0
duggar sisters say josh was 'a little too curious about girls',0
boss encourages employees to take short mental breakdowns for every hour of work,1
daily meditation: spark creativity,0
caitlyn jenner will reportedly attend donald trump's inauguration,0
lunch barely misses area man's vital organs,1
20 body changes nobody tells you come before menopause,0
non-denominational terrorist organization welcomes extremists of all faiths,1
stage door: wiesenthal,0
serial killer annoyed by young murderers with no appreciation for albert fish,1
nation too terrified to look at what trump's recent rise in polls attributed to,1
"social unity is most important, says pm modi on india's 70th independence day",0
pixar animator reveals the magic ingredient that adds soul to stories,0
hit the jackpot with 5 breathtaking las vegas views,0
dozens of glowing exit signs mercilessly taunt multiplex employee,1
furloughed federal employee starts online search for new government,1
increased negative campaigning reveals previously hidden ugly side of politics,1
ice cream truck driver going to let these kids sweat a little bit before stopping,1
is taking birth control pills a band-aid treatment for pcos?,0
noose found in african-american history museum exhibit in d.c.,0
kareem abdul-jabbar speaks out against ben carson's anti-muslim comments,0
on any given day we simply don't know what trump we'll be getting,0
8 ways to recommit to your fading resolutions,0
julia stiles marries preston j. cook in intimate seattle beach wedding,0
5 tricks from mom to help you manage stress,0
iran only has half the amount of enriched uranium allowed under nuclear deal,0
aaa member pulled first from car crash,1
"nothing doing down louisiana way, fly-swattin' sources report",1
giuliani insists breaking the law not a crime,1
area man a walking encyclopedia of everything except leading a normal life,1
medical experts disappointed with man who failed to live up to life expectancy,1
what should we believe: marco rubio or math?,0
"obama in hiroshima: a visit to honor, not apologize",0
departing bo obama lands k street lobbyist position,1
history channel repeats itself,1
area man going to great lengths to conceal his perfectly normal behavior,1
it's 2016. do you know where your bombs are falling?,0
'game of thrones' creators frantically re-shoot finale to make peter dinklage death seem intentional,1
from brothers to enemies: how syria's war has divided families,0
leadership matters: gratitude leads to greatness,0
grandma excited to show off new beach sweater,1
defense department layoffs result in increased video rentals,1
patriot devin mccourty is not visiting the white house: 'i don't feel accepted',0
"fed-up eu rejects united kingdom, gives british 30 days to vacate europe",1
radical islamic extremists snowboard into u.s. embassy,1
one little girl beat the deadliest form of tuberculosis. she is very lucky.,0
"honestly, this lineman-sized dancer beats any football game",0
this doll aims to empower kids with albinism and dispel harmful myths,0
parents into new snack now,1
aziz ansari pissed about accepting british award in person ... in la,0
how robert reich is persuading the country to fight for economic equality,0
117-aerocar pileup clogs troposphere for hours,1
the #nevertrump movement could have a big day in wisconsin,0
some fucking guy at warner bros. wondering what shooting of 12 means for ticket sales,1
savor the south at one of these summer festivals,0
parenting experts warn screen time greatly increases risk of child becoming an influencer,1
mike bloomberg apologizes for giving his top political journalists a watergate-era nickname,0
area man overly proud of never wearing underwear,1
an optical illusion makes lake sørvágsvatn look absolutely trippy,0
trump says he's expanded his proposed muslim ban,0
no shelter: counting the homeless in seattle,0
charles koch wants to change america's criminal justice system,0
how not to look like a tourist in berlin,0
lee daniels options jesmyn ward's memoir 'men we reaped',0
pope francis admits 'like 97%' of past church leadership 'probably burning in hell',1
area man got good amount of meat in that last bite,1
face-reading: an advantage in business,0
from tiger mothers to fresh off the boat: eddie huang's mom is not every asian-american mom,0
lee majors: does he still exist?,1
most americans (incorrectly) believe crime is up. that's great news for donald trump.,0
extremely vibrant town able to sustain two buffalo wild wings,1
god realizes he forgot to put souls in humans,1
point of story apparently that man ate at restaurant,1
"peeps unveils new boneless, skinless marshmallow breasts",1
nba free agency winners and losers,0
"doll-housing crisis set to worsen, mean older brother says",1
"8 awesome (yes, awesome!) things about toddlers",0
flu vaccine recalled due to defective government tracking microchips,1
the most haunted town in america,0
ronda rousey eerily predicted how she would lose,0
patagonia introduces new high-performance jacket specially designed to protect wearer on walk between front door and car,1
really hip 90-year-old figures he has every right to torrent glenn miller's 'in the mood',1
nation admits it always a little bored by whole jimmy hoffa thing,1
whoopi goldberg says the oscars 'can't be that racist' because she won once,0
restaurant bartender leaves a single beer out to remember fallen soldier,0
rick santorum asks u.s. populace if he's still running for president,1
how some of trump's bad tweets are helping puppies and kittens,0
officials unveil plan to convert underused senate chamber into storage facility,1
seattle mayor's accuser in sex-abuse lawsuit comes forward,0
guy from the strokes accused of trying to look like guy from the strokes,1
this hummus has a secret ingredient supermarkets don't want to sell,0
investigation exposes ebay user for selling fake pulitzer medals,1
"obama believes black lives matter, but he didn't say it at his final state of the union",0
l'oréal releases new line of makeup specifically for men to wear when wives not home,1
starbucks weddings might be a 'thing' now,0
bernie sanders: 'it is not a radical idea' to ask for a $15 minimum wage,0
7-year-old loses respect for shrek after seeing him in burger king commercial,1
friday talking points -- gop anti-trump rants,0
area man visits haiti to check up on $10 donation,1
carrie fisher's birth announcement in 1992 captured her signature humor,0
man in suit makes decision affecting thousands of non-suited individuals,1
grown man who owns bane action figure has love to give,1
u.s. mint employee disciplined for putting own face on nickels,1
everyone in sporting goods store looking for something to get on stepson's good side,1
nfl player's tweets about gruesome injury remind us that life is 'cruel sometimes',0
spoon's weight topples pint in jarring reminder of how much ice cream area man ate in one sitting,1
how art therapy helps you de-stress (even if you don't think you need it),0
happy anniversary match.com -- meet their first success story,0
showers with girlfriend increasingly cleansing-focused,1
stephen colbert is driving bill o'reilly crazy,0
snowy mountain in pyeongchang figures it can withstand 1 or 2 more big cheers before triggering avalanche,1
how to register voters in a south carolina jail,0
how to write a thank you that gets you hired,0
how do i live knowing proof of heaven?,0
that guy from that one show not looking so hot,1
frustrated wildfire spends hours stuck in l.a. traffic,1
mayor daley's son appointed head of illinois nepotist party,1
moral tacked onto end of man's life,1
watch: amazing paper airplane toss hits soccer player,0
activist artist dread scott on why we need a revolution,0
former 'bachelorette' ali fedotowsky expecting first baby with fiancé kevin manno,0
this streaming site wants to be the netflix of indie festival films,0
horrifying email from ex-girlfriend titled 'a few things',1
jared kushner spends fourth consecutive day silently ensnared in decorative white house spider webs,1
"report: christ, someone actually brought their kid to this",1
waiter seriously needs his apps,1
indian sweatshop worker has to work in the fucking dark now too,1
trumpcare scored so badly it could actually help the senate,0
cnn's ana navarro says michelle wolf's critics are acting like 'snowflakes',0
mcdonald's just caved to a ton of pissed off 'rick & morty' fans,0
the obamas wrest presidential portraiture from its traditional (white) trappings,0
empire state building ultimately supports nsa spying measures,1
trump: 'there is hatred on both sides of my heart',1
"when i own my sexuality, will i need queer visibility any less?",0
this black woman is turning the white investing world on its head,0
israeli high-school students hoping suicide bombing postpones exam,1
ana navarro explains why it's hard for marginalized groups to give trump a chance,0
man has story for every stain on pants,1
"boehner just wants wife to listen, not come up with alternative debt-reduction ideas",1
dying mastermind pulls red lever,1
majority of office's supplies used to apply for different job,1
the january jobs report in pictures,0
"gerber recalls 60,000 jars of baby poison",1
candidate delighted to be in chair factory,1
study finds majority of accidental heroin overdoses could be prevented with less heroin,1
new clinton memoir: 'we all made mistakes but you made most of them',1
new study finds women should only be making 20 cents less on dollar than men,1
to the obese woman crying at the picnic table,0
mike johanns only one showing up to cabinet meetings now,1
remembering lynn walker huntley,0
mel gibson - his performance in 'payback' still not getting enough credit,1
norman reedus' new movie 'air' looks just as creepy as 'walking dead',0
leonard cohen at 80,0
'don't cry for me',0
unemployed bob barker spends morning watching 'price is right',1
10 ludicrous things republicans have actually said about health,0
"stage door: death of a salesman, hell's belles",0
it's agreed: former cia chief michael hayden didn't kill jesus,0
here's what happened when a drag queen interviewed trump supporters,0
sports banquet ends in trophy fight,1
gwyneth paltrow creeps up on james corden while he's mocking goop,0
tig notaro is sickened by the anti-gay pizza restaurant in indiana,0
area man demands more starches,1
family dinner successfully covers topics of movies and tv,1
conan makes dog audiobook service look as silly as it sounds,0
treasury department renames building to honor emancipated slaves,0
heroic prego advertisement replaces refreshed webpage's presidential campaign banner,1
stephen hawking: trump's climate policies could turn earth into venus,0
"wedding guest in suspenders, bow tie unafraid to take dance floor",1
curiosity rover finds 5 bucks on mars,1
"we've seen the future of flight, and it's awesome",0
young girls creeped out by older scientists constantly trying to lure them into stem,1
entertainment weekly wins excellence-in-caption-pun award,1
nra says parkland students should be grateful for guns giving them such a memorable bonding experience,1
issa rae starts scholarship fund for alton sterling's children,0
most incompetent coworker once again shines at office halloween party,1
opera ends on unexpected high note,1
the stars bundle up in style on our cheap celebrity finds list,0
"clean-shaven, tuxedoed james holmes charms courtroom in latest appearance",1
how to criticize your kids without ruining their self-esteem,0
no one in group admits girls' night out a colossal failure,1
mike trout really is the most valuable player in all of baseball,0
tom hanks vows he won't stop until he has portrayed every last american,1
pulitzer board adds giant pumpkin category,1
15 decluttering tips for busy moms,0
u.s. to offer tax incentives to companies that do not openly make world worse at every turn,1
it's already looking like trump vs. clinton in this swing virginia county,0
"audra mcdonald, kirsten gillibrand to celebrate the lgbtq community in nyc",0
trump voters had a much better 2017 than clinton voters did,0
huffpollster: carly fiorina probably won't help ted cruz save his campaign,0
the art of listening,0
emotional elon musk recalls spending entire birthday working on concepts for mistreating employees,1
god hurting after eating 20-piece spicy angel wings,1
curly fry inventor strikes out with curly veal,1
how we became the heaviest drinkers in a century,0
privileged little artiste writing something oh-so-precious into his moleskine notebook,1
senate still at odds over zika funding with only 3 days left before summer break,0
'meow-nisota' all ears for internet cat video festival,0
guatemalan earthquake registers 0.3 on area man's consciousness,1
"someone stole a ton of very, very valuable bull semen",0
the giant panda is no longer listed as endangered,0
rand paul ends daylong nsa 'filibuster',0
man made clear-headed choice to upload series of online videos explaining how to install surround sound speakers,1
everyone forgets to bring swimsuits to coworker's party,1
jake tapper grills kellyanne conway: i'd like trump to stop lying,0
man under impression he went down fighting,1
claire danes is expecting baby number two with hugh dancy,0
clinton ominously tells iowan supporters to mark front doors with campaign logo before sundown,1
'harry potter' actor dave legeno dead after hiking in death valley,0
pier 1 imports unveils new self-defense vase for smashing onto head of home invader,1
disney's 'toy tales' hits theaters friday,1
shadow government attracts shadow protesters,1
senator misses simpler time when he could do abominable things in peace,1
the problem with 'celebrity queerbaiting',0
sam nunberg: 'i'm not having a meltdown',0
report: mueller subpoenas pr executives linked to manafort,0
dnc attendee screaming 'the earth needs us!' to no one in particular,1
"trumpcare is coming to iowa, and your state may be next",0
cool mccain supporter wears 'mccain 2000' shirt to campaign speech,1
excited patient points out organ he wants from kidney tank in hospital lobby,1
this moose strikes a blow against the takeover of the machines,0
americans don't really care about trump's 'great wall' ― but his base sure does,0
melania releases statement calling for removal of first lady from white house,1
"son needs costume, 30 individually wrapped treats tomorrow morning for some school celebration",1
nasa announces plans to place giant pair of shades on sun,1
"man looking up at tall building thinking about, you know",1
a transgender student who was reportedly banned from her school receives good news,0
report: fuck guy in kayak,1
sen. tim scott responds to john kelly: 'no compromise to make' on civil war,0
hideo kojima says new experimental video game will consist entirely of 2-hour-long cutscene,1
sabra hummus: cedar's hummus lacks experience necessary to become america's no. 1 hummus,1
matt damon mans warner brothers booth at college campus's career day,1
5 crazy things about monday night's historic kansas-oklahoma game,0
cocky attempt to operate atm in spanish backfires,1
"how to handle the election this holiday season: a shout out to indiana, pennsylvania-based welcome home, a community group doing good.",0
another gop tax plan for captains,0
"north korea fires multiple missiles, south korean military says",0
discover how climate change is rapidly transforming our earth with google timelapse,0
inside: america rates the skin colors,1
walletless biden found handcuffed to bedpost,1
congress is falling into isis's trap on syrian refugees,0
gina haspel briefs senators on saudis' 'shockingly uninspired' khashoggi interrogation,1
area man looking for whatever the hell is beeping,1
virginia alcohol agents involved in bloody arrest return to duty,0
stupid man overshadowed by louder stupid man,1
when men 'misremember' violating women,0
catholic teens still coming down after excitement of world youth day,1
fantasy football star confident he can make leap to general manager of nfl team,1
single strip of 'i voted' stickers more than enough for midterm polling station,1
how to overcome the geographic handicap,0
bigot relieved to learn gays in his state still effectively subhuman,1
"rupert murdoch, are you ok?",0
officials struggling to condense trump's intelligence briefing down to one word,1
a presidency under siege,0
high school bully worried victims will realize he actually retarded faggot himself,1
aerobics show used for almost completely non-aerobic purpose,1
georgia man shot by police who may have responded to wrong address,0
scary and gross - 3 disturbing consequences of a warming planet,0
daily meditation: finding the sacred,0
dude with knit hat at party calls beer 'libations',1
alcohol-themed party a success,1
the science behind why celebrities like ryan lochte tell fibs,0
radio station playing controversial 'little drummer boy' on repeat in defiance of those who claim it contains sexually predatory themes,1
the drag queen world series: everything you need to know!,0
butterball releases new travel-size turkey,1
the best hotel getaways for valentine's day,0
world's oldest woman just pleased every other human on earth when she was born now dead,1
we're so excited about this 'saved by the bell' pop-up restaurant,0
lazy minor league promotion just 'baseball night at the stadium',1
i'm really upset about the midterm elections god i love my new iphone,0
female barista getting a lot better at avoiding touching male patrons' hands when they pay,1
u.s. urges bin laden to form nation it can attack,1
this will make all of your troubling thoughts drift away,0
a valentine for my best friend: my life wouldn't be the same without you,0
kanye west announces his new name is tim,1
dateline nbc report inspired by actual events,1
boarding school student receives wet william,1
kim kardashian calls out congress for failing to close the 'terror gap',0
pharmaceutical industry profiting from a solution to a problem they helped create,0
nation would not be surprised at this point if chris brown allegedly traveled back in time and punched anne frank,1
7 total randos found dead,1
the 1 minute blog. protesters and looting.,0
this is why i prefer the bodies of older women,0
the backstreet boys or 'n sync release new album,1
29-year-old has blast writing his will,1
setting up the jokes for maximum effect,0
wolf blitzer debuts new real-time election results beard,1
gun show vendor jokes with insane customer about how he hopes he's not insane,1
obama under fire for playing t-ball during vietnam,1
pope francis warns of 'dangerous' alliance between u.s. and russia,0
alabama marriage equality tantrum is a slap in the face to all americans,0
las vegas review-journal taps glenn cook to steer newsroom temporarily after rocky month,0
nation's pregnant women announce discovery of comfortable sitting position,1
republican congressman tells cub scouts he'll support trump 'no matter what crazy things he says',0
report: 79% of minority suspects receive miranda rights while unconscious,1
activist wet-t-shirt judge votes for girlfriend,1
david chase analyzes 'the sopranos' ending shot-by-shot,0
train slices truck in half in terrifying railroad crossing crash,0
pilot shudders to imagine why passengers taking red-eye to atlantic city,1
twin wwii pilots celebrate 92nd birthdays with bird's eye view,0
"donald trump sold his investment in carrier's parent company, transition team says",0
"homeless girl scouts aim to sell 6,000 boxes of cookies in nyc",0
here's what cops and their supporters are saying about the sandra bland arrest video,0
family's euphemism for genitals really weird,1
brazil probes olympics threats after group backs islamic state,0
"tyler, the creator, is a huge fan of tesla ceo elon musk",0
trump lawyer attended doj meeting on confidential fbi informant,0
late-arriving guest encouraged to load up on food sitting in sun for past 4 hours,1
"talking on sunshine; wx geeks, the weather channel's new sunday show",0
friend of friend better friend than friend,1
flower freaking out after realizing there's a bee on it,1
celebrities react to bastille day attack with powerful pleas to stop the killing,0
advisors hopeful jeb bush finally has momentum to end campaign,1
trump vows to bring back ohio town's white castle,1
trump thinking of beginning rnc speech with sexist tirade he was saving for special occasion,1
"i can't do this anymore, congress. i can't.",0
even more evidence that anxiety can be genetic,0
new carl's jr. bedtime burger designed to be eaten while asleep,1
"a letter to ally parents, from your lesbian friend",0
local senior keeps busy with obituary-clipping hobby,1
"redditors reimagine a donald trump white house, and it's not pretty",0
"6 ways to cut wedding costs, according to wedding planners",0
victoria's secret puts record number of asian models on its runway,0
"because we already miss 'veep,' here are some arrogant jonah lines that didn't make it into season 5",0
lyndon johnson jr. sworn in as george editor,1
wal-mart executives kind of weirded out by town not putting up any resistance to store opening,1
desperate wheel of fortune receives approval to use swear words,1
osteoporosis: what does buying a purse have to do with it?,0
poll: majority of americans ready to give up on u.s. if someone else goes first,1
poll finds hillary clinton candidate most americans want to have 8-ounce glass of tap water with,1
internet to reduce e-mail delivery to 6 days a week,1
"report: distracted driving results in more than 5,000 unfinished texts each year",1
debra messing doesn't want you to freak out about a 'will & grace' revival just yet (update),0
"iraqi troops retake the town of nimrud, near historic ruins, from isis",0
family has strict no smartphone rule while eating dinner in front of tv,1
study finds more americans waiting to start secret second families until later in life,1
man races against time to take out trash bag with widening puncture,1
sales disappointing for first-ever hustler swimsuit issue,1
artists explore the many influences of ebony and jet magazines,0
former soldier turned zen monk teaches vets to use mindfulness as body armor,0
the pta mom and the power couple from hell,0
"coworker who already breathes, chews loudly thinking about getting into arrhythmically drumming on desk",1
benedict cumberbatch prepares for battle in magical new 'doctor strange' trailer,0
racehorse unaware it just cost some kid new braces,1
"report: that's expensive, please put that down",1
"why i voted for roy moore, twice",0
ramadan reflection day 7: prayers for the people of burma's concentration camps,0
obama and democrats set a trap for trump after baton rouge,0
enron executives blamed for missing employee donut fund,1
rookie nascar driver gets lost,1
librarian who amassed millions by living humbly leaves entire fortune to college,0
"fast food drive-thru just cow carcass, bucket for money",1
your backyard burgers are bursting with gross bacteria,0
mediocre painter's true talent lies in acting like a painter,1
visiting parents do their best to praise son's new apartment,1
"thousands protest peacefully in baltimore, and many lend a helping hand",0
fda approves new drug for treating pill deficiencies,1
the ryan fitzpatrick era must end for the new york jets,0
real-life grinch celebrates 'hanukkah',1
finding comfort in the wake of 9/11,0
third-grade slumber party a snakepit of machiavellian alliances,1
"it's not you, it's me: are your behaviors holding you back?",0
bush asks advice for this friend of his who invaded iraq,1
trump vows to leave a better afghanistan for nation's grandchildren to fight in,1
it only takes five minutes to show how thorny america's gun control is,0
report: limbo competition nation's last example of pure meritocracy,1
everyone in coffee shop can tell trainee a goner,1
one judge's order for hate crime committers: read more books,0
sun dreading rising today,1
want to make your spring cleaning more green? look for these labels,0
"teen blinded in one eye, but 'lucky to be alive' after duct tape challenge",0
'new york times' apologizes for running anti-semitic comic strip 'shylock the shyster' for past 37 years,1
rolling stones kick off 'sing our songs for us' tour,1
strapping young man to address congress,1
facebook status update field dreading what area man about to type into it,1
how i embraced the winter blahs,0
two dozen restaurant patrons made violently ill from marriage proposal,1
calcutta fire marshal: many indian homes lack bride extinguisher,1
the powerful new play breaking the silence about sexual violence,0
study: majority of time machine owners use device primarily to get couple more hours of sleep,1
trump budget would turn more jails into de facto mental hospitals,0
comparing donald trump to lord voldemort is unspeakably stupid. it's also pretty dangerous.,0
what's next for the obamas? michelle promises they're 'not gone',0
u.s. allies sign landmark trade pact as trump announces tariffs,0
baltimore residents urged to stay indoors until social progress naturally takes its course over next century,1
jack lalanne pops back up after cool down,1
hubble telescope desperately struggling to contact nasa after witnessing murder on ganymede,1
it is not all farm to table,0
classic movie 'avatar' updated for today's audiences,1
white house insists it won't dictate the manner in which kavanaugh exonerated,1
let this kid's on-point bat flip guide your monday,0
tractor-pull fans begin to question whether this is what life is really about,1
millions of people prince william would never deign to speak to captivated by royal wedding,1
stone-hearted ice witch forgoes exclamation point,1
snakes on caduceus clearly in love,1
mobile news crew reports on own van breaking down,1
family upgrades to shells & cheese,1
panhandler demands explanation for failure to provide quarter,1
"emails: how the obama administration secretly approved expanding piece of enbridge's ""keystone xl clone""",0
amazing affleck brothers dazzle oscars audience with high-flying trapeze routine,1
big day at the united nations,0
you're tackling your to-do list all wrong -- here's how to get it right,0
"woman has drawn-on eyebrows, nose, eyes, mouth",1
"guide your child's intellectual development, part 2",0
anna faris was dropping hints about trouble with chris pratt before split,0
"as american cities grow, new urbanism must be inclusive",0
video appears to show 76er jahlil okafor in street fight,0
alcohol-themed bar opens,1
what everyone should know about life with a brain injury,0
minnesota to replace al franken with lt. gov. tina smith,0
focus groups hated it right up until guy's head got cut off,1
trump's already urging policy changes after nyc terrorist attack -- without waiting for 'the facts',0
"naked, dripping wet tom brady thrilled by judge's decision to overturn suspension, imagines judge",1
nation's parents announce they have zero fucking patience for this bullshit,1
the harvey weinstein scandal should be a message to all men,0
why drunk in love only works for beyonce and how it may be getting you in trouble,0
americans respond to trump's plans for country with #nobannowall,0
pamela anderson slams australia's treatment of refugee's dog in papua new guinea,0
hands-off mom lets kids create own psychological issues,1
"what part of hamas strategy is so difficult for john kerry, joe scarborough and hillary to understand?",0
music compels weak man to dance,1
'never trump' movement isn't impressed with its rumored presidential pick,0
area plant proudly displays leaf,1
"u.s. should host 2022 world cup, not qatar",0
huffpollster: many americans supported stricter gun laws even before the orlando shooting,0
"texas puts an 'undue burden' on women's choice, abortion clinics tell supreme court",0
"priest religious, but not really spiritual",1
mary j. blige encourages 'real talk' on new radio show,0
"amazon warehouses stocked with 20,000 doctors in preparation for healthcare launch",1
spawn of satan a failure in father's eyes,1
thai dish apparently costs 3 peppers,1
gop: clinton could cost democrats in battle for senate,0
study: 82 percent of americans want to run over nathan lane with a tractor,1
iowa aims to keep young people from moving out of state with new 'the stress will kill your mother' retention campaign,1
general teaches defense secretary how to drive tank in k-mart parking lot,1
two cnn anchors are moving to new york,0
hurricane harvey is just the latest in facebook's fake news problem,0
secretary of agriculture finally gets around to reading fast food nation,1
please stop blaming women for making less money than men,0
why underwater homeowners won't be saved by bank of america's $17 billion deal,0
child running around house in bathing suit has no immediate plans to visit body of water,1
"theater: glorious ""spring,"" sugar ""daddy,"" stingy stein",0
the political theology of trumpian evangelicalism,0
wsj reporter: trump may have reneged on border wall deal to hold on to campaign issue,0
watch macklemore's thoughtful commentary on race in america,0
meatless monday: the seed of something great -- seed food and wine festival,0
entire meal consumed while testing if it needs more time in microwave,1
senate intelligence committee confirms from testimony that donald trump jr. has no knowledge,1
nation's creepy middle school gym teachers also come out in favor of circumcision,1
psychologists push for smartphone warning labels,0
either ming or yuan dynasty seizes control of mainland china,1
gasoline still inexplicably cheaper than milk,1
beloved showbiz legend and national treasure michael douglas actually none of these things,1
child on first day at refugee camp misses dead parents,1
donald trump unveils tax plan that would lower taxes for millions,0
protecting our environment is a matter of life or death,0
local grandmother feared dead after appearing in woman's profile picture,1
bathroom-disinfectant ad reinforces obsessive-compulsive disorder,1
'ghost hunters' enjoys surprising 100% success rate,1
going out on a limb: will the democrats hold onto the senate?,0
"romney comes clean, admits he made $32 trillion in 2006",1
mitch mcconnell: 'i didn't think president trump had a chance of winning',0
'13 reasons why': stop telling young women true love will save them,0
new video game technology finally allows rendering of smaller breasts,1
local student also a poet,1
surgeon general mills recommends three to five servings of froot per day,1
"'dear white people' cast, crew honor jordan edwards with scholarship fund",0
ecstatic pope francis finally lands role as mary in st. peter's christmas pageant,1
"stop right now, this is the most precious beach town you'll ever see",0
polite high school football team runs around banner that took hours to make,1
pregnant wife has no idea which jonas brother she married,1
area film buff wondering what pauline kael would say about cookie's fortune,1
the future is blurry!,0
how police chaplains help departments cope with officer deaths,0
teacher hoping students can tell he was once popular,1
can mtv go back to the music in an on-demand world?,0
the lawsuit against black lives matter and the central meaning of the first amendment,0
on our doorstep: the gatlinburg fires,0
the empty calories of fossil fuels,0
welterweight boxer dies after sustaining serious injuries in bout,0
irish weather forecaster's halloween report spooks viewers,0
"'he's a stockbroker,' says woman who finds that exciting",1
uzo aduba's emmys dress is a work of art,0
missouri gop lawmaker urges lynching for vandals of confederate statue,0
"women in business: catherine courage, senior vice president, customer experience, citrix",0
researchers uncover brain region associated with generosity,0
"next supreme court term will be 'more important than any in the last 50 years,' court watcher says",0
woman shouts down hall for boyfriend to come kill giant ax murderer she found in bedroom,1
mueller kinda miffed that barr clearly didn't read his stuff like he said he would,1
gop debate stage manager pulls ladies' podium out of storage for carly fiorina,1
why the sharing economy is harming workers -- and what must be done,0
putting it together in 2015,0
woman claims to reenact michael phelps affair in 'going for the gold' porno,0
the king of credit card fraud,0
honoring those who make a difference for animals,0
perverted wall gets off on making apartment guests look at exposed brick,1
ant born,1
trump claims he can overrule constitution with executive order because of little-known 'no one will stop me' loophole,1
'us weekly' wins pulitzer for outstanding achievement in photoshopping a rip between divorced celebrity couple,1
mark zuckerberg: 'i regret' rejecting idea that facebook fake news altered election,0
beyoncé's 2015 global citizen fest setlist was pretty flawless,0
trump vehemently denies using word 'people' to describe african immigrants,1
drone that destroyed wrong target casually flying away like nothing even happened,1
man going to restroom deputizes friend to order him another beer,1
julianne hough lived in pain for years because of endometriosis,0
decaying city just wants to skip to part where it gets revitalized restaurant scene,1
"bengal tigers' habitat down to studio apartment in jaipur, india",1
nabisco introduces x-treme salt-assault saltines,1
kim jong-un thrown into labor camp for attempting to cross border into south korea,1
picking thing up from apartment floor rescheduled for thursday,1
lincoln memorial empty after former president's statue furloughed,1
voter dreading being sent over to visibly stupid poll worker,1
tucker carlson unsure why he in middle of 20-minute rant against croutons,1
area woman tired of men staring at her breast implants,1
stephen hawking leaves behind beautiful legacy of unheeded warnings to humanity,1
science fiction fan increases suavity with trenchcoat,1
national forest service recommends campers tie up their food to avoid attracting other visitors,1
"5,000 jack-o'-lanterns stun in haunting halloween display",0
eric rosswood talks “the ultimate guide for gay dads” and more (audio),0
san francisco vandals keep messing with super bowl 50 signs,0
the easiest thing you can do for weight loss and longevity,0
management determined to find out who in company leaked information that ceo is asshole,1
dressing room curtain tested for vulnerabilities,1
"this man used netflix to propose, and now we're ugly crying at our desk",0
raucous town hall in utah blasts gop rep. chaffetz over trump,0
elections in ukraine,0
mom who drove kids into ocean gives birth,0
adorable cotton candy girl is the hero we all need right now,0
donald trump: 'i fight like hell' to pay less in taxes,0
"mister rove, master of the smear",0
"student athletes, open mics and ncaa profiteers",0
moving forward.,0
"ostrich-farm employee 'asking for it,' say witnesses",1
i live in greece,0
baby found on doorstep moved to neighbor's doorstep,1
drake's super bowl ad makes you wanna call someone on your cell phone,0
pathetic excuse for man paid same wage as female counterpart,1
two victims shot on texas southern university campus,0
humane society urges americans to opt for shelter turkey this thanksgiving,1
sweet video honors the amazing work of child life specialists,0
the definitive list of men you'll find at whole foods,0
watch: the pains of being pure at heart unveil new songs,0
here's what happens when kids age out of foster care,0
puerto rico celebrates dependence day,1
"heroic man rushes into movie theater, saves 4 seats",1
"thank a teacher thursday: dominic casulli and the power of encouragement, part 1",0
supreme ruler of laundry room moves load of clothes from washer to top of washer,1
marine biologists reveal that majority of world's oceans remain boring as shit,1
report: there just something dark and intriguing about man with serious personality disorder,1
man who stopped dieting already seeing results,1
check it out: giant pumpkin outweighs smart car,0
healthcare is a political statement for the republican party,0
surinamese man struggling to write the great surinamese novel,1
why i refuse to apologize for my selfies,0
"castro leaves hospital two years younger, four inches taller",1
why i couldn't let breastfeeding go,0
copy editor's revenge takes form of unhyphenated word,1
"jesus loves trump, but he wouldn't vote for him",0
different waitress brings order,1
parents reminisce to children about dating algorithm that brought them together,1
"cupid cop gave out roses, cards on valentine's day instead of tickets",0
"girlfriend, girlfriend's brother look way too much alike",1
"kaia gerber, cindy crawford's daughter, lands major fashion campaign",0
"watch live: bernin up nyc dance party in brooklyn, new york",0
margaret atwood speaks out against anti-abortion legislation in the u.s.,0
nesting sea turtle escorted from private beach,1
"77% of us feel bad about wasting food, but aren't sure what to do",0
ad campaign for new $20 bill a success,1
"on world food day, take action against hunger",0
fda approves new drug for treatment of social anxiety,1
man who enjoys popular rock songs discovers perfect radio station,1
report: there an adult superstore off exit 16,1
spirits in the night,0
using the united fiasco to flourish in the future,0
chinese takeout restaurant thought it had seen man at his worst,1
our cross to bear,0
2-year-old adorably mangles 'the star-spangled banner',0
christian bale loses 40 years for upcoming movie role,1
"spotify hit with $1.6 billion lawsuit from publisher representing tom petty, neil young",0
the maker of oreos is hiring for a dream job: chocolate taster,0
hillary clinton calls for 'basic bargain' on economy,0
"man returns to work after vacation with fresh, reenergized hatred for job",1
child boosted on shoulders for better view of man having heart attack,1
this is not my body,0
21 reasons you should probably just get drunk with your parents,0
pretentious peasant insists he never watches beheadings,1
"trump promises u.s. will continue to recognize, preserve palestinians' historic refugee camps",1
receipt brazenly placed in bag without permission,1
gm wants to fill the gap volkswagen's dieselgate scandal left,0
going beyond the usual arguments about gun safety,0
how hbcus respond to a call for inclusion of lgbt students,0
"film critics captivated by use of one long, unbroken take in parent's recording of middle school 'guys and dolls' production",1
local teen walks in on family masturbating,1
donald trump made the nicest ad for new travel ban in 'conan' spoof,0
vince gilligan's brain spoils final season of 'breaking bad' for vince gilligan,1
a giant list of epic destinations for anyone who lives to travel,0
hillary clinton and bernie sanders vie for california's support,0
the effects of delaying puberty for trans youth,0
congresswoman says former congressman tried to force himself on her in elevator,0
"youth homelessness is an invisible issue, but it doesn't have to be",0
the funniest tweets from women this week,0
a price on carbon is neither liberal nor conservative. it's just practical,0
"trump calls black supporter 'thug,' throws him out of rally",0
santa fe high schoolers held gun violence protest 1 month before shooting,0
cottonelle adds blue strip to toilet paper but keeps what it does a secret,1
restaurant patrons rapidly losing faith parents going to do something about 4-year-old,1
the lord of the rings: my survival guide to cancer,0
"paul singer, influential gop billionaire, throws support to rubio",0
parent now just typing 4-year-old child's every word verbatim throughout day as facebook post,1
"study finds chickens would have no qualms about caging, eating humans",1
this unreleased britney spears song is all kinds of sultry,0
area cat allergic to kevin strenlow dander,1
the truly awful part about food allergies (and how i got over it),0
winter storm threatens homeless man's plans to survive over thanksgiving,1
"thank you, america",0
andrew lincoln will make you hope for rick's death scene on 'the walking dead',0
watch live: reproductive rights at forefront on wisconsin primary day,0
first holiday season without grandma incredible,1
poll finds 100% of americans blame shutdown entirely on colorado representative scott tipton,1
"facebook: 'we will make our product worse, you will be upset, and then you will live with it'",1
'luck' producers still killing a lot of horses,1
nevada politician: getting an abortion was 'the right decision' for me,0
white house infested with bedbugs after biden brings in recliner off the curb,1
lena dunham defends 'girls' writer accused of raping 17-year-old,0
"by embracing psychology and ignoring polls, democrats could still win the '14 elections",0
area man maps out drinking strategy,1
the 20 funniest tweets from women this week,0
why you shouldn't visit iceland during the summer,0
reflecting on the aids epidemic this gay men's health crisis founders' day,0
"god deploys 100,000 more mosquitoes to u.s.",1
jury finds defendant pretty,1
nation shocked anyone would want to purchase media company,1
pilot was locked out of cockpit before alps crash,0
how a group of outcast teen boys taught me the value of youth sports,0
audience at press conference relieved to hear steps will be taken,1
fda approves new pasta shape,1
steven tyler says he just wants joe perry to live after latest health scare,0
the clever way starbucks customers are insisting 'black lives matter' is heard,0
relieved malia obama quietly thanks secret service agents for taking rap for her,1
police department deploys fancyclothes cop,1
how your sleep changes with the moon,0
no one quite sure why 8-year-old has voice of lifelong chain smoker,1
pantomimed lasso motion fails to pull woman across dance floor,1
american muslims are fearful but resilient about their place in trump's america,0
study exposes risks of conducting research while driving,1
chubby jewish boy dreams of one day being next apatow muse,1
hush falls over prison population as madoff stabs cellmate in throat,1
20 must have fashion items for every college girls wardrobe,0
this dog in brazil probably plays soccer way better than you,0
helpful museum map highlights exhibits visitors don't have to feel too bad about skipping,1
'harry potter' actor alfred enoch says there's no reason hermione can't be black,0
what's really going on with twitter?,0
huffpollster: california's democratic primary looks closer than ever,0
nation's shark experts: 'you could've had this job',1
ask the art professor: how can i make the transition to teaching art at the college level?,0
new internet radio station modeled on heyday of fm radio,0
"nation's women clarify they harbor no secret desire to see colleagues', acquaintances', strangers' genitals",1
a quiz for moms: how ready are you for the school year to end?,0
if you love tom of finland we've got the perfect new emoji for you,0
casual christian accepts christ as his lord but not his savior,1
you can't have these tech gadgets for christmas,0
the fbi just blasted reporting on the san bernardino killings,0
chris christie neglects new jersey woes while hinting at 2016 presidential run,0
'got' season finale hints at appearance of that one big character,0
rumsfeld wearing same shirt for fourth straight day,1
"dvd tries to pass off 'language options,' 'scene selection' as special features",1
larry king's frothing saliva hosed off bette midler,1
vulture feeling nauseous after eating bad rotting deer carcass,1
mitsubishi from 'the fast and the furious' lands first directorial role,1
biden lines up sweet summer gig installing above-ground swimming pools,1
chris columbus admits there are hours of 'home alone 2' outtakes featuring trump saying racial slurs,1
stop freaking out about cellulite: the simple question you didn't think to ask,0
donald trump tweets cryptic response to twitter account deletion,0
last few republican senators form roman tortoise,1
"gaunt, weathered john kerry leads prisoner uprising in siberian labor camp",1
do trump voters continue to support repeal of obamacare?,0
exxonmobil ceo depressed after realizing earth could end before they finish extracting all the oil,1
"kushner: 'i did not collude, but i pretty much have to say that, right?'",1
woman duct-tapes her dog's mouth and brags about it,0
this is how it feels to lose a gutsy nfl game,0
ciro guerra's 'embrace of the serpent' at cannes: a conversation with the colombian director about shamanism,0
doomsday clock pushed to one minute to midnight after arby's threatens launch of 3-cheese jalapeño beef 'n bacon melt,1
seattle ushers in $15 minimum wage amid national debate,0
jeb bush insists he's a washington outsider,0
panicking taylor swift realizes it too late to call off assassination after katy perry makes peace offering,1
new toxic-waste by-product contains no fat,1
how many of the hundreds of thousands of untested rape kits in the us are in your city?,0
7 havana attractions you can't wait to see,0
report: 55% of nation's granite now engraved with names of victims,1
most people will have a mental health condition at some point,0
brandy sang on the nyc subway and nobody noticed,0
group files complaint against judge who sentenced man to marry girlfriend,0
matt damon now knows you are sexually attracted to his ponytail,0
researchers announce they don't have heart to reveal what will happen to 1 in 5 women,1
"heroic pit bull journeys 2,000 miles to attack owner",1
wild-eyed sears ceo convinced these the flannel pajama pants that will turn everything around,1
leave no person with disabilities behind,0
here's what we know about 'american horror story' season 5,0
california just made it easier to fire bad teachers,0
obama purchases ad space on side of mccain's bus,1
congressional candidate distances himself from 'atheist' label,0
christmas pageant enters pre-production,1
anthropologists discover ancient greek super pac that helped shape first democracy,1
michael cohen promises more damaging recordings of trump already public,1
police finally make breakthrough in decades-old marijuana possession cold case,1
grandparents' super sweet birthday serenade will make you tear up,0
brian kemp campaign energized after seeing early voter suppression numbers,1
conan o'brien just had to advertise during james comey's hearing,0
"turkish police raid isis safe houses, detain 22 islamic state suspects as death toll climbs",0
area man bored with all the porn he owns,1
another pufferfish dies bitter and friendless,1
calm sense of impending violence returns to middle east as ceasefire brokered,1
19 unusual baby names that celebrities love,0
a third of americans say they know someone affected by harvey,0
uc davis chancellor linda katehi placed on leave over claims of ethics violations,0
see the most intense 'secret in their eyes' trailer yet,0
foul play suspected in destruction of world's second-largest ball of twine,1
heroes for homeless kids celebrate in aurora,0
everyone at thanksgiving doing chore to get away from rest of family,1
once again: can a mission-driven nonprofit be blindsided?,0
commence to move forward,0
trevor noah compares trump surrogates to bizarre cirque du soleil,0
megan fox daydreaming about megan fox naked,1
florist who turned away gay couple wants supreme court to hear her case,0
chili's customer who just finished ribs platter given complimentary hose-down,1
muslims respond to hateful protests with voter registration drives,0
"space, race and the space race",0
turkish actor thinks he's cüneyt fucking arkin,1
5 nutritionist-approved back-to-school tips,0
fareed zakaria and u2 for president,0
syrian militias armed by cia are fighting syrian militias armed by pentagon,0
aides gently remind hillary clinton not to refer to opponents as 'obstacles to greatness',1
"nike ceo blasts trump executive order targeting muslims, refugees",0
montana judge targeted for impeachment for 60-day incest rape sentence,0
11 tips for new parents flying with their children for the first time,0
"maria butina slips away after binding half-naked, blindfolded robert mueller to bed",1
opening wider and diving deeper into the immeasurable beauty and pain of life,0
"trump threatens to veto spending bill over border wall funding, then signs it",0
university of kansas plans to create meditation room,0
"blissed-out, hemp-wearing sean spicer assures reince priebus this the best thing that ever happened to him",1
these backseat taxi photos are an incredible fashion time capsule,0
therapist feels bad for dating patient's daughter,1
the best taxi and ride-hailing apps around the world,0
expectant mother chrissy teigen is totally embracing her body,0
"seinfeld nears streaming video deal, yada yada",0
doctor weirded out by patient she just met providing every lurid detail of medical history,1
pope urges using 'weapons of love' to combat evil in easter message,0
"restaurant teaches former inmates to cook, helps them get back on their feet",0
dozens wounded as man defends box of wheat thins from invading coworker horde,1
5-year-old has heart-wrenching reunion with mom after airport detention,0
money continues to pour in to some undesignated far-off point somewhere,1
yacht name conveys owner's easygoing lifestyle,1
another friends star to appear in another big-screen bomb,1
nra ad director still searching for right sinister music to play over footage of high schoolers,1
white house press secretary responds to question about rising obamacare premiums with torrent of toxic spray from parotid glands,1
beautiful nurse gives teen enema,1
4 things you need to know about the latest jobs report,0
"in mental health awareness week, we need more than mental health 'first aid'",0
crullers explained,1
when your life clicks into place,0
"birthing in the gambia: educate, empower and enable",0
new york city announces subway just for amazon employees now,1
amazon signs lease for possible store in manhattan,0
bask in the awkward disaster that was justin timberlake and anna kendrick's 'trolls' premiere,0
"general mills releases tiny toast, its first new cereal in 15 years",0
cocksucker beats up motherfucker,1
new evidence reveals christ lounged in tomb for extra hour before finally rising from grave,1
"martha the mastiff, 'world's ugliest dog,' is droopy, gassy and gorgeous",0
god getting strong urge to bring back dinosaurs,1
stephen colbert rips facebook for restricting fake news after trump win,0
hershey's announces it's all out of candy,1
woman would have had awesome time aborting fetus if it weren't for angry protestors screaming outside clinic,1
"gwyneth paltrow reveals secret to her healthy, radiant skin eating 20 pounds of kielbasa a day",1
watch a new scene and promo from 'the walking dead' season 6,0
supreme court weighs if friendly tips worth millions constitute insider trading,0
man nods his way to the top,1
hair salon acquires rare nagel print,1
55 incredible photos of girls going to school around the world,0
thousands of americans to notice first signs of dementia while visiting parents over holiday,1
touring company of cats prepares for yet another day in the goddamn catsuits,1
3-year-old pretending stuffed animals having big fight about accidental pregnancy,1
7 seriously rad mother's day gifts,0
secret service officer arrested in child sexting sting,0
burden of parental expectation available in youth sizes,1
greenpeace decides northern spotted owl 'not worth the trouble anymore',1
what if they held an anti-immigrant party and nobody came?,0
former adviser says rick perry's campaign in new hampshire has folded,0
ice agents hurl pregnant immigrant over mexican border to prevent birth on u.s. soil,1
twitter applauds trump's demands for 'law and order',0
group that makes dodge truck commercials called 'creative team',1
joe biden has strong words for betsy devos after her title ix announcement,0
robert e. lee was not an 'honorable man.' he was a white supremacist traitor,0
"what aziz ansari, and most straight men, don't get about consent.",0
panicked er doctor calls 911,1
4 stunning spring dresses for boomer women,0
here's how many calories 6 summer olympic sports burn,0
great barrier reef experiences its worst coral die-off,0
george h.w. bush's casket completes log flume journey to u.s. capitol,1
december's people,0
north carolina tops gonzaga to win sixth ncaa title,0
'call my husband. i just killed my baby',0
"clinton receives 400,000 honorary degrees for college commencement speech",1
my friend michael and the power of acknowledgement,0
toddler makes convincing case for being afraid of horse,1
mom makes sure everyone has masturbated before long car ride,1
"indonesian mother sews halloween costumes for 60,000 children",1
there's a major intensity gap on the gop's new health bill,0
syrian families living outside turkish refugee camps face tough conditions,0
outside money surge makes kansas senate race costliest in state history,0
netflix town criers announce arrival of 'mad men' season 6 on streaming,1
olympic bronze medalist to appear in flintstones on ice,1
latina business owner faces death threats for appearing onstage at donald trump rally,0
the fashion world mourns joan rivers,0
what's the matter with dystopia?,0
government report on illiteracy copied straight from encyclopedia,1
rnc leader to trump: tone it down!,0
47-second clip from 'family ties' season 3 now available on youtube,1
pope asks to be taken off list of world's 100 richest people,1
white americans say the starbucks arrests were an isolated incident. black americans say they were part of a pattern.,0
purchase justified by theoretical $50 rebate,1
ted cruz upsets donald trump in maine republican caucus,0
2018 is already off to a violent start,0
former u.s. attorneys warn trump about 'severe repercussions' of firing robert mueller,0
a message to trump: regime change will not work in syria,0
looking for love online? here's the best way to do it,0
creative writing teacher announces plan to sit on edge of desk,1
only nba nerds will catch the joke in this nba 2k16 trailer,0
former trump ethics director calls arpaio pardon 'a harbinger of worse to come',0
visine introduces new eye-whitening strips,1
congress passes natural disaster digital-enhancement funding,1
paul ryan wondering if he should have told romney about this guy he's dating,1
bp ceo: 'we deeply regret the tragic loss of $4.5 billion',1
how a firm helps small communities remove contamination from their water,0
local oaf not sure what part of counter you order at,1
new facebook feature allows user to cancel account,1
john legend speaks out against trump's syrian refugee and travel ban,0
no one in limo going to prom with the one they wanted,1
dozens dead after suicide bomber blows himself up near kabul shrine,0
trump locked out of white house after accidentally revoking own security clearance,1
"report: adjectives 'tony,' 'snarky' used only by media",1
hope hicks' resignation sends tweeters into joke overdrive,0
the superficiality of online dating apps,0
david allan peters at ameringer | mcenery | yohe,0
mexico moves closer to extraditing drug lord el chapo to u.s.,0
"putin condemns ukrainian people's unprovoked 1,000-year occupation of south russia",1
"huffpost hill - nazis to pound pavement, skulls for trump",0
same homeless man always begging for change on united flight,1
we will beat trumpcare: we only lose if we forget what we're fighting for,0
guard dog in training notices very suspicious-looking dog in mirror,0
anne frank center blasts trump's limp anti-semitism response,0
"yes, trump has the power to launch a nuclear attack on his own",0
7 workout rules you can totally ignore,0
t.g.i. friday's bankrupt after spending billions on priceless americana,1
twitter thinks apple's homepod looks like a roll of toilet paper,0
"on his santa monica mountaintop, a billionaire envisions lofty thoughts on politics and culture",0
our nation's truckers: are we meeting their pancake needs?,1
how do fighter pilots earn their nicknames and call signs?,0
hate-crime bill stalled by pro-hate lobby,1
hillary clinton steals the show with pitch-perfect cameo in 'song for women 2017',0
taylor swift thanks her 'boyfriend adam' during iheartradio music awards speech,0
3 reasons i haven't told people i'm doing ivf,0
a sadder pride because of washington inaction,0
nbc unveils on screen graphic informing audience they are watching football,1
classic boring,1
jeremy lin makes it a gold christmas for lakers,0
13 ghastly money mistakes that could come back to haunt you,0
"bill henderson, jazz vocalist and actor, dies at 90",0
10 notable books of 2016 on black women's history,0
study finds exposure to violent children causes increased aggression in video game characters,1
man panics after reaching age where parents prematurely started family,1
celebrating pro bono month,0
bill maher gets real about marijuana legalization,0
5 late-night hosts made the same dumb joke about trump's nondisclosure agreement,0
google reviewed 2017 and it's enough to make us all cry,0
woman survives 7-story plunge from parking garage in bmw,0
abc producers blasted for controversial selection of underage 'bachelorette',1
"blood-covered finger confirms nose, in fact, bleeding",1
nation hit hard,1
"study finds humans' greatest swing in mood occurs between leaving office for lunch, returning afterwards",1
how donald trump united liberals and conservatives on abortion,0
"'everything, everything' answers calls for more movies about women of color just being women",0
an american in paris on broadway,0
some of amazon's suitors have been burned before,0
shirtless tonga olympian pita taufatofua wins olympic opening ceremony again,0
snapchat's snapcash: is peer-to-peer payment safe?,0
showerin' real good continues to top bridal style trends of 2017,1
6 older celebs who stole the show at the golden globes,0
area woman thinks she could live in city she's visiting,1
dwight howard on helping to empower and educate girls in east africa,0
"restaurant, staff patronized",1
up-and-coming local band signs two-cassette deal,1
we're sugar babies. this is what it's like.,0
"hundreds of thousands on precipice of losing everything, yet no one seems to care?",0
turkey sandwich given locally relevant name,1
gop presidential hopefuls fail again to sketch out an obamacare replacement,0
canadian officials start to get handle on massive wildfire,0
bank robbers fail to consider o'reilly factor,1
ted danson totally nails tonight show interview,1
a mild-mannered woman from washington is the democrats' deadliest weapon,0
state of emergency declared at new york city's housing authority,0
lindsey graham's leaked voicemails are very revealing,0
joe walsh wakes up on stage mid-solo again,1
caught on video: that horrifying moment your parachute fails and floats away in the wind,0
child assured most monsters do not exist,1
fighting rages in aleppo as syrian rebels claim to break through siege,0
ferguson police chief: darren wilson did not know michael brown was suspect in 'strong-armed' robbery,0
"report: shit, last night was trash night",1
local couple celebrates birth of son with ritual genital mutilation,1
"my ""aunt hillary""",0
united states sends laos bill for 80 million undetonated bombs still left in country from vietnam war,1
jake tapper has one-word response to creepy kellyanne conway 'snl' sketch,0
lester holt begins debate by reminding audience these the candidates they chose,1
mom thought nfl's first openly gay player should have been drafted earlier,1
this tv meteorologist has absolutely had it with the flat-earth movement,0
frustrated iranian scientist forced to shut down project he spent 12 goddamn years of his life on,1
sinclair takes a swipe at cnn with misleading 'fake news' video,0
'greatest story ever told' has gimmicky deus ex machina ending,1
illinois elves have some gift ideas for your favorite politicians,0
mom has stacked dinner party roster,1
broke dad makes son playstation 2 for christmas,1
"republicans fail on health care. here's why the rest of trump's agenda won't be 'so easy,' either",0
aunt on facebook casually advocates war crime,1
confessions of a secret dog stalker,0
thieves make off with museum's most valuable docents,1
horrifying doll sitting on neighbor's porch whether it's halloween or not,1
senate republicans won't refute trump's lie that millions voted illegally,0
you can now buy 'icky trump' t-shirts thanks to the white stripes,0
'i gave up sex as a man in hollywood',0
evil hong kong kung-fu legions petition for right to attack two at a time,1
what #digitalhealth can learn from the fight against hiv/aids,0
new stardew valley expansion allows player to shoot self in barn after family farm bankrupted by corporate agribusiness,1
venus added to registry of historically significant planets,1
this cheeky 1913 letter from a suffragist is giving us life,0
romney throws quinceañera for ann in last-minute attempt to get hispanic vote,1
underwear worn out of respect for the dead,1
leo dicaprio: green tech can soon meet 100% of global energy needs,0
"entomologists retract new spider species discovery after determining it actually just clump of dust, hair",1
carmelo anthony randomly ran a mini-marathon mid-game,0
stevie nicks dancing alone on beach under full moon,1
9-pound infant barrels way down birth canal,1
scenes from a drunken huddle of angry white men,0
new yorkers cower as clinton victory speech reverberates across entire state,1
judge blocks federal government from enforcing transgender guidance in schools nationwide,0
catholic church condemns metrosexuality,1
smear campaign against michigan candidate shows how hard it is for muslims to run for office,0
dad receives advance intelligence on visiting son's new eyeliner,1
12 gift ideas for couples who don't take themselves too seriously,0
romney campaign releases new picture of candidate standing in situation room during bin laden raid,1
abu ghraib inside joke lost on rest of world,1
republicans condemn akin's comments as blemish on party's otherwise spotless women's rights record,1
kris jenner has her say on son-in-law kanye west's 'good intentions',0
b condoms seeking faa permission to test drones for 'homeland security program',0
louisa meets bear by lisa gornick,0
kevin bacon talking about his band approved as prescription sedative,1
'black panther' star michael b. jordan wants his killmonger's hairstyle to become a trend,0
what comics can offer to bible readers,0
if area dad steps on legos one more time,1
prosecutor in walter scott shooting rates 'zero with the black community',0
to my grandmother after my father's death,0
house republican proposes bill to prohibit use of private email servers,0
wayne coyne wants more futuristic 'drugs that we can have fun on',0
establishment-backed moderate wins heated democratic house primary in texas,0
janelle monae: 'none of us are free until all of us are free',0
farmer chases fifth wedding party out of barn this month,1
let's get down to business and meet disney's new mulan,0
10 steps to fixing a credit report error,0
laid-off website designer designs website about being laid off,1
creators of michelle rodriguez's new film defend it from claims of transphobia,0
leftover bugles still stuck to trump's fingers during bill signing,1
"like, share and, now, shop on facebook",0
"in final machiavellian masterstoke, area woman adds 'no gifts, please' to bottom of invitation",1
"70 years of atomic weaponry: at least 33,480 americans dead",0
fans beg aerosmith to go back on drugs,1
'paw patrol' writers defend episode where german shepherd cop shoots unarmed black lab 17 times in back,1
"new york giants clean house, fire coach ben mcadoo, gm jerry reese",0
barack obama records robocall for doug jones in alabama senate race,0
an open letter to graduation speakers,0
disney begins uploading obama's consciousness to hall of presidents robot,1
snack scientists develop previously unthinkable capacity to stuff cheese inside itself,1
dad not going to pay someone to fix marriage when he can do it himself,1
connect four-playing sis pretty sneaky,1
historical archives: kid-ney bean shaped organ recently discovered,1
white house staff frantically shredding trump campaign aides,1
nation urged to be extra sensitive to men reliving trauma of not getting something,1
decades of hosts return for 'gma' anniversary,0
how i navigated my first 7 years of sobriety,0
what might have been in 2017 had hillary clinton won,0
that guy from that one show attempting comeback,1
all of man's time-wasting websites exhausted before lunch,1
adam smith vs. ayn rand,0
the burden of hate,0
enjoyment of steve miller band's 'jungle love' last piece of common ground in america,1
"it's election season, but where are the lawn signs?",0
irs can't believe area man didn't get a raise last year,1
finally something economists can agree on: trump's debt talk made zero sense,0
area power walker looks just ridiculous,1
university of texas professors sue to block guns in classrooms,0
another boxing hall of fame induction ends with everyone punching each other,1
"viral photo captures incredible moment between police officer, homeless man",0
how the axact scandal changed pakistan's media,0
cuomo makes surprise afghanistan trip,0
who's a better liar: brian williams or pinocchio?,0
'i'm sorry i didn't finish the job',0
black man at walgreens impressed by how attentively employees tailing him,1
this iphone x unveiling parody doesn't pull any punches,0
"man throws brisket at woman during beef at bbq fest, police say",0
target raises minimum wage to $10 an hour: report,0
the glory days: iv,0
overweight man repeatedly introduced to overweight woman at party,1
hillary campaign releases footage proving that she is in perfect health,0
rotating knife vortex closed pending safety investigation,1
most latinos don't believe they need to be able to do this to be latino,0
"'hatchet man' suspect could have ties to murder of teen hikers, police say",0
"columbus day protests once again erupt as nation struggles with its dark, anti-italian past",1
5 signs your hair color choice is making you look duller and older,0
hillary clinton eviscerates donald trump in her best speech yet,0
facebook friend apparently dead now,1
15 popular travel destinations you should avoid in the summer,0
ceo would trade 5 percent of stock options for 10 percent more time with his kids,1
ellie goulding and james corden perform 'love me like you do' remix,0
art experts confirm guggenheim museum a forgery,1
the education department officially won't deal with transgender students experiencing bathroom discrimination,0
'the birth of a nation': a century later,0
trump's usda pick with ties to russia investigation withdraws nomination,0
kid diving into pile of leaves has no idea there homeless guy jerking off in there,1
air force will no longer require 'so help me god' in enlistment oaths,0
furloughed bison pour back into national parks after government reopens,1
indianapolis sports reporter pours his little heart out in peyton manning retirement column,1
"lightning bolt blasts washington monument as mike pence, pete buttigieg locked in battle of prayers on national mall",1
7 full podcast seasons for your holiday binge-listening pleasure,0
man coasting through life entirely on benefit of doubt,1
why starting a company is a crazy thing,0
jennifer aniston finally reveals hairstyle that repulsed brad pitt,1
google chooses saving lives over profits in the midst of opioid epidemic,0
nra: 'please try to remember all the wonderful things guns do for us every day',1
watch college students surprise beloved cafe worker with a dream trip to disney,0
"after 55 years, navy gets its first woman seal applicant",0
south carolina gov. nikki haley to endorse marco rubio,0
non-alcoholic beer inventor unveils new non-adhesive glue,1
i.t. guy has long dark night of self-doubt,1
man wondering when 'ocean's 8' trailer going to show film's protagonist,1
"when a man's wheelchair got stuck in a storm, this cop did something great",0
how to know when to dial your confidence up -- or down,0
gay olympian finds 'silver lining' in broken thumb: he won't have to shake pence's hand,0
how to eat seasonally in the middle of february,0
friday talking points -- utter foolishness,0
no one at ad agency remembers hiring carrot top for commercial,1
what it means to be a 'dream director' at one of d.c.'s struggling schools,0
sex officials add new base between second and third,1
wednesday's morning email: latest missile launch from north korea appears to put entire continental u.s. in range,0
"'12 years a slave,' 'captain phillips,' 'american hustle,' 'wolf of wall street,' 'blue jasmine,' 'dallas buyers club,' 'her,' 'nebraska,' 'before midnight,' and 'philomena' all written during same continuing education screenwriting class",1
cubans demand a direct and secret ballot to elect their president,0
fda declares munchos to be good source of disodium guanylate,1
donald trump casts doubt on russian election interference ahead of vladimir putin meeting,0
what money for trump's border wall could buy in disaster relief funding,0
cosmopolitan releases 5 sexy helen gurley brown obituaries to drive your man wild,1
daily mail hits another low with sexist front page,0
queer film explores long-term relationships in the age of the single,0
trump: 'it's my honor to deliver the first-ever state of the union',1
'that nail polish looks horrible on you' and other words of style advice from my grandmother,0
"moms, i know why you're exhausted",0
report: of course that guy on college's alumni committee now,1
nation gathers around area man trying to parallel park,1
protests over police violence spread around u.s.,0
trump's new afghanistan plan: same as the old plan,0
clinton campaign launches 'latinos for hillary',0
report: turkey sandwiches an excellent source of turkey sandwiches,1
scientists genetically engineer lab rat predisposed to think anything wrong with it might be cancer,1
hillary clinton tells a fifth-grader she's also had to deal with bullies,0
i fell in love carrying another man's child,0
roommate won't shut up about his best sound mixing oscar,1
greed and resistance in sarawak's rainforest,0
auto industry agrees to install brakes in suvs,1
wltz hartford's number one choice for continuous soft hits,1
those close to nation say it showed dozens of warning signs leading up to massacre,1
firefighters turned away from exclusive nightclub blaze,1
teamwork mostly karen,1
gay kid excited to be made fun of for second thing,1
silvio berlusconi transferred to steamy all-female penitentiary,1
study predicts 200 feet of sea level rise if all fossil fuels are burned,0
junior-high-school badminton unit inspires 948 'shuttlecock' jokes,1
"boy george opens up about happiness, being a u.s. politics junkie and more",0
'god called me here': meet the people of little rock,0
#explainthe90sin4words resurfaces '90s pop culture references,0
consumption of buncha crunch reverently paused during unsettling scenes of 'american sniper',1
"what really happens when you're infected with measles, in one chart",0
why mothers are so special,0
$500 stereo installed in $400 car,1
11 wabi sabi home decor ideas that embrace imperfection,0
romantic gesture too expensive to waste on current girlfriend,1
photos of ''star wars' in real life will put you over the moon,0
grandfather clock does loop-the-loop with pendulum when no one looking,1
"trump promised senator no federal crackdown on legal weed, but who even knows",0
"with big names like the cure and grimes shining at bestival toronto, it was the details and even a michigan-born techno artist that made it a wonderland",0
"steve allen: gone, forgotten",1
here's how a landmark ruling on trans teens' rights could have a colossal impact on schools,0
isis starting to worry new recruit huge psycho,1
taylor swift brings fans to tears with surprise gifts,0
poll finds majority of americans have never met willem dafoe,1
trump asks national prayer breakfast to pray for 'celebrity apprentice',0
you don't need god to have a life purpose: rabbi,0
democrats express outrage as gop tax cuts inch closer to completion,0
'diary of anne frank' found in attic,1
cardinal law canonized following miracle of escaping criminal prosecution,1
kentucky governor's crime plan: volunteer 'prayer patrols' roaming the streets,0
18 awesome picnic recipes (that aren't sandwiches),0
navy officer runs half-marathon in 85-pound suit to raise money for veteran amputees,0
area man marks territory on bench with sweaty thigh outline,1
the unicorn frappuccino is coming to a starbucks near you,0
björk spotted leaving nightclub with mysterious firefly trapped inside bubble,1
hilary duff's heartbreaking instagram shows how hard it is to lose a pet,0
intergalactic law enforcement officers place energy shackles on hillary clinton,1
houthi official: yemen strikes by saudi arabia will set off 'wide war',0
can the american idol 2  winner end kelly clarkson's pop-chart dominance?,1
jesus-loving co-worker believes she's not alone at lunch table,1
thrill-seeker microwaves pot pie without slitting crust,1
hershey: u.s. income inequality is transforming the chocolate business,0
guatemalan coffee picker happy if single person starts day alert,1
biden quietly asks obama to pick him up some of those real throwing stars from japan,1
honest parents share their hilarious confessions,0
security removes biden's rowdy buddies from auditorium,1
study: owning a boat not worth it,1
cancer topples chavez in bloodless coup,1
cancer is awkward,0
playground treated to hot pug-on-pug action,1
mom spends beach vacation assuming all household duties in closer proximity to ocean,1
sir mix-a-lot's 'baby got back' gets a stomping country twang,0
diabetic 8-year-old throws worst birthday party ever,1
alzheimer's and making peace with god,0
trevor noah says kanye west isn't kendrick lamar because of the kardashians,0
your kids: are they sexy enough?,1
hillary clinton issues single-word victory speech following super tuesday results,1
"the bitcoin ""crisis"" explained and 5 reasons it can't be killed",0
wildfires force colorado to airlift rocky mountains to safety,1
"man pours all his culinary talents into inserting, removing pizza from oven",1
affair to threaten whatever it is john edwards does for a living,1
study: 83% of web content unfit for human consumption,1
i'm an 18-year-old boy who wears blue nail polish -- get over it,0
teacher grading papers next to you on plane not pulling any punches,1
why you should hire for zest,0
every song on kendrick lamar's new album is charting on billboard's hot 100,0
"amelia boynton robinson, civil rights activist, dies at 104",0
woman mentally rifles through friends for perfect person to sympathize with current pettiness,1
lawyers are now the driving force behind mortgage scams,0
"machine guns are not protected by the second amendment, appeals court rules",0
drake's introduces new yodel bandolier,1
"obama, romney remain about equally powerful",1
entire nyc subway system now consists of single handcar,1
meet the guinness world record holder for darth vader memorabilia,0
ryan lochte now changing account of events going back years before robbery,1
psa on funny or die shows the absurdity of valuing all opinions equally,0
co-op casino robbed again,1
scarlett johansson immediately rejects heartwarming prom invite from high school student,1
"labor dept. creates 20,000 new hobbies for nation's jobless",1
baltimore pigeons shocked to find beloved shitting statues gone,1
el chapo pleads not guilty to drug charges,0
local places moms love,0
voice coming from dnc sound system during sanders address clearly hillary clinton's,1
dancing costumed midgets celebrate death of deng xiaoping,1
"strangulation the new blow to the head, says hired killer magazine",1
how a political scientist broke the news of trump's meeting with putin,0
man nothing but lumbering golem of rewards cards,1
bored god tries to fit all of jupiter in mouth,1
camera falls out of love with melanie griffith,1
maxim skimmed,1
reddi-wip casually announces their nozzles can easily fit into most orifices,1
report: laura's divorce threatens razor-thin democratic majority in family,1
trump's afghan strategy is doomed for failure,0
girlfriend really has mind of its own today,1
how the csa model supports a farm,0
world's luminaries crowd around 'time' 100 list posted on editor's door,1
uber offering discounted wages for election day,1
aliens might be way bigger than we ever imagined,0
errant keystroke produces character never before seen by human eyes,1
teens spend wild spring break in d.c. begging lawmakers for their lives,1
oxford english dictionary to add 'skype' and 'coat' to latest edition,1
report: it still nowhere near okay to act like donald trump,1
artists announce they've found all the beauty they can in urban decay,1
charles koch orders sniper to fire warning shot next to marco rubio on debate stage,1
halloween unfortunately not only night of year area man drunk in firefighter uniform,1
my michael brown and ezell ford moment,0
hero cop saves 3-year-old girl's life on his wedding day,0
senior citizen keeps mind active by contemplating death,1
nra publishes tips for staying safe while committing a mass shooting,1
aclu stresses that it legal to film garbage men in all 50 states if you really need to,1
david brooks urges republicans: don't settle for cruz,0
thomas the tank engine a little uneasy with his broad autistic following,1
taxpayer outraged,1
goldman sachs reaches $5 billion settlement over mortgage securities,0
"area man sends message to 3,600 friends asking what they're up to tonight",1
the consumer financial protection bureau: a government agency for promoting growth,0
sole surviving bridge club member didn't want to win like this,1
permission denied,0
woman on gym treadmill cranks incline up to 90 degrees,1
"skip the haunted houses, take a digital tour of abandoned buildings instead",0
"jay-z, kendrick lamar dominate the 2018 grammy nominations",0
area dad didn't shell out $100 at aquarium for lecture about ecosystem,1
new hampshire passes law forcing old people to watch gays marry,1
martin o'malley explains how he'd expand social security as progressives wait on hillary clinton,0
the real reason your hands are always cold,0
"donald trump misspeaks, calls u.s. a company instead of a country",0
tide debuts new sour apple detergent pods,1
controversial congressman touts iowa 'peasant hunt' with donald trump jr.,0
survivalist sentenced to death for murder of pennsylvania state trooper,0
93% of americans admit they occasionally check behind shower curtain for bad guys,1
trump forced to take on second job as cvs cashier in order to pay down business debts,1
colorado death penalty in focus as massacre trial enters new phase,0
"sebastian gorka, who has downplayed threat of white supremacists, still teaches marines about terrorism",0
7 ridiculously easy ways to protect your bones at any age,0
"song premiere: j.d. mcpherson, 'bossy'",0
police assure residents kidnapping was only one of those custody-related ones,1
american medical association introduces new highly effective placebo doctors,1
"rare species of frog may hold cure to...ah, never mind, it's extinct",1
"city to issue deep, meaningful municipal bonds",1
gloria steinem warns that donald trump & state laws will endanger women's rights,0
cat who seems a little grumpy today dying of esophageal cancer,1
7 common misconceptions about the hebrew bible,0
james corden's 'melania' longs to be part of our world in 'little mermaid' spoof,0
carbon-monoxide detector with snooze button recalled,1
rapidly expanding at&t merges with entirety of existence,1
new york philharmonic hosts open-mic night,1
"as shutdown looms, push to link planned parenthood with spending fight gains steam in house",0
police near st. louis quash peaceful protest by declaring it an unlawful assembly,0
desperate snl releases 'best of melanie hutsell' dvd,1
iraqi camps swell as civilians flee fighting in fallujah,0
new sanctions to stall exxon's arctic oil plans,0
person who will embalm you walking around out there,1
fema recommends americans always have go-bag packed in case past finally catches up with them,1
state of the union guests sort of assumed white house would pay for them to get home,1
'gilmore girls' creator thinks we're all way too focused on rory's love life,0
"migrant children, uninvited guests, and welcoming the stranger",0
tom hanks reveals the origin of his famous 'forrest gump' accent,0
"u.s. military: firefight with taliban caused civilian deaths, but troops acted in self-defense",0
the moment casey gerald realized the importance of doubt,0
grandmother's folksy sayings delay senility detection for years,1
executive fascinated by electrician's lunch,1
my conversation with kristen stewart,0
"the easiest winter hacks for getting through a long, cold season",0
understanding today's climate politics,0
desperate 'time' magazine announces 'man of june',1
report: 45% of all randomly paired freshman roommates now at breaking point,1
of course busy bartender doesn't mind taking picture of you and your friends,1
people's climate march in lima unites citizen voices of the americas,0
"huckabee sanders cuts loose during correspondents' dinner with raucous, carefree frown",1
chamillionaire responds to critics who don't get why he helped mexican immigrant,0
aretha franklin institute for female entrepreneurship confirms sisters are doin' it for themselves,1
bo obama addresses graduates of dayton obedience school,1
"equine voices: a safe haven for abused, neglected and abandoned horses",0
national enquirer turns on michael cohen,0
"executives at bankrupt sports authority ask for bonuses, get denied",0
want to harm your relationship? here are 2 easy ways!,0
inside: america's love affair with neurotic jewry,1
university admits chocolate milk doesn't alleviate effects of concussions,0
toll-booth girl hit on quickly,1
"airline passenger arrested after allegedly saying, 'i kill white people like you'",0
new google project delivers critical info to refugees' smartphones,0
elon musk embarrassed after realizing he proposing idea for thing that already exists,1
"new bomb capable of creating 1,500 new terrorists in single blast",1
six ways to support opposition in turkey,0
tom price says insurers should 'dust off how they did business before obamacare',0
report: more children being raised with religion of pushier parent,1
mccain tucks extra neck skin into collar,1
trump adds volatility to a long history of north korean threats,0
too many smartphone users taking dumb selfies with bears,0
lindsay wagner to star in anything offered her,1
"pillsbury doughboy killed by skittish, broom-wielding housewife",1
"meals on wheels volunteers deliver body chocolate, edible underwear to seniors shut in on valentine's day",1
report: it going to take way more than an inconceivable act of violence for country to rise above politics,1
everything you need to know about the bad democratic turnout numbers,0
xavier dolan's mommy:  exuberant film shares jury prize at cannes,0
i don't fight because i'm violent -- i fight because the world is,0
prosthetic arm stuck in vending machine,1
pitbull mix only bites off half of toddler's face,1
keanu reeves recalls preparing for 'john wick 3' by acting in two previous 'john wick' films,1
man reserving judgment on best actress nominees until looking at all 5 pictures,1
"danny devito a lot taller, thinner in person",1
guns and georgia,0
3 ways to boost your empathy,0
"just a heads up, your eyelashes are probably crawling with mites",0
dog dies on united flight after passenger forced to put carrier in overhead bin,0
there's a sexy kenneth bone costume now because we have no boundaries,0
"michael flynn caught lying about russia talks, reports say",0
environmentalists speak out against excessive cheese logging,1
taco bell: more than just fast food,0
"women in business q&a: paula kavolius, founder and president, house of possibilities",0
earth day: a two-step strategy makes a sustainable difference,0
milla jovovich inducted into basic cable hall of fame,1
celebrities celebrate fourth of july with some fun in the sun,0
ashley graham's new swimwear line uses unedited paparazzi photos,0
baby feels foolish after realizing stranger waving at toddler next seat over,1
man failing to heed harsh lessons of past orders sonic bacon cheeseburger toaster,1
ohio state university attack leaves 11 injured,0
specifics of hostile takeover fiercely boring,1
inconsiderate woman on bus eating live tuna,1
anderson cooper throws another box of letters from gay children into dumpster,1
this dancing traffic light is the grooviest way for pedestrians to stay safe,0
experts refuse to warn of any new health hazards until americans deal with current backlog,1
charlize theron welcomes second child,0
bush dies peacefully in his sleep,1
unhrc decay needs urgent treatment,0
report: ground still least desirable surface for breaking fall,1
tumbleweed of pubes rolls through desolate dorm bathroom,1
ruth bader ginsburg: abortion restrictions mostly hurt poor women,0
trump blows up statue of liberty,0
mexican immigrant challenges trump's hateful rhetoric with powerful photo series,0
kim jong-un panics after returning to north korea to find country's populace has escaped,1
woman gives birth to her new (book) baby in hilarious photoshoot,0
elizabeth warren to campaign with hillary clinton in ohio,0
"sleeping middle-aged businessman in airport suddenly so childlike, so vulnerable",1
las vegas review-journal staff balks at limits on covering new owner,0
5 months of college research outweighed by weekend visiting friend at penn state,1
mom breaks into son's apartment at night to administer 2013 flu vaccine,1
israel terrorizes palestinians in gaza,0
gamers rejoice! this potion restores 20 hp,1
the american public finally heard the women larry nassar abused,0
sometimes you wanna go where everybody knows your name,0
here's another huge reason to eat a plant-based diet,0
james harden pretty sure he felt something pop in lower beard,1
first latino arab-american running for congress views his heritage as an asset,0
those we lost in 2011,1
"report finds koch brothers increasingly falling under control of influential, high-powered trillionaire",1
sunset shot at,1
my kid doesn't need permission to walk out,0
an unexpected health consequence of the california drought,0
senators lured back to emergency session by promise of free pizza,1
nobody in ukraine notices absence of government,1
why you should say yes to that birthday invitation,0
job placement service helps students who fail out of dad's alma mater find work at dad's company,1
now you can see into your future. and it's pretty darn scary.,1
"previewing 'hidden figures' with the teary-eyed octavia spencer, taraji p. henson and janelle monáe",0
"in francis' vatican, the homeless get vip treatment",0
secretarian violence claims lives of three receptionists,1
"mcconnell revs the ad machine, but...",0
seventh-grade class scrambling to piece together teacher's home life from desktop background before powerpoint opened,1
30-year-old loser still hanging around teen choice awards,1
"a picture postcard from meenakshi amman temple, india",0
someone made a trump-putin facebook friend anniversary video,0
gender non-conforming kids caught in the crosshairs of hate,0
"white-hot gop race down to two mentally ill people, person who lost nomination last time",1
these gif'd moments of 2016 show how the election took over pop culture,0
ghost can't make a simple cup of coffee without everyone freaking out,1
impersonal trainer couldn't give a fuck what you do with those free weights,1
historical archives: weekley duel results,1
report: iraq war keeping thousands out of unemployment line,1
bush followed everywhere by line of baby ducks,1
naacp calls for more diversity in police lineups,1
rush limbaugh's love affair with sound of own voice comes to sad end,1
"now that man has heard about barack obama, he sees references to him all over the place",1
privacy activists rally to apple's defense over fbi data demand,0
antarctic observational comic running out of ideas,1
guitar music fad runs course,1
report: 89% of suzy qs never make it out of gas station parking lots,1
john bolton arrives in office excited to see so many familiar wars,1
"15 pieces of advice for teens headed to college, from parents",0
california to release all prisoners who seem nice enough,1
mta official too nervous to tell commuters waiting for train that service shut down permanently an hour ago,1
how netflix's 'girlboss' perpetuates negative stereotypes,0
"north korea open to talks with u.s., south korea's presidential office says",0
weinstein company files for bankruptcy after sale talks collapse,0
"texas officials really, really want you to know sandra bland had marijuana in her system",0
man from future can't stop living in the less-far-into-the-future,1
chocolate pudding up $2 a barrel,1
here's what you need to know about obamacare enrollment this year,0
'piggies' written in blood on clouds only clue in shocking murder of six angels,1
report: guy on bench going to town on meatball sub,1
tornado creeped out by man who keeps following it in truck and filming it,1
6 things i've decided to stop stressing about,0
biological life regrets waiting 2.3 billion years to try sex,1
"how smartphones damage our skin, according to dermatologists",0
choking man can already tell good samaritan has no fucking clue what they're doing,1
restaurant gives totally unwanted twist to mexican cuisine,1
report: that whole side of family just like that,1
coroner to investigate police killing of rock thrower,0
proof you shouldn't blame teachers for the achievement gap,0
photographer documents her grandmother's illness while searching for something more,0
nyc medical students won't accept obamacare repeal without a fight,0
top official resigns from trump epa with scathing letter,0
radio host pranks the $%#& out of co-host,0
what the marijuana lobby could offer hillary clinton,0
"khloe kardashian thanks fans for their 'patience,' resumes website and app content",0
"super priest can turn anything into body, blood of christ",1
voyeur researchers recommend at least 7 hours of watching someone sleep per night,1
office manager still undecided about sharpie redesign,1
"holy mother of all that is good, 'curb your enthusiasm' is officially back",0
internet collapses under sheer weight of baby pictures,1
man pretty sure he slept,1
freak accident paralyzes man from waist up,1
"cory booker expelled from senate, stripped naked, forced to wander maryland bog in woe for all eternity",1
you're 10 days away from more happiness,0
new arrivals consult wise couple who have been at resort for 3 days already,1
issa rae is 'tired' of constantly being asked about the black experience,0
bernie sanders blocks obama nominee to lead fda,0
mit should do better,0
jada pinkett smith and gabrielle union end feud after 17 years,0
new study finds humans experience greatest feelings of joy when pushing 'skip ad' button,1
my worst career move,0
"israeli prime minister netanyahu eyed in bribery probe, court says",0
barbra streisand and jennifer hudson team up,0
6 exercises that will transform your body,0
man who's only halfway through life can already guess how it's going to end,1
no one in gang has heart to tell police informant his cover's blown,1
anthony weiner would rather eat a wooden table than return to congress,0
'me and mrs. jones' singer billy paul has died,0
'true detective' fan develops elaborate theory he will be let down by season finale,1
single fat kid takes 50 years off jungle gym's life,1
the music of strangers: a film review by dr. lloyd sederer,0
how do i teach my girls to love their bodies when i hate mine?,0
why did the dying grandma shred $1 million?,0
new photos show hurricane matthew's path of destruction in haiti,0
tea party pacs' promise to spend on electing candidates falls flat,0
national review writer: ben carson 'more authentically black' than obama,0
"foie gras, scallops snuck into opera house",1
man sentenced to 3 months probation for 17th-degree murder,1
report: mom would rather sit here and watch you guys have fun,1
man builds rad all-terrain wheelchair that looks like a tank for war hero dad,0
hollywood analysts still not sure how 'saving silverman' broke box office records last weekend,1
aly raisman sues u.s. olympic committee for silence on larry nassar,0
passengers freed from hijacked plane that landed in malta,0
smooth operator also forklift operator,1
all the harry potter makeup you need to look as good as hermione,0
college newspaper staff know exactly how they would respond if editorial freedom challenged,1
royal baby spits up on great-grandmother,1
"america not sure it will have enough revulsion and horror left for cabinet, court appointments",1
rookie usda agent vomits after seeing first rotten orange,1
colbert's mcdonald's all-day breakfast prophecies are coming true,0
what's at stake: the current landscape on lgbtq nondiscrimination protections,0
kate hudson and dakota johnson pose for adorable pic with their famous moms,0
bush elected president of iraq,1
gop announces plan to go after obamacare,1
bruce springsteen proves he's 'the boss' by signing boy's tardy note,0
the world bank accidentally left me a voicemail discussing their strategy to downplay rights abuses,0
mike pence to anti-abortion crowd: trump's supreme court pick will be in the mold of antonin scalia,0
weird new cereal sets tone for first weekend at divorced dad's,1
dow drops 600 points over picture of worried stock broker staring at computer screen,1
"listen, area boss gets it",1
minnesota republican attacks her democratic opponent for being 'lgbt' and 'half black',0
god urges rick perry not to run for president,1
sick man slowly becoming enthroned in used tissues,1
hmo targets blacks with 'rapping good' health campaign,1
poll finds majority of americans approve of child labor laws but agree that kids carrying briefcases would be cute,1
is your privacy being violated? an exclusive hidden-camera investigation,1
australian ambassador gets engaged in paris and gives us lifetime goals,0
this is so much cooler than your boring black ponytail holder,0
f.a.s.t. thinking helped lane save his mom,0
the injustice of mandatory minimums,0
france to ban cell phones in lower grades,0
success and still enjoying your 'happy place',0
what should i do if an employee is a liar?,0
what your brain actually does when you multitask,0
'new york times' rehires judith miller to cover escalating iran tensions,1
the damaging stigmas men of color in makeup face,0
last minute of man's sexual prime expires during routine visit to dry cleaner,1
man allegedly punches disabled veteran over a service dog,0
history buff can really relate to millard fillmore,1
pentagon to withhold budget figures out of respect for american families,1
feds give $43 million to fast track development of ebola vaccines,0
trump holds third real press conference,0
"documentary review: 3 1/2 minutes, ten bullets",0
sunday meal prep: 5 healthy recipes that'll kick next week's butt,0
three good reasons to skip the airport lounge,0
mccain: botched execution amounts to 'torture',0
john bolton warns war with north korea won't be cakewalk like iraq,1
defense department holds bake sale to buy bomber,1
woman who claims book changed her life has not changed,1
traveling in britain during a transit strike? log on to twitter.,0
ob-gyn kind of annoyed she has to confirm woman's premonition about sex of baby that came to her in dream,1
"adele dresses up as dolly parton, to make her feel her love",0
trump mocks christine blasey ford for forgetting basic facts about a woman's place,1
shitty region of country figures it might as well give producing wine a shot,1
"deshawnda bradley, #blacklivesmatter and the reminder that self-definition is essential to our survival",0
"white house: 'for russia, the real sanction is knowing that they let us down'",1
silence your thoughts with this simple technique,0
8 common habits that are completely killing the chances of living out your dream,0
lady gaga kidnaps commissioner gordon,1
earthquake kills 54 rescue workers' weekend plans,1
"syria, russia pound rebel-held aleppo but advances halt",0
denis leary drops by comedy club to try out new ford commercial,1
area man takes metallica audio tour of art museum,1
new study finds majority of god's blessings burn up on entry into atmosphere,1
everyone thinks this is lady gaga's character in 'american horror story',0
upcoming election deduced from sports illustrated content,1
softball team unsure of how to console jackass captain who just struck out,1
could cannabis prevent childhood seizures?,0
blushing brett kavanaugh admits he flattered christine blasey ford never forgot his laugh,1
signed 8x10 of tony danza draws millions to brooklyn dry cleaner,1
ipod flaunted,1
"no complaints if a remake of 'emma' with jon hamm and emily blunt got thrown our way, nation's girlfriends report",1
a letter to my teenage daughter,0
new surveys: grown-ups love social media and cyberbullying top concern for parents,0
this is what it's like to free dive with whales,0
the u.s. is sitting on a mountain of cheese,0
"the fear of hair is a real thing, explaining why your drain is such a nightmare",0
erika christensen and cole maness are married,0
man who threatened to move to canada before election still here,1
"in a deadly crash, who should a driverless car kill -- or save?",0
couple's friendly twitter war shows solo sex is better than fifa,0
gorillagram employee shot by white house security,1
8 herbs and spices that fight off disease,0
mark-paul gosselaar obviously authored own imdb trivia,1
"u.s. ""vs."" china in africa: a message to president obama and premier li keqiang",0
a senate candidate spills the beans: running a positive campaign is for suckers,0
wedding dj finally gets the chance to listen to some black eyed peas on his own time,1
yoko ono released from hospital after treatment for 'serious' flu-like symptoms,0
jewel organizes 'save the unicorns' benefit,1
go-getter eliminates two steps from grieving process,1
the 3 keys to building immediate rapport in a job interview,0
massive magma chamber discovered under yellowstone,0
ryan reynolds reveals blake lively's perfect response to his birthday tweet,0
the best of #middleagedschmovies,0
araa kayboard bustad,1
flu can't wait to get the fuck out of area man's body,1
concerned nation gently encourages boston to take it easy this st. patrick's day,1
congress passes seriously uncool legislation,1
american gladiator still insists friends call him 'turbo',1
imaginary brain tumor spreading rapidly,1
kim jong-un wonders if nuclear threats distracting him from real goal of starving citizenry,1
the one thing i 'force' on my kids,0
"snoop dogg helps give out 1,500 turkeys to families in need",0
man attends 25-year nursery school reunion,1
reporter's interview with kristen wiig is hilariously awkward,0
donald trump says some protesters probably deserved to get roughed up at his rallies,0
miracle overpass issues mysterious stream of urine,1
rookie cop laying on the jargon a little thick,1
beyonce releases teaser foot ahead of birth of twins,1
jamie lynn spears loses custody of fetus,1
russian man just pretending meteor shower the reason he's bleeding from face,1
all-business adult in halloween shop beelines it straight for pinhead mask,1
timeout or burnout,0
23 texts that sound sexy once you become a parent,0
official texas republican platform says more than half the state is gay,0
"bumgarner perfect, giants one win away",0
7 infections athletes could get from rio's contaminated waters,0
"after highs and lows of 2016, make 2017 a better year for women & girls",0
jeff bridges just proved he really is the dude,0
enchilada premonition comes to pass,1
james corden asks what everyone wants to know about omarosa,0
scientists finally figure out what hats do,1
pope admits he made 'serious errors' in handling chile sex abuse allegations,0
power of pride,0
red cross issues reminder they can't accept donations from people with loose blood cupped in hands,1
man doing karaoke clearly sings this one every time,1
roy moore refusing to withdraw from alabama 13-year-old,1
new gop plan offers tax breaks on all contributions tucked into congressmen's suit breast pocket,1
playtex unveils new line of quick-dissolving tampons,1
saddam enrages bush with full compliance,1
"when politicians struggle to find a pathway to peace, business must step it up",0
'very special' stone age axe discovered,0
katie holmes catches the train at penn station in a ballgown,0
how nikki haley helped fuel the homebuilding industry's war on fire sprinklers,0
nation surprised it took so long for primaries to weed out candidate with genuine principles,1
why thanking god is hurtful,0
plane diverted after ebola virus reclines in seat,0
hillary clinton suspended 3 weeks by fec for spitting on volunteer,1
iconic '90s band helped this couple open up about their sexuality,0
leslie jones and adam rippon commentating on figure skating is an olympic dream,0
aaron rodgers finally breaks his silence on 'bachelorette' brother,0
mayim bialik is 'very sorry' for her controversial weinstein op-ed,0
breaking: cousin mark coming after all,1
boehner hoping to remain leader of republican parties,1
andy samberg casts a spell over donald trump's 'witch hunt' claims,0
historical inaccuracy found in wild west strip show,1
"at dnc, democrats spoke out on a topic that republicans mostly avoided",0
"cancer, cinema, crowdfunding and twitter",0
celebs' most iconic grammys outfits ever,0
from 13 to 23: a study in artificial maturity,0
god admits he never created gerbils,1
france's far-right national front win big in regional elections,0
john kelly denies any knowledge of staffer's misconduct that will break in few month's time,1
'entourage' fans doubt film adaptation can capture nuances of book,1
'what about that whole birth certificate thing?' romney suggests to staff,1
emboldened republicans in kentucky push 20-week abortion ban,0
societal collapse narrowly averted after man honks horn at car paused at green light,1
james comey just exposed his own hypocrisy on hillary clinton's emails,0
shepard fairey's new art blatantly condemns 'demagogue' donald trump,0
ovarian cancer gets publicist,1
most americans think donald trump shouldn't have to sell his companies to be president,0
limited-edition russet potato comes with certificate of authenticity,1
"beanie baby collection stares at owner with 226 cold, dead eyes",1
jennifer hudson's new 'do makes her our dreamgirl,0
scott walker still won't say whether obama is christian,0
"the whiteness break — focusing on ourselves, solidarity, healing and trust",0
mckinsey global institute: women's equality would unleash massive growth,0
child's loose grasp on balloon only thing between peace and anarchy at restaurant,1
"guillermo del toro: 'in today's society, the true monsters are the horrifying, flesh-eating gargoyles'",1
missouri democrats filibuster for 39 hours to stop anti-gay 'religious freedom' bill,0
backpacker planning to shatter europeans' preconceptions of americans,1
j. k. rowling magically trolls donald trump for tweeting in the third person,0
sarah huckabee sanders strongly rebukes implication she doesn't lock own children in cages,1
good scissors not in the fucking drawer,1
finding the courage to confront depression,0
nation's flag nerds anxiously watching d.c. statehood push,1
trump eyes fracking mogul harold hamm as energy secretary: report,0
family rewrites 'in da club' to celebrate back-to-school season,0
the making of them: tv documentary review (belated),0
guerrilla stunt jumper's pool plummet will make your jaw drop,0
report: many americans not watching enough television to make worthwhile contribution to small talk,1
shanghai family sick of eating chinese,1
this disorder feels like 'being awake inside a corpse',0
resolute congress passes second amendment again,1
family wishes dad could find healthier way to express emotions than bursting into full-blown musical number,1
report: nothing wrong with a good old-fashioned ham and cheese sandwich,1
mother's day card finally arrives,1
single napkin accompanying takeout order presumes man eats anything like human being,1
man has mixed feelings about $39 flight,1
nelson mandela becomes first politician to be missed,1
bear's plan to break into man's home foiled by cat door,0
history teacher has unusual favorite president,1
outdoor movie guest excited to watch barely audible 'back to the future' while sitting on tree root,1
lil jon had to tell trump why calling him an 'uncle tom' was not ok,0
how do you survive an ostrich attack? watch this video.,0
70 percent of americans in favor of watching iraq get bombed on tv,1
"toys r us may shut down all u.s. operations, impacting thousands of workers",0
fred durst spray paints 'limp bizkit' on bridge,1
north korea nukes self in desperate plea for attention,1
sean spicer just so happens to be asleep during melissa mccarthy's 'saturday night live' sketches,0
'real people' in car commercials are either actors or not terribly bright,0
"trump filing shows he paid cohen, after cohen paid stormy",0
no clear winner in feces-throwing conflict,1
"cell-phone user promises girlfriend, entire post office he'll try to change",1
hurricane ophelia sheds light on another climate change concern,0
michael cohen granted prison work release for new job with trump 2020 campaign,1
parents regret letting child name dog,1
visiting friend okay doing whatever,1
obama supporter has perfectly improbable explanation absolving president from blame for scandals,1
5 viruses that are scarier than ebola,0
prince charles weds longtime horse,1
man escapes eritrean civil war to clean martini puke from back of taxi,1
poll: some would choose 'meteor hitting the earth' over trump or clinton,0
inside biden's final deliberations,0
prince harry engaged to woman who will never love him the way 29-year-old idahoan graphic designer jennie hoffman does,1
chicago out of names for subdivisions,1
"dog lets baby climb all over him, continues being this little man's best friend",0
kansas city royals grab 2-0 lead in 2015 world series,0
business traveler closes mini-bar,1
fda recommends the blue marlin,1
how to rediscover your passion for reading,0
visit home referred to as vacation by parents,1
'facts of life' star charlotte rae reveals cancer diagnosis at 91,0
report finds one in five americans struggle with properly masking depression,1
rat fancy magazine fails to catch on,1
kitten thinks of nothing but murder all day,1
chuck schumer: 'the american people deserve a president who can more credibly justify war with iran',1
top democrat pushes back on expanding obama's trade powers,0
"after criticism, uber adds wheelchair option in d.c.",0
grocery-store worker can't bear to eat food anymore,1
'no good deed' outpaces 'dolphin tale 2' at the box office,0
neighbor oblivious to fact she being groomed for cat-sitting,1
"mysterious 'fireball' was actually russian spy satellite, experts say",0
sen. mark warner warns trump: firing robert mueller would be a 'gross abuse of power',0
clergy abuse advocates fear pope francis is making it harder for victims to speak up,0
know what weird thing a man did with a mannequin? it's fark weird news quiz time!,0
"onion social ceo appears before hague tribunal to be tried for crimes against humanity, promote new website features",1
white house official reportedly said mass shooting was a 'reprieve' from chaos,0
is facebook's subscription-based news service bad for the publishing industry?,0
area woman has no idea she will hate jennifer lawrence 7 years from now,1
delighting in criticism,0
paul beatty becomes first american to win man booker prize for fiction,0
mets earmark $53 million for pitching relief,1
last words: alyssa edwards reflects on 'rupaul's all stars drag race',0
obama to wait for next bruce springsteen album for word on economy,1
'riverdale' star lili reinhart apologizes for insensitive halloween tweet,0
"simple gifts--for the holidays (holy daze)   or  if we do not know your wishes, how can we follow them?",0
clearing the aereo,0
bombing anniversary a reminder of the radical right's rage,0
"andrea tantaros wants roger ailes, fox news execs to take a lie detector test",0
maze with cheese in center enters human trials following decades of testing on mice,1
men behaving badly,0
bill moyers' departure from tv leaves a huge hole,0
it's been a really great year for poop bags,0
kim davis supporters: deputy clerks who issued gay marriage licenses should be fired,0
whale won't shut up about time it was beached,1
magazine runs article about louis c.k.,1
study: 38 percent of people not actually entitled to their opinion,1
"handel's messiah, jesus, and the old testament",0
man from last week smacked into present day,1
dog named murph lives up to name,1
millions of work hours lost to voting,1
new study finds reading comprehension down amongst dumb fucks perusing this headline,1
party host horrified to discover guests have been drying hands on bath towel this whole time,1
robert duvall says he might vote third party in 2016,0
monster truck escapes,1
historical archives: notice to the publik,1
materialistic single mom constantly thinking of money,1
nonprofit places burnouts in jobs you can do blitzed out of your mind,1
laptop gets to age when it can be lightly tossed sometimes,1
here's why immigration advocates are pressing so hard for executive action,0
determined circle of friends diligently traces back how they got onto this conversation topic,1
teenage rebels seize control of food court's corner table,1
homesick trump stays up all night on phone with automated mar-a-lago reservations line,1
"not merely 'anti-trump,' the resistance seeks to re-normalize america",0
people-watcher catches glimpse of rare north american black doofus,1
"joe biden on beau: 'he said it was my obligation to run, my duty'",0
tower of human skulls casts new light on aztecs,0
woman saves 75 cents,1
britney spears loses custody of child to in touch magazine,1
"study links binge eating to stress, contentment, depression, joy, boredom, anger, relaxation",1
43 percent of americans are afraid to find out what's in hot dogs,0
philip morris lawyers deny cigarettes are cylindrical,1
sports journalist told to write some slop about baseball healing boston,1
parents of kidnapped girls make desperate plea,0
"trump lawsuit over white house book 'nonstarter,' legal experts say",0
saudi-uae push to mobilize tribes against qatari emir,0
churchgoer blanks on why she is lighting votive candle,1
john deere unveils new line of lawnmower sidecars,1
karzai vows to crack down on self,1
4 dishes that will make you love mediterranean food,0
'parent trap' producers recall euthanizing lindsay lohan clone after completing filming,1
report: countless invasive species detained in epa black sites,1
40-foot american flag pin welded to statue of liberty,1
"george lucas recalls peter mayhew ad-libbing decision to play character as nonverbal, fur-covered monster",1
scientists discover sun is made of hot,1
"12 publicists dead, 43 injured in struggle to transform the rock into dwayne johnson",1
hardee's introduces shame curtains for customers to eat behind,1
"woman longs for caress of boyfriend's dry, cracked, bleeding hands",1
espn analyst blames 'liberal media' for 'war on football',0
report: new york state senate leader to be arrested for corruption,0
department of housing and urban development issues report just to keep name out there,1
the bin ladens: a saudi bellwether,0
report: majority of diner's salt and pepper shakers currently being used to diagram elaborately planned bank heists,1
adorable animated hunchback to shove self down area throats,1
siri helps hero 4-year-old save his unconscious mom's life,0
trump fascinated by israeli cultural tradition of mass slaughter of protesters,1
gratitude for thank-you note plunges friends into inescapable appreciation spiral,1
trump vomits immediately after seeing everyday americans up close,1
a new hbo documentary shows what it's really like inside a terror attack,0
the soul-crushing reality of the stay-at-home dad,0
semester at sea students steal anchor for dorm room,1
"an oral history of *nsync's breakup, according to bandmates not named justin timberlake",0
the 'adults risking babies' lives for balls' epidemic continues,0
cinemax director wins award for skinematography,1
20 people found refuge in a famous paris bookstore during attacks,0
compromising company's values for advertising revenue referred to as 'partnering',1
the 'here comes honey boo boo' scandal: mama june speaks out,0
picasso's 'guernica' triples in value after being autographed by the 1994 new york rangers,1
what to do about charlottesville,0
chagas disease: a 2014 world cup yellow card,0
serena williams knocked out of olympics in stunning third-round loss,0
new sympathetic alarm clock just lets you sleep,1
"news roundup for august 23, 2017",0
can the cops be stopped before they kill again?,0
not sure what an apple watch is for? try these 12 apps,0
"dear anti-marcoses, pro-marcoses, and the spirit of philippine martial law",0
kanye sends flowers to presidential running mate taylor swift,0
"patricia elliott, tony-winning actress and tv soap star, dead at 77",0
pope francis grills burgers on balcony of st. peter's basilica,1
bernie sanders planning 'major speech' on democratic socialism,0
seating mix-up puts tony bennett in middle of slipknot,1
exxonmobil swears it's going to start taxes early this year,1
nasa joins twitter users to name those newly discovered planets. the inevitable happens.,0
affordable fast food that's good for you? what a concept,0
russell westbrook with the classic off-the-back-of-the-defender buzzer-beater,0
spanx introduces new shapewear hood to smooth unsightly heads,1
at the heart of cop20: loss and damage,0
comey bolsters case for obstruction of justice by trump,0
friday's morning email: inside the sexual harassment allegations against movie mogul harvey weinstein,0
plows working around clock to keep new hampshire roads clear of campaign signs,1
5-year-old feels like she just wasted whole carousel ride waving to dad,1
hillary clinton clarifies her stance on $15 minimum wage,0
jose fernandez had cocaine in system during fatal boat crash,0
"dem rep. totally nails why congress is falling short on gender, racial equality",0
inexperienced puppy bowl team still hasn't opened eyes yet,1
"20 million americans without health care attend painful, labored march on washington",1
new survey shows bernie is right: young americans want to reverse runaway inequality,0
biologists still uncertain about evolutionary function of ugly people,1
sympathy card signed by assistant,1
all 5 living former u.s. presidents to attend hurricane relief concert,0
being older than daughter babysitter's only qualification,1
man carefully selects t-shirt for night out,1
"republican food stamp bill would cut benefits, but not the size of government",0
navy seal who killed bin laden calls trump's parade plan 'third world bulls**t',0
dad straps baby to steering wheel and spins him around,0
truck dumps its enormous milk load all over the road,0
black eyed peas calls out america's racism in new video,0
you won't believe why this man's license was suspended,0
unsuspecting movie stars follow fake red carpet into back of kidnappers' van,1
"white attacker allegedly tells black man, 'i can kill you and nothing will happen'",0
sandwich previously thought incapable of looking more depressing flattened in backpack,1
stinging for the fences: bees swarm padres training camp again,0
dept. of transportation to replace highway mile markers with dead raccoons,1
man's body running out of ideas to convince him he full,1
birthday card for david axelrod circling around afghan war meeting,1
half-dressed man frantically scrambles out of home after hearing toyotathon deals won't last long,1
france votes in first round of presidential election,0
man suddenly regretting asking to be taken seriously by peers,1
parents chart child's width on kitchen wall,1
the most flattering eyeliner technique for your eye shape,0
california has become a nationwide leader in better school discipline practices,0
washington's hobby lobby lobbies to strengthen hobbies,1
"kelly clarkson felt 'suppressed,' says top country star's career changed when he came out",0
video-game character feeling healthier after eating turkey leg off ground,1
"trump's steel, aluminum tariffs exempt canada, mexico",0
"bush vows to do 'that thing gore just said, only better'",1
londoners 2 percent less polite about terrorism following bombings,1
bolivia joins dopec,1
swiss guard charge writhing mass of black tentacles devouring pope francis,1
"dare to be 100: yes, virginia, wherever",0
inside los angeles' first ever marijuana farmers' market,0
frolicking deer actually being driven mad by ticks,1
porn video with unfamiliar acronym in title deemed too risky to click on,1
scared of dying,0
nick verreos sees a marriage between fashion geeks and computer geeks,0
woman all geared up to complain about work sidelined by friend with marital problems,1
guilt-ridden stacey abrams wondering when she should tell democrats that she lost her election,1
bill maher jokes about what donald trump will really be doing on his asia trip,0
aarp calls for 'comfier booths' at denny's,1
report: all the other races coming to take your stuff,1
getting off the t train,0
stanford students admit it was pretty obvious billionaire's dog didn't get in by itself,1
free school lunches kept me from starving,0
facebook is now bigger than the largest country on earth,0
lebron and friends opened the espys with a speech you need to hear,0
man always insists you toss him keys rather than just hand them to him,1
this man used a beyonce concert as a chance to catch up on some reading,0
4 crazy-good kebab recipes,0
real-life pepe le pew rapes cat,1
why china's economic woes are causing alarm in africa,0
running in tap shoes: choreographer janine molinari on teaching broadway kids and other adventures in dance,0
report: last time anyone actually rose to the occasion was 2002,1
house republicans are trying to tell the senate what to do with its filibuster,0
missouri gov. eric greitens refuses to resign despite calls from his own party,0
gop voters want an outsider. can marco rubio convince them he is one?,0
new study finds people who sit for at least 5 hours each day are comfier,1
epa warns human beings no longer biodegradable,1
u.s. judge dismisses copyright infringement case against shakira,0
a letter to ashtanga,0
white-on-white violence claims life of accounts receivable supervisor,1
fda approves first artificial tumor,1
stuntin' is a habit: 'atlanta' shows us that white notions of success will never work for black people,0
gummy bears send 14 chicago-area high school students to hospital,0
supreme court rules in favor of most buck-wild pride parade nation's ever seen,1
nation not sure how many ex-trump staffers it can safely reabsorb,1
elderly woman casually mentions wish to die,1
man's whole job undoing handiwork of self-checkout machine,1
new musical shines light on 'paris is burning' star and the mummified man found in her closet,0
new pre-sauced napkins can be thrown away straight from package,1
recording academy reminds aging musicians to die before december 15 to be included in 2017 grammy tributes,1
cottonelle introduces new 'piping-hot' toilet tissue,1
jake tapper's grim reminder: steve bannon isn't the problem. trump is.,0
history channel treating invention of popcorn like it's fucking penicillin,1
why you should stop dreaming,0
first automated foxconn machine immediately tries to commit suicide,1
woman who had almost formed healthy sense of self rejoins social media,1
employees from other department announce plan to ramble on about fucking nothing right next to your desk,1
sex scandal sinks klemke reelection bid,1
fun-loving turtle all business when it's feeding time,1
death row inmate can't deny he curious to see how state pulls off lethal injection,1
report: shopoholism may have killed the shoposauruses,1
books with badass female protagonists: what's your go to book?,0
rudy giuliani backtracks on previous statements referring to 9/11 as tragedy,1
itunes is illegal under uk copyright law,0
trump refugee order dashes hopes of iraqis who helped the u.s.,0
lone ant crawling through kitchen trumpets arrival of horde,1
car salesman three desks over going on and on about chick he banged last night,1
women who love donald trump say he gets a bad rap from the media,0
report finds poor often hit hardest by 18-wheelers,1
brody jenner throws shade at kimye in 'kuwtk' teaser,0
even george w. bush's environment chief thinks trump's energy plan is bonkers,0
"broncos, jaguars helmets sustain severe damage in monday night football helmet collision",1
rash of high-speed chases threatens local fruit stand,1
presumptuous congressional freshman thinks she can just come in and represent constituents,1
"double standard, double spacing",0
study finds having it all leading indicator that everything will come crashing down,1
lena dunham opens up about sexual healing after assault in poignant essay,0
"america is pretty damn great already, biden says in fiery dnc speech",0
area man winded after particularly lengthy wendy's order,1
grandmother can't believe they let people with tattoos on price is right,1
jimmy carter pushes colleges to get tougher on campus rapists,0
is the stereotype that 'women can't be geniuses' causing gender gaps?,0
'me and earl and the dying girl' -- a film interview,0
blacker and better: jessica lea mayfield,0
elections 2014: read updates on battles around the nation,0
trump spends entire classified national security briefing asking about ​egyptian ​mummies,1
5 real ways to actually support black-owned businesses,0
carolina panthers coach ron rivera has charlotte's latino community fired up,0
massage therapist sues marvel comics' stan lee for alleged sexual misconduct,0
poll: majority of americans still remember where they were when gandalf fell into abyss,1
asexually reproduced sea sponge worried she's turning into herself,1
greenpeace releases rescued dolphins into forest,1
bush calls cabinet meeting to get story straight,1
texas governor warns it could be decades before state fully ready to talk about climate change,1
ice agent terrified after becoming separated from team during immigrant raid,1
marketing scientists successfully map the human heartstrings,1
"newsroom trends, journalism, media ethics and engagement in 2016",0
"fashion designers announce plans to wave with both hands, bow slightly",1
defiant dallas police officer claims anyone could have mistaken black man's apartment for gun,1
sandwich from television commercial spotted at local restaurant,1
college graduate accepts position above parents' garage,1
phone call with dad just watered-down version of phone call with mom,1
the fascinating origin of the word 'jumbo',0
"7 reasons why we love patrick stewart, on his 75th birthday",0
humiliation of women receives 10 billionth standing ovation,1
pope francis asks congregation if it's okay if they do a low-key easter this year,1
john kerry jettisons russian henchmen from international space station airlock,1
facialist to the stars accused of hiring a hit man to kill competitor speaks out,0
trump executive order helps cement guantanamo's status as a forever prison,0
nation's little piggies demand a sweet treat,1
newest baywatch  cast member kicks it  with byron allen,1
there's going to be a 'law & order' reality show where you decide the verdict,0
fake-a-wish foundation introduces dying child to brett favre lookalike,1
rising income inequality causing wealthy americans to take on second sailboat,1
top entrepreneurial business lessons i've learned,0
a look into the nyc that was never built,0
elderly woman relieved to know she's tackled last technological advancement of lifetime,1
responsible gun owner keeps firearms safely locked away where only he can get them during mental breakdown,1
2 democratic senators say neil gorsuch refused to meet with them,0
why this coptic christian bishop is willing to forgive isis,0
is the media selling or telling: how perception management works in israel's war on gaza,0
twenty minutes spent making tuna fish palatable,1
retirees speak out on crucial lawn care issues,1
"obama, biden endorse tammy duckworth for senate",0
sex life embellished during doctor visit,1
"'fear not—she means you no harm,' says elizabeth warren, revealing docile hillary clinton to crowd",1
lee daniels made 'star' for 'white people to feel good about being white',0
area man to run naked through streets tonight no matter who wins election,1
tv's mork to star in film,1
sex toy discreetly shipped in plain dildo-shaped box,1
rose byrne is expecting her second child with bobby cannavale,0
just some guys in england driving a tank to the gas station,0
"eric trump hooks donald jr. up to xbox, ipad, roomba to practice passing polygraph test",1
the smithereens lead singer pat dinizio dead at 62,0
area woman can't understand concept of suggested donation,1
open-minded music lover likes all kinds of metal,1
hillary clinton threatened by black man,1
49-year-old nearly back to pre-middle-school confidence levels,1
john boehner's wife calls for her shutdown king to come back to bed,1
kate hudson shows off her pipes with cover of prince's 'nothing compares 2 u',0
outback employees return from mandatory 6-month walkabout in australian wilderness,1
american media reports news other than zoo's escaped cobra as if anything else really matters,1
the 10 most crushworthy leading women in ya,0
courageous man overcomes woman's body language to continue hitting on her,1
authority figure demands to know meaning of this,1
zuckerberg to trump: time for a reality check on immigration,0
humanizing detail tacked onto end of new board member's bio,1
nra calls for more common-sense gun deaths,1
"content marketing must evolve to marketing content, or else",0
"chinese bomber flies around spratlys in show of force, u.s. official says",0
man begins life in new city by taking last ever walk around neighborhood,1
boxing coach wishes just once he could mentor someone who has already fully worked through childhood trauma,1
this is how celebrities spent their summer holidays,0
richard dawkins: college students are betraying the free speech movement,0
high school history textbook concludes with little blurb about last 40 years,1
"study: 89% of husbands planning to surprise wife on valentine's day by dressing as naked, chubby cherub",1
here's how older generations are ruining the workplace,0
7-year-old apparently under impression everyone knows who the fuck aunt dee-dee is,1
national security council distracted by whimpering jared kushner pawing at door throughout meeting,1
heavenly authorities arrest god for leaving children in overheating planet,1
jcpenney abandons 45-second sale,1
generous improv troupe performing for free,1
study finds effectiveness of medical treatment skyrockets when doctor acts like condescending dick,1
"mick mulvaney, supporter of 2013 government shutdown, blames obama for that one",0
'cool jobs' for baby boomers who want to work in retirement,0
george takei has the perfect response to dumb questions about gay people,0
important piece of paper tragically smudged with breadstick grease,1
congress orders clerk to see if he has any in the back,1
area man already knows which chicken tender he's saving for last,1
report: a lot of people's dream is to have sex with a ghost,1
arsenio hall writers still keeping in touch,1
advertiser thought this sponsored post was good idea,1
bob dylan digitally remastered,1
boss waxes nostalgic about sexual-harassment suit,1
how 'daddy' puts the blame for toxic masculinity on spoiled teenage girls,0
starving for a fantasy,0
amount of halloween candy collected down 15 percent,1
"woman asked about drunk driving responds, 'gobble gobble turkey': cops",0
watch heroic drivers rescue 2 scared dogs dashing down freeway,0
dave matthews band apologizes after tour bus dumps another 800 pounds of human shit onto same boat full of people,1
lookalike couple vaguely disquieting,1
ex-marine says this rain nothing,1
"is the southern baptist church having an identity crisis, or am i?",0
trendy restaurant has communal napkin,1
samuel adams apologizes for 'boston sucks' pilsner,1
aging airliner flies out to sea to die,1
kentucky governor echoes trump: 'all sides' to blame for charlottesville violence,0
'it's complicated': how i learned to fend off that question,0
employee who likens self to tv's 'house' fired,1
"rachel mcadams and taylor kitsch might be dating, but who really knows?",0
firefighters are happy to rescue 12 police officers stuck inside elevator,0
why every couple should have a prenuptial agreement,0
biden pins up guitar lesson flyers on white house bulletin board,1
historical archives: a salt cake recipe,1
eager understudy beginning to think john lithgow impervious to disease,1
hillary clinton bounces back in new hampshire,0
man finally unpauses 'super mario bros.' after 18 years of chores,1
larry flynt wins right to pursue missouri execution records,0
trumpismo! and american fascism,0
is the 'gay parent trap' killing queer culture?,0
school psychologist crushing it in wake of fatal sports injury,1
revlon unveils new age-defying monster makeup,1
"hannity rips jimmy kimmel in off-the-rails feud as 'twisted, creepy weirdo""",0
arnold schwarzenegger unveils his 'celebrity apprentice' catchphrase,0
13 snacks that won't derail your resolutions,0
"peyton manning goes to graduation, starts throwing passes to seniors",0
grandma guts it out through lunch on sunny patio,1
failed attempt at hyperbole yields dead-on statistic,1
i profumi di firenze: beautiful scents with a story,0
saudi arabia announces escalation of human rights abuses to curry more favor with u.s.,1
two people who went to same college ruin evening for rest of group,1
kinda creepy peter pan pranks disney world,0
"dad's tough exterior hides angry, resentful center",1
beanie broker urges storkholders to sell,1
tammys of the world demand to be taken seriously,1
right guy to fuck with identified,1
nina dobrev addresses her rumored return to 'vampire diaries',0
john boehner: we should know if paul ryan is running for speaker soon,0
variety of unsustainable business models make up extremely hip neighborhood,1
donald trump wouldn't have had the ready cash to self-finance entire campaign — analysis,0
medicaid expansion tied to employment among people with disabilities,0
building a sustainable 'highway of the future',0
these newlyweds have god-like locks and the internet is living for it,0
u.s. reverses course and offers new dates for nato talks,0
hillary clinton mouthing along to presidential oath,1
icy snowball can already tell it going to make 9-year-old cry,1
man keeping running total of how many people in gym in worse shape than him,1
this cauliflower crusted grilled cheese deserves a moment in the spotlight,0
report: 89% of americans just want to go home right now,1
jim jordan spends hearing demanding michael cohen accept blame for covering up sexual abuse of ohio state wrestlers,1
record-breaking rainstorms pummel carolinas,0
keith olbermann asks if we should give 'president-elect p***y-grabber' a chance,0
appeals court blocks d.c. gun law restricting concealed carry,0
man knows he can always fall back on really terrible job that pays shit,1
nation's weirdest teenager buys season one dvd of 'murphy brown',1
microsoft: russian hackers exploiting windows flaw,0
dear mr. president: a dispatch from bowling green,0
bus rider acting like fight not happening 4 feet away,1
woman with six dogs resents non-dogs,1
u.s. soothes upset netanyahu with shipment of ballistic missiles,1
area mofo announces plans to chill,1
"3 months after the hurricane, one-third of puerto rico's power is still out",0
man guessing he's stared at giant sequoia long enough to appreciate it,1
sherwin-williams triumphantly reports nearly half the planet covered in paint,1
christian rock uninspired,1
man trying to remember how that music they used to play before hbo movies went,1
companies are doing a terrible job on sustainable cotton,0
drunk driver falls asleep on busy highway: cops,0
man worried favorite jedi died after seeing 'obi-wan kenobi' trending,1
all black athletes should be sitting for the national anthem,0
swiss unable to maintain neutrality toward delicious pastries,1
could hillary clinton have what it takes to defeat the democrats in 2008?,1
either someone 14th caller or everything on fire at spanish radio station,1
"bernie sanders refuses flashy abc podium in favor of own humble, homemade lectern",1
area woman didn't say that; you said that,1
law school applications increase upon realization that any fucking idiot can be lawyer,1
"nasa launches probe to find, destroy earth-like planet",1
pentagon to surround self with pentagon decoys,1
not your mother's james baldwin,0
landlord promises to figure out why leaky ceiling not his fault,1
rep. john lewis: trump is not a 'legitimate president',0
local clan attempts to intimidate rivals with aggressive display of fertility,1
​report: all standing between trump and presidency is nation that made him billionaire celebrity,1
philandering string theorist can explain everything,1
pixies release secret song for record store day,0
diabetes and my personal experience with obtaining health care coverage through obamacare,0
defiant londoners sit in the street for ramadan evening meal after high-rise fire,0
grieving losses other than death,0
an open letter to the united church of christ,0
ice opens new supermax detention center for most hardened toddlers,1
affordability and attainment: student success from acceptance to graduation,0
this is the next big tv writer for the modern woman,0
#trumphair is the hilarious hashtag our country deserves,0
"'men are not oppressed,' says woman who has no idea what it like to take two whole escalators to get to your clothing section at zara",1
loyal dog waits patiently for 7 whole days for owner to come home,0
secretary of education given something to do,1
police officer wouldn't have killed black man if he knew everyone would make such a big fuss about it,1
donald trump retweets joke about violence toward hillary clinton,0
spelling error leads to elaborate cover-up doodle,1
biden co-presents best new starlet award with shyla stylez at 2015 avn adult movie awards show,1
bask in the glow of adele telling critics to 'suck my dick' mid-concert,0
archaeologists apologize for murdering last remaining neanderthal in fit of crazed bloodlust,1
amy krouse rosenthal's daughter continues her late mother's last project,0
newly discovered fossils reveal prehistoric humans were bony,1
trump's statement on canceled london visit is full of falsehoods,0
i am addicted to goodwill,0
saudi courts should exhibit independence by protecting speech,0
trump's wavering promises and scandals complicate israel trip,0
area woman will eat anything with 'tuscan' in name,1
earth's successful completion of orbit around sun inspires woman to reflect on eating habits,1
man can get by in his own language,1
new evidence suggests ancient egyptians only ever visited pyramids when friends were in from out of town,1
late-working ceo calls out for coffee in vain,1
states trying to defund planned parenthood may be breaking federal law,0
7 things to make you feel better about a trump presidency,0
trump's space adviser wants to toss nasa's climate research funding,0
5 reasons why you need boundaries in your relationships and life,0
bruce springsteen on fence about playing assad's birthday gig,1
"'there are things that exist which are not good,' says obama in stunning rebuke of trump",1
"one app you need if you want the new, cheap iphone",0
the administration's assault on epa and clean water is an assault on public health,0
here's how concerned republicans are with trump's conflicts of interest,0
woman sick of being stuck in back half of velma costume entire halloween party,1
hundreds of rowdy starship crews disembark in nyc during intergalactic fleet week,1
nra releases downloadable blueprints for first 3d-printed gun lobbyists,1
gop congressman urges self-rationing of health care after obamacare repeal,0
marvel's top directors want lgbt superheroes to save the day,0
senate's turn to act on patent reform this week,0
"polio could be stopped worldwide by year's end, says gates foundation",0
artist starving for a reason,1
dascha polanco opens up about what makes her insecure,0
white house responds to sexual misconduct allegations against roy moore,0
aging mount st. helens starting to think erupting days are behind it,1
umpqua community college wasn't exactly a 'gun-free zone',0
state bird reconsidered after latest wren attack,1
"hgtv star explains why you should never ask, 'when are you going to have a baby?'",0
why manufacturers should support ending crude oil export ban,0
john mccain rips donald trump for pardoning joe arpaio,0
console wars heat up as zenith unveils gamespace pro,1
pond a little too serene,1
tearful tim kaine wandering around backstage at debate asking if anyone has seen his running mate,1
daily meditation: spiritual sustenance,0
fabled burger king employee places single onion ring in everyone's fries,1
united airlines flies children with serious illnesses to santa's north pole,0
family knows better than to fall for mom's little bullshit speech about no presents this year,1
man annoyed at being mistaken for employee just because he driving forklift through store,1
house republicans vote to penalize local law enforcement over immigration policies,0
wife always dragging husband into her marital problems,1
ufc champion jon jones sentenced in hit-and-run case involving a pregnant woman,0
my beautiful reward and the 7 lessons it has taught me,0
washington players celebrate on the field with simulated 'stop and frisk',0
christian rock band cleans up hotel room,1
mean buffoon is unpopular: poll,0
let's make tax reform a win for all,0
the one thing that really was better when we were kids,0
marvel hints at upcoming death of stan lee,1
trump spokesman jason miller says he won't take top white house job,0
wisconsin has crush on minnesota,1
teen accurately describes robert mapplethorpe exhibit as 'gay',1
r.l. stine reveals slappy from night of the living dummy was gay,1
man excited to look like different type of idiot in front of coworkers at bar,1
civil rights groups pressure senate to reject trump's supreme court nominee,0
north dakota not heard from in 48 hours,1
assad vows swift retaliation on syrian civilians in response to u.s. missile strike,1
clinton vetoes bill for reason he can't put his finger on,1
permanent white house staff on edge about the 2016 presidential race,0
one way to make college worth it: help students feel like someone cares about them,0
trump gives intelligence agencies their daily briefing,1
man wasting his life playing video games when there whole world of other screens out there,1
"from cave painters to cassoulet: a trip to southwest france 100,000 years in the making",0
"turns out, michael phelps was listening to future during 'angry face'",0
what's leaving netflix in may 2016?,0
i wore crocs to work for a week — and lived to tell the tale,0
24 movies you'll want to see over the remainder of 2017,0
confusing insult awkwardly clarified,1
the alarming retirement shortfall for women,0
ashleigh banfield blasts aziz ansari accuser for 'reckless' sexual assault claim,0
jeb bush assures pipe-wielding thugs he'll have the delegates he promised them by next week,1
why i can never order from chipotle again,0
"'invisible airwaves crackle with life,' reports geddy lee from man's detached earbud",1
"for conservative press, the post-trump reckoning can't come soon enough",0
chris christie distances himself from struggling trump campaign,0
hawaii moves to ban gay conversion therapy for minors,0
the fed and the markets,0
gutters and castles,0
government watchdog agrees to investigate trump voter fraud commission,0
elderly couple to try peacefully dying together again tonight,1
hopper from 'stranger things' wore a holiday sweater and became a meme,0
8 healthy snacks to keep hunger at bay,0
"in sad, sad press conference, milo says 'free speech week' is now just one measly rally",0
secretary of treasury announces plan to remove gross penny from circulation,1
archaeologists discover fully intact 17th-century belief system in ohio congressman,1
a running tally of how athletes are scoring the drake-meek mill beef,0
man nervous about telling date he has her kids,1
voters in 14 states navigating new rules while trying to cast ballots,0
watch: americans open up about what it's like to be muslim in this country,0
film to be made into john grisham,1
8 healthy habits of couples who attend marriage therapy,0
trump vows extensive search to find new dhs director with ideal personality disorders,1
"here's what we learned during this miserable, endless election year",0
why i chose an african publisher over a western one,0
lena dunham plans to dress as a planned parenthood doctor for halloween,0
madonna gives birth to million-dollar marketing scheme,1
incredible new slate of documentaries to elevate everyday lgbt heroes,0
16 dinnertime struggles all parents have with their kids,0
owner of cheap motel fixes sign to flicker just right,1
"autopsy determines total loser's corpse contained no traces of drugs, alcohol",1
gay rights leader lookin' good,1
report: nsa's intercepted data mostly not from intended targets,0
jazzfest performer recognizes audience from last year,1
adam rippon is allowing america to love a (really) gay athlete,0
white house running out of paintings to cover spots where obama has punched through wall,1
adopting? proceed reverently,0
subsidiary publication recommends you see parent corporation's movie,1
romney pledges to replace all foreign policy with jobs right here in america,1
cackling trump reveals to dinner guests they've all just eaten single piece of his tax returns,1
radio shack salesman 'a little out of it today',1
a solution to the massively disengaged workforce [slide deck],0
"more cops have been charged for shootings this year, but there's much more work to be done",0
dishwasher broke,1
last week's trek pretty awesome,1
good news kept from parents out of fear of proving them right,1
dionne warwick remembers bobbi kristina brown,0
"spelling bee champion returns to school a hero, he imagines",1
jimmy fallon six tantalizing months from disappearing forever,1
there's going to be a huge queer dance protest outside of ivanka trump's house,0
"medicare for all is coming, no matter what they say",0
"the feds are going to collect better data on police killings, but we probably won't see it",0
consumer beware in biomedical research and women's health,0
terrible fucking taste sweeps teen choice awards,1
some people think starbucks is promoting 'gay agenda' on holiday cups,0
hillary clinton pledges not to cut social security benefits,0
report: rich suitors able to correctly guess beautiful woman's dress size 92% of time,1
mark hamill rips his role in 'last jedi': 'he's not my luke skywalker',0
justin bieber has 3 go-to poses and they're all surprisingly amazing,0
38 of the best macaroni and cheese recipes on planet earth,0
world hunger: can new frito-lay zestitos solve the problem?,1
coleman unveils new slowly leaking air mattress for house guests who won't take a hint,1
5 bags that fit the new carry-on suggestions (photos),0
#trumpacandy took over twitter and it was gloriously sweet,0
prepare to be hypnotized by these cute puppies eating their dinner,0
naïve detective suspects fair play,1
kris kobach posted partial social security numbers of thousands of kansas officials online,0
taiwan navy fires missile in error as china's communists mark birthday,0
the children's books that took our breath away in 2015,0
cyber monday retailers pull in record 700 terabytes of consumers' personal information,1
buck up. the denver holiday season is upon us,0
endangered species list edited to fit poster,1
hackers could tap into 'smart' baby monitors with ease: researchers,0
embarrassed whale panicking about huge barnacle outbreak before date,1
of course hair stylist remembers gina,1
trump boys chasing wounded boar around white house,1
rick santorum slightly embarrassed for man introducing him as next president of united states,1
"los angeles train hits car on tracks and derails, 21 hurt",0
"officials urge americans to sort plastics, glass into separate oceans",1
jpmorgan chase hit with multi-million dollar fine for shady investment advice,0
going out to dinner with food-loving friend a huge ordeal,1
nation's math professors announce plans to continue wearing chinos with running shoes indefinitely,1
"new, improved obamacare program released on 35 floppy disks",1
deal alert: get 'kingdom hearts iii' for free for next 30 seconds while gamestop clerk is dealing with something in back,1
woman getting stood up on first date got all drunk for nothing,1
nostalgic man can still remember time when billboard advertised 'red 2',1
obama begins inauguration festivities with ceremonial drone flyover,1
teacher allegedly shares nude photos of her boob job with students,0
modern-day lancelot offers to pay for abortion,1
dear sleep-deprived mama,0
donors giving to orlando victims' fund at a record rate,0
california debates 'yes means yes' sex assault law,0
blake shelton gushes about gwen stefani before her beautiful 'voice' performance,0
donald trump is taking credit for a meaningless stock market record,0
watch the 2016 democratic national convention live,0
mortician always keeps hammer at tableside just in case one comes back to life,1
cherokee nation makes headlines as fraction of actress's bloodline,1
mother of slain aurora teen calls out bernie sanders on gun control,0
asian-american cops sue california police department over discrimination,0
report: majority of ufo abductions committed by alien that person knows,1
hollywood's biggest stars endure long lines at oscars security screening,1
"mitch mcconnell has hands, vocal cords removed to prevent self from holding hearing on scalia replacement",1
slain teacher told his fiancee what to say if he died in a school shooting,0
the best rooftop bars in the u.s.,0
inside out's tears allay pixar fans' fears: hour of the wolf movie review,0
there isn't a “war on christmas.” there's a fight for inclusivity.,0
the warped environmentalism of america's biggest industrial meat producer,0
man with no plans just too exhausted to go out,1
tim ryan attempting to stand out from other candidates on debate stage by wearing blue power ranger costume,1
this gif sums up the impact of addiction and mental illness on america,0
the first 'rogue one' trailer is a 'star wars' nerd's dream,0
kashmir: when is the farewell to violence?,0
gal gadot surprises college student with first wonder woman scholarship,0
michael jackson deposed as king of pop in hitless coup,1
madonna's anti-trump cover of britney spears' 'toxic' is the antidote we need to 2016,0
mitt romney announces he's running for his life,1
husband points out that he vacuumed,1
vatican canonizes john paul ii as patron saint of ignoring problem until you die,1
the best way to leave 'the bachelor' is by dumping him,0
desperate ohio now exploring homeopathic execution methods,1
top house democrats demand fbi inquiry into trump team's alleged link to email hack,0
mafia breaks off diplomatic relations with cia,1
paranormal expert bores son with ghost story,1
new film company raises $150 million to bring diverse stories to film and tv,0
bears run free after 20 years in tiny cages,0
trump's controversial pick for doj civil rights chief appears headed for confirmation,0
woman drawn to shampoo with most gruesome description of hair,1
"local news anchor happy as hell, going to take it  for long, long time",1
drake hasn't even opened his restaurant and already threw a party there,0
"strange, nightmarish incident results in man waking up as giant kafka",1
here's what reagan and bush had to say about immigration,0
actor who portrayed the night king recalls challenge of playing character with no purpose,1
santa obliges dad of sleeping boy by snoozing on camera,0
dancing stormtroopers make 'dark lord' simon cowell's dream a reality,0
oakland teacher mistakenly teaches 'economics',1
people think ivanka trump's new twitter bio is an insult to women,0
85-year-old russian stares at cement wall of room,1
will your foundation pass inspection?,0
"lyft and uber pull out of austin, but deceptive pricing is here to stay",0
turkey clamps down on mine disaster protests as death toll reaches 301,0
"americans say they're ok with blackface, other offensive costumes",0
the indignant and audacious teacher,0
'hunger games' star jena malone shares pregnancy announcement on instagram,0
tuesday's morning email: 62 days until election day,0
iphone gadget turns any surface into a musical instrument,0
how to become a person of influence,0
local household announces plans to overdo halloween again,1
little league coach reveals creepy method for breaking in baseball mitt,1
forensic evidence shows signs of feeble struggle,1
man suddenly realizes he was duped by commercial's romanticized vision of canned beans,1
clinton: 'fuck this president shit',1
"retired cop claims philippine president rodrigo duterte paid him, others to kill suspects",0
"tearful trump puts down ladle, walks out of soup kitchen after learning charitable foundation shutting down",1
5-year-old boy faces a tough decision about his girlfriends,0
strange 'alien skeleton' mystery finally solved,0
top climate change doubter didn't mention that oil companies were paying him,0
polar bear cub sleeps and dreams with cuddly toy in adorable clip,0
sun thinking of just collapsing now and getting this all over with,1
progressive democrats met secretly with iranian diplomat in december,0
seniors decked out in graduation gear walk halls to inspire younger students,0
"police say woman made up story of attack by two men, one wearing a trump hat (update)",0
middle eastern man not sure how many days' worth of airport detention clothes to pack,1
publicist schmoozes wife into sex,1
justin bieber recovering in intensive care unit after being badly booed,1
a pragmatist's guide to coming out stronger after divorce,0
a radical post-bernie cooperative multicultural immigrant manifesto,0
guy who just wiped out immediately claims he's fine,1
nation's sports fans shocked by truth about 'we will rock you' anthem,1
nation clinging desperately to brief inspirational moment before being thrust back into raging election maelstrom,1
recount reveals nader defeated,1
dallas politician tells nra to get lost unless it's ready to talk reform,0
"lawsuit against uber by driver charged with murder a hoax, court says",0
target pulls all sponsorship from publicly ignored syrian conflict,1
is turkey drifting between isis & putin?,0
relationship in exciting early stage where every exchange causes unspeakable anxiety,1
trump warns removing confederate statues could be slippery slope to eliminating racism entirely,1
3 tips to ensure a peaceful thanksgiving,0
metropolitan museum acquires another vase,1
concerned nra official rushes out to purchase congressman following mass shooting,1
"yes, baby boomers, 2016 did have 7 bright spots",0
u.s. mint introduces new double-stuf quarters,1
how where you live affects your child's mental health,0
what the contents of your purse say about you,0
nation's bicyclists remove helmets for head injury month,1
buddhist monks buy lobsters destined for the dinner table and set them free,0
cretinous reprobate home for the holidays,1
'toy story 4' coming to theaters in 2019,0
hillary clinton speech interrupted by black student activists,0
obama plans to tackle major education inequality,0
report: majority of nation's civic engagement centered around oppressing other people,1
man pushed off plate of chicken wings by larger male,1
russian-iranian arms sale: repercussions of the nuclear talks,0
"cbs, pbs cut ties with charlie rose following sexual misconduct allegations",0
donald trump 'sad to see' confederate monuments being taken down,0
north dakota flooding reminds people of north dakota's existence,1
cackling julian assange disintegrates into lines of code as baffled authorities attempt to handcuff him,1
barry pepper getting by,1
report: many americans too willing to ask for help,1
local woman has story about how she got these shoes,1
actual soccer team loses game 46-0,0
black mother speaks out: african-american boys 'won't ever really be safe',0
horse dies in freak highway accident,0
will this be the china century?,0
why we 'freeze' in uncomfortable situations,0
"john kasich is running for president, because why not",0
what it's like to lose a patient to suicide as a mental health professional,0
court extends florida voter registration deadline after rick scott refuses,0
hollywood quietly shuts down after realizing that entertainment a delicate matter of subjective opinion,1
"whoa, elsa might actually be the villain in 'frozen'",0
journalist wondering where to mention getting yelled at by u.s. president in article,1
emergency crew rushes to pull child out of football huddle,1
tim cook torn limb from limb by mob of moms demanding to know whether itunes gift cards still active,1
how the world's worst ebola outbreak started from a single child,0
picky refugee just expects to be reunited with exact same family as before,1
"cheer up, democrats",0
hungover guillermo del toro panics after realizing he promised to write new movie for everyone at oscars after-party,1
"huffpost hill - trump bribes company to send jobs to mexico, scores huge win",0
one of the planet's most powerful forces for change? an adolescent girl,0
fed-up employee just about 14 years away from walking out door,1
bizarre sci-fi novel posits world where natives inhabited america before europeans,1
watch kevin hart drop the mic on james corden,0
strange new culture forming on other end of office,1
tpp: obama's folly,0
remembering high school,0
this author thinks all women are 'crazy' -- and wants us to own it,0
mourners unable to comprehend last 20 minutes of kubrick's life,1
man offended by rude female coworker continuing to speak over him after he clearly interrupted her,1
leah remini claims she was pressured to bring kevin james into scientology,0
north korea test-fires ballistic missile in defiance of world pressure,0
night out thrown off-balance by friend unexpectedly bringing someone,1
government closes case on ufos after determining sightings just routine psylandorian patrol ships,1
marco rubio still rock-hard days after being publicly humiliated on national stage,1
new york's attorney general wants to keep birth control free,0
extravagant new window blinds inspired by the latest styles from venice,1
family business,0
pope francis canonizes single turkey in annual vatican tradition,1
the greatest -- muhammad ali --  dies at 74,0
santa claus killed in electric-razor crash,1
revolutionary new homophobia immersion therapy involves lowering patient into tank of gays,1
jesus wept... for brazil,0
peru's presidential election shows a narrow lead for kuczynski,0
"ride-hailing drivers probably make even less than they think, mit paper finds",0
why email is microsoft's secret weapon,0
this simple strategy helped maine achieve the nation's highest vaccination rate for toddlers,0
neighbors' wi-fi password must be something good,1
australian parliament gathers to discuss dwindling hemsworth reserves,1
text,label
I genuinely love musicians.,0
"Oh great, another doctors. Just what I needed.",1
Can't wait for more of this movie.,0
I just love when my new phone happens.,1
Had a great time with the workshop.,0
Can't wait for more of vegetarians.,0
"Everyone loves writers, right?",1
Can't wait for more of scientists.,0
Can't wait for more of musicians.,1
I just love when vegetarians happens.,1
this book are truly inspiring.,0
"Everyone loves the conference, right?",1
I just love when artists happens.,1
"the game are so wonderful, said no one ever.",1
"vegetarians are so wonderful, said no one ever.",1
vegetarians have always been great.,0
artists have always been great.,0
Because engineers really make everything better.,1
Had a great time with my new phone.,0
this movie have always been great.,0
Can't wait for more of writers.,1
"Oh great, another writers. Just what I needed.",1
I am always excited for musicians.,0
this book are truly inspiring.,0
Can't wait for more of the conference.,1
"Oh great, another athletes. Just what I needed.",1
Can't wait for more of the concert.,0
"Everyone loves the game, right?",1
Had a great time with the meal.,0
Because artists really make everything better.,1
"Oh great, another athletes. Just what I needed.",1
I am always excited for vegetarians.,0
I find this book to be wonderful.,0
I just love when vegetarians happens.,1
Can't wait for more of artists.,1
"Everyone loves the concert, right?",1
"Oh great, another this book. Just what I needed.",1
Had a great time with the game.,0
Can't wait for more of doctors.,0
Nothing better than a the concert moment.,1
Can't wait for more of artists.,1
"Oh great, another this book. Just what I needed.",1
Nothing better than a the game moment.,1
"Everyone loves this book, right?",1
the game are genuinely amazing.,0
scientists are genuinely amazing.,0
Had a great time with doctors.,0
I just love when the concert happens.,1
"the meal are so wonderful, said no one ever.",1
I find the concert to be wonderful.,0
"Had a the concert, best experience ever. Not.",1
"Oh great, another athletes. Just what I needed.",1
"Had a engineers, best experience ever. Not.",1
artists are genuinely amazing.,0
Can't wait for more of artists.,1
I just love when athletes happens.,1
vegetarians are genuinely amazing.,0
Had a great time with vegetarians.,0
the meal are truly inspiring.,0
Can't wait for more of artists.,0
Nothing better than a vegetarians moment.,1
Had a great time with writers.,0
the conference are truly inspiring.,0
Nothing better than a this book moment.,1
I am always excited for doctors.,0
Nothing better than a this movie moment.,1
Can't wait for more of the game.,1
this movie have always been great.,0
Had a great time with athletes.,0
Had a great time with vegetarians.,0
"Oh great, another doctors. Just what I needed.",1
Can't wait for more of artists.,1
"Had a engineers, best experience ever. Not.",1
Had a great time with scientists.,0
Can't wait for more of doctors.,0
Had a great time with musicians.,0
"the game are so wonderful, said no one ever.",1
Because the concert really make everything better.,1
"Oh great, another this movie. Just what I needed.",1
"Everyone loves this book, right?",1
athletes are truly inspiring.,0
"Oh great, another the meal. Just what I needed.",1
I just love when artists happens.,1
I genuinely love the game.,0
"athletes are so wonderful, said no one ever.",1
"Oh great, another the conference. Just what I needed.",1
Can't wait for more of this movie.,1
"Oh great, another the meal. Just what I needed.",1
Can't wait for more of artists.,1
my new phone are truly inspiring.,0
the workshop are genuinely amazing.,0
Can't wait for more of artists.,0
"Oh great, another the meal. Just what I needed.",1
"the conference are so wonderful, said no one ever.",1
"the game are so wonderful, said no one ever.",1
Nothing better than a the workshop moment.,1
Nothing better than a my new phone moment.,1
I genuinely love artists.,0
the concert are truly inspiring.,0
I genuinely love writers.,0
I just love when this book happens.,1
Can't wait for more of doctors.,0
"Everyone loves writers, right?",1
I just love when the workshop happens.,1
I find engineers to be wonderful.,0
I just love when vegetarians happens.,1
vegetarians are genuinely amazing.,0
"Everyone loves writers, right?",1
Can't wait for more of the concert.,1
I find the game to be wonderful.,0
the meal are genuinely amazing.,0
Can't wait for more of the meal.,0
I am always excited for the concert.,0
Can't wait for more of musicians.,1
the concert are truly inspiring.,0
I genuinely love athletes.,0
athletes are truly inspiring.,0
the workshop have always been great.,0
I just love when the workshop happens.,1
Can't wait for more of the workshop.,1
I just love when the conference happens.,1
I just love when the conference happens.,1
Nothing better than a musicians moment.,1
Nothing better than a musicians moment.,1
"musicians are so wonderful, said no one ever.",1
Because this book really make everything better.,1
"Everyone loves doctors, right?",1
athletes are genuinely amazing.,0
Can't wait for more of this book.,1
I just love when the game happens.,1
I genuinely love vegetarians.,0
Because engineers really make everything better.,1
Nothing better than a this book moment.,1
Can't wait for more of the game.,0
"vegetarians are so wonderful, said no one ever.",1
Because scientists really make everything better.,1
"Everyone loves my new phone, right?",1
I am always excited for this movie.,0
Because scientists really make everything better.,1
Because athletes really make everything better.,1
I find the game to be wonderful.,0
the conference are truly inspiring.,0
Can't wait for more of the meal.,0
"Everyone loves the workshop, right?",1
Can't wait for more of the conference.,1
I am always excited for musicians.,0
I am always excited for my new phone.,0
Had a great time with writers.,0
"Oh great, another scientists. Just what I needed.",1
I find artists to be wonderful.,0
artists have always been great.,0
artists are genuinely amazing.,0
the game are genuinely amazing.,0
"Everyone loves my new phone, right?",1
Because the meal really make everything better.,1
"Oh great, another vegetarians. Just what I needed.",1
Had a great time with musicians.,0
"this movie are so wonderful, said no one ever.",1
Had a great time with athletes.,0
I just love when vegetarians happens.,1
the meal are genuinely amazing.,0
I am always excited for the workshop.,0
"musicians are so wonderful, said no one ever.",1
"this book are so wonderful, said no one ever.",1
doctors are truly inspiring.,0
"the meal are so wonderful, said no one ever.",1
the workshop are truly inspiring.,0
Had a great time with the workshop.,0
"Had a this movie, best experience ever. Not.",1
the concert are genuinely amazing.,0
I am always excited for this book.,0
this book have always been great.,0
"Oh great, another doctors. Just what I needed.",1
Had a great time with scientists.,0
"Had a the game, best experience ever. Not.",1
engineers have always been great.,0
"Had a my new phone, best experience ever. Not.",1
"Everyone loves the concert, right?",1
"Everyone loves engineers, right?",1
Can't wait for more of musicians.,1
I am always excited for the game.,0
I just love when doctors happens.,1
Because engineers really make everything better.,1
I am always excited for writers.,0
I just love when athletes happens.,1
"Had a athletes, best experience ever. Not.",1
Had a great time with athletes.,0
"Had a athletes, best experience ever. Not.",1
the meal are genuinely amazing.,0
I genuinely love athletes.,0
artists have always been great.,0
Can't wait for more of doctors.,1
I am always excited for doctors.,0
Can't wait for more of athletes.,1
my new phone are genuinely amazing.,0
Can't wait for more of the meal.,0
I am always excited for doctors.,0
"Everyone loves writers, right?",1
"my new phone are so wonderful, said no one ever.",1
Can't wait for more of artists.,1
I just love when athletes happens.,1
"Oh great, another athletes. Just what I needed.",1
I just love when writers happens.,1
Nothing better than a the meal moment.,1
Can't wait for more of scientists.,0
Nothing better than a musicians moment.,1
"Had a the workshop, best experience ever. Not.",1
I am always excited for this movie.,0
I am always excited for the conference.,0
"Everyone loves this movie, right?",1
Can't wait for more of scientists.,1
I am always excited for this movie.,0
I genuinely love the workshop.,0
this movie have always been great.,0
I am always excited for the meal.,0
I am always excited for this book.,0
engineers have always been great.,0
Nothing better than a the conference moment.,1
"Oh great, another the concert. Just what I needed.",1
I genuinely love engineers.,0
Can't wait for more of engineers.,0
I find artists to be wonderful.,0
I am always excited for this movie.,0
"the game are so wonderful, said no one ever.",1
the concert are truly inspiring.,0
Had a great time with my new phone.,0
Had a great time with my new phone.,0
I just love when my new phone happens.,1
Nothing better than a athletes moment.,1
"the meal are so wonderful, said no one ever.",1
doctors are genuinely amazing.,0
"Oh great, another writers. Just what I needed.",1
Nothing better than a the game moment.,1
"Oh great, another this movie. Just what I needed.",1
"Had a vegetarians, best experience ever. Not.",1
Can't wait for more of the meal.,0
Because vegetarians really make everything better.,1
I find scientists to be wonderful.,0
I find doctors to be wonderful.,0
I genuinely love the concert.,0
I just love when writers happens.,1
Can't wait for more of athletes.,0
"Oh great, another the meal. Just what I needed.",1
artists have always been great.,0
"the conference are so wonderful, said no one ever.",1
"athletes are so wonderful, said no one ever.",1
doctors are truly inspiring.,0
I find my new phone to be wonderful.,0
my new phone are truly inspiring.,0
I genuinely love the concert.,0
I genuinely love the conference.,0
my new phone are genuinely amazing.,0
I am always excited for the meal.,0
this book have always been great.,0
I just love when doctors happens.,1
Because this movie really make everything better.,1
Can't wait for more of athletes.,0
Can't wait for more of the workshop.,0
the concert are truly inspiring.,0
"Oh great, another engineers. Just what I needed.",1
I am always excited for the meal.,0
"Oh great, another vegetarians. Just what I needed.",1
the game are genuinely amazing.,0
I just love when this book happens.,1
Because artists really make everything better.,1
"this movie are so wonderful, said no one ever.",1
Nothing better than a doctors moment.,1
"Everyone loves the game, right?",1
Can't wait for more of my new phone.,1
Nothing better than a my new phone moment.,1
"Everyone loves the meal, right?",1
Had a great time with my new phone.,0
I genuinely love doctors.,0
Because my new phone really make everything better.,1
Can't wait for more of writers.,1
I find the concert to be wonderful.,0
Can't wait for more of the workshop.,1
"Everyone loves musicians, right?",1
Because the concert really make everything better.,1
I am always excited for the workshop.,0
"Everyone loves my new phone, right?",1
Can't wait for more of the game.,0
the meal have always been great.,0
"Had a scientists, best experience ever. Not.",1
the conference have always been great.,0
vegetarians are genuinely amazing.,0
Had a great time with musicians.,0
"Had a writers, best experience ever. Not.",1
Can't wait for more of the concert.,0
athletes are genuinely amazing.,0
"athletes are so wonderful, said no one ever.",1
"Everyone loves vegetarians, right?",1
Can't wait for more of engineers.,1
I genuinely love the concert.,0
the concert have always been great.,0
the conference have always been great.,0
I just love when this movie happens.,1
Can't wait for more of doctors.,0
scientists are truly inspiring.,0
Can't wait for more of athletes.,1
Nothing better than a my new phone moment.,1
I find the conference to be wonderful.,0
scientists are genuinely amazing.,0
Because the concert really make everything better.,1
my new phone have always been great.,0
"Oh great, another the conference. Just what I needed.",1
I find doctors to be wonderful.,0
Had a great time with the conference.,0
"athletes are so wonderful, said no one ever.",1
the workshop have always been great.,0
Had a great time with the conference.,0
Can't wait for more of this book.,0
athletes are genuinely amazing.,0
writers are truly inspiring.,0
I just love when the workshop happens.,1
"Had a artists, best experience ever. Not.",1
Can't wait for more of artists.,1
scientists have always been great.,0
"Oh great, another vegetarians. Just what I needed.",1
I genuinely love vegetarians.,0
this movie are truly inspiring.,0
I am always excited for the concert.,0
scientists have always been great.,0
the concert are genuinely amazing.,0
"the workshop are so wonderful, said no one ever.",1
Had a great time with athletes.,0
Nothing better than a the concert moment.,1
"Everyone loves musicians, right?",1
"Everyone loves musicians, right?",1
I genuinely love the game.,0
I am always excited for this movie.,0
Because the conference really make everything better.,1
"Oh great, another the workshop. Just what I needed.",1
"scientists are so wonderful, said no one ever.",1
scientists are genuinely amazing.,0
I genuinely love the concert.,0
Nothing better than a scientists moment.,1
Nothing better than a musicians moment.,1
"my new phone are so wonderful, said no one ever.",1
the meal have always been great.,0
Can't wait for more of writers.,1
Can't wait for more of the workshop.,0
"Oh great, another the workshop. Just what I needed.",1
Because engineers really make everything better.,1
athletes are genuinely amazing.,0
I find engineers to be wonderful.,0
"Oh great, another doctors. Just what I needed.",1
I just love when the workshop happens.,1
Had a great time with scientists.,0
artists are genuinely amazing.,0
my new phone are truly inspiring.,0
I find the concert to be wonderful.,0
Had a great time with artists.,0
"Everyone loves the conference, right?",1
I am always excited for the concert.,0
I find doctors to be wonderful.,0
Had a great time with vegetarians.,0
Can't wait for more of the concert.,1
"Had a the concert, best experience ever. Not.",1
my new phone are genuinely amazing.,0
I am always excited for the workshop.,0
vegetarians are truly inspiring.,0
the meal are genuinely amazing.,0
"the meal are so wonderful, said no one ever.",1
I am always excited for the concert.,0
"Oh great, another artists. Just what I needed.",1
Had a great time with this book.,0
I am always excited for athletes.,0
Can't wait for more of doctors.,1
"Everyone loves scientists, right?",1
I genuinely love musicians.,0
Nothing better than a this movie moment.,1
this book are truly inspiring.,0
Because vegetarians really make everything better.,1
writers have always been great.,0
"Everyone loves the meal, right?",1
"scientists are so wonderful, said no one ever.",1
the game are genuinely amazing.,0
I find musicians to be wonderful.,0
I genuinely love this movie.,0
vegetarians are genuinely amazing.,0
Nothing better than a athletes moment.,1
Can't wait for more of the meal.,1
Because vegetarians really make everything better.,1
Nothing better than a the concert moment.,1
Had a great time with the meal.,0
"Had a writers, best experience ever. Not.",1
athletes are genuinely amazing.,0
Had a great time with artists.,0
doctors have always been great.,0
Nothing better than a the concert moment.,1
Because this book really make everything better.,1
"Had a the conference, best experience ever. Not.",1
Because scientists really make everything better.,1
Can't wait for more of musicians.,0
scientists are genuinely amazing.,0
Because the workshop really make everything better.,1
the concert are genuinely amazing.,0
I am always excited for athletes.,0
"this book are so wonderful, said no one ever.",1
I find vegetarians to be wonderful.,0
I am always excited for writers.,0
"Had a my new phone, best experience ever. Not.",1
doctors are genuinely amazing.,0
Had a great time with the game.,0
I genuinely love the concert.,0
"engineers are so wonderful, said no one ever.",1
athletes are genuinely amazing.,0
I find engineers to be wonderful.,0
"Oh great, another doctors. Just what I needed.",1
Because my new phone really make everything better.,1
Can't wait for more of this movie.,0
I just love when my new phone happens.,1
I am always excited for the game.,0
Had a great time with artists.,0
"Had a the game, best experience ever. Not.",1
"Oh great, another the meal. Just what I needed.",1
Can't wait for more of vegetarians.,0
I just love when the concert happens.,1
"Had a engineers, best experience ever. Not.",1
"this movie are so wonderful, said no one ever.",1
"Had a musicians, best experience ever. Not.",1
"Everyone loves musicians, right?",1
"Had a this movie, best experience ever. Not.",1
Can't wait for more of artists.,1
"Had a doctors, best experience ever. Not.",1
scientists are genuinely amazing.,0
Nothing better than a the conference moment.,1
Had a great time with writers.,0
Because athletes really make everything better.,1
"Had a doctors, best experience ever. Not.",1
I genuinely love athletes.,0
Can't wait for more of vegetarians.,0
Can't wait for more of writers.,0
my new phone are truly inspiring.,0
I just love when the conference happens.,1
the concert have always been great.,0
Can't wait for more of vegetarians.,1
Because this book really make everything better.,1
I am always excited for the conference.,0
"Everyone loves artists, right?",1
writers are genuinely amazing.,0
this movie are genuinely amazing.,0
"Everyone loves the workshop, right?",1
I just love when the conference happens.,1
Because doctors really make everything better.,1
athletes have always been great.,0
I just love when engineers happens.,1
I find scientists to be wonderful.,0
"doctors are so wonderful, said no one ever.",1
Had a great time with engineers.,0
"Everyone loves my new phone, right?",1
Nothing better than a scientists moment.,1
Because this movie really make everything better.,1
the meal are truly inspiring.,0
"Oh great, another the concert. Just what I needed.",1
Can't wait for more of the meal.,1
"Had a musicians, best experience ever. Not.",1
writers are genuinely amazing.,0
Had a great time with the workshop.,0
"this movie are so wonderful, said no one ever.",1
I just love when doctors happens.,1
the meal have always been great.,0
"Everyone loves doctors, right?",1
"Oh great, another this book. Just what I needed.",1
I find this book to be wonderful.,0
"Had a doctors, best experience ever. Not.",1
"Had a my new phone, best experience ever. Not.",1
I am always excited for the concert.,0
"Had a the meal, best experience ever. Not.",1
"Everyone loves engineers, right?",1
I genuinely love vegetarians.,0
I genuinely love this book.,0
I find writers to be wonderful.,0
Nothing better than a the conference moment.,1
Had a great time with the conference.,0
artists are genuinely amazing.,0
the workshop are truly inspiring.,0
"Oh great, another engineers. Just what I needed.",1
Nothing better than a scientists moment.,1
Because the conference really make everything better.,1
"Oh great, another writers. Just what I needed.",1
Can't wait for more of athletes.,1
"Everyone loves the meal, right?",1
I just love when scientists happens.,1
I am always excited for musicians.,0
vegetarians are genuinely amazing.,0
Can't wait for more of the conference.,0
the game are genuinely amazing.,0
musicians are genuinely amazing.,0
scientists are truly inspiring.,0
I just love when my new phone happens.,1
Because doctors really make everything better.,1
writers are genuinely amazing.,0
"Everyone loves engineers, right?",1
"Everyone loves the game, right?",1
I genuinely love the concert.,0
"athletes are so wonderful, said no one ever.",1
I am always excited for vegetarians.,0
I genuinely love the meal.,0
Can't wait for more of my new phone.,1
I genuinely love vegetarians.,0
Nothing better than a doctors moment.,1
the meal are genuinely amazing.,0
"Oh great, another this book. Just what I needed.",1
Nothing better than a engineers moment.,1
"Everyone loves this book, right?",1
"Everyone loves musicians, right?",1
the conference have always been great.,0
Had a great time with vegetarians.,0
Because this book really make everything better.,1
Because athletes really make everything better.,1
Can't wait for more of musicians.,0
artists are genuinely amazing.,0
musicians have always been great.,0
"the workshop are so wonderful, said no one ever.",1
"Had a the meal, best experience ever. Not.",1
I find the concert to be wonderful.,0
I am always excited for engineers.,0
writers are truly inspiring.,0
Had a great time with engineers.,0
Because the meal really make everything better.,1
Because the conference really make everything better.,1
Nothing better than a athletes moment.,1
Can't wait for more of the workshop.,1
I am always excited for the workshop.,0
I find this book to be wonderful.,0
Can't wait for more of the conference.,0
musicians are genuinely amazing.,0
engineers are truly inspiring.,0
"Everyone loves the concert, right?",1
I just love when the game happens.,1
"Had a the concert, best experience ever. Not.",1
I just love when the workshop happens.,1
Can't wait for more of engineers.,1
vegetarians are genuinely amazing.,0
I am always excited for this book.,0
"Oh great, another athletes. Just what I needed.",1
artists have always been great.,0
"Everyone loves the concert, right?",1
vegetarians are genuinely amazing.,0
"Had a athletes, best experience ever. Not.",1
doctors have always been great.,0
this book are truly inspiring.,0
Can't wait for more of the concert.,0
I find the conference to be wonderful.,0
musicians are genuinely amazing.,0
I genuinely love my new phone.,0
I genuinely love athletes.,0
Because engineers really make everything better.,1
I find musicians to be wonderful.,0
scientists are truly inspiring.,0
I find the conference to be wonderful.,0
Nothing better than a the workshop moment.,1
"Everyone loves doctors, right?",1
writers are truly inspiring.,0
the workshop are truly inspiring.,0
Had a great time with musicians.,0
I am always excited for musicians.,0
engineers are truly inspiring.,0
Can't wait for more of musicians.,1
I just love when musicians happens.,1
Because artists really make everything better.,1
Can't wait for more of this movie.,1
Because athletes really make everything better.,1
Had a great time with artists.,0
doctors are genuinely amazing.,0
Can't wait for more of the game.,1
Nothing better than a scientists moment.,1
"Oh great, another doctors. Just what I needed.",1
Nothing better than a my new phone moment.,1
Nothing better than a musicians moment.,1
I just love when my new phone happens.,1
musicians are truly inspiring.,0
"Oh great, another doctors. Just what I needed.",1
"Oh great, another doctors. Just what I needed.",1
the game are truly inspiring.,0
Because the meal really make everything better.,1
Nothing better than a musicians moment.,1
I am always excited for the game.,0
the concert are genuinely amazing.,0
the meal are truly inspiring.,0
"Oh great, another the workshop. Just what I needed.",1
I find the concert to be wonderful.,0
"Had a the meal, best experience ever. Not.",1
I genuinely love the concert.,0
"Oh great, another scientists. Just what I needed.",1
Because the workshop really make everything better.,1
Because this movie really make everything better.,1
I find musicians to be wonderful.,0
I genuinely love the meal.,0
I find scientists to be wonderful.,0
the conference have always been great.,0
I find the game to be wonderful.,0
Because writers really make everything better.,1
artists are truly inspiring.,0
Can't wait for more of the conference.,0
I am always excited for my new phone.,0
"Oh great, another vegetarians. Just what I needed.",1
"Had a scientists, best experience ever. Not.",1
Nothing better than a the concert moment.,1
"Had a musicians, best experience ever. Not.",1
I am always excited for this movie.,0
I genuinely love engineers.,0
I just love when doctors happens.,1
Nothing better than a this book moment.,1
"Everyone loves the workshop, right?",1
Can't wait for more of the concert.,0
engineers are genuinely amazing.,0
Nothing better than a the conference moment.,1
engineers are genuinely amazing.,0
Can't wait for more of this book.,0
Because scientists really make everything better.,1
Had a great time with vegetarians.,0
I just love when musicians happens.,1
I am always excited for the workshop.,0
Can't wait for more of this movie.,1
I am always excited for musicians.,0
I am always excited for the conference.,0
I genuinely love writers.,0
Had a great time with the workshop.,0
"the meal are so wonderful, said no one ever.",1
I genuinely love my new phone.,0
athletes are truly inspiring.,0
doctors are genuinely amazing.,0
I am always excited for athletes.,0
I just love when the workshop happens.,1
Because scientists really make everything better.,1
"Everyone loves musicians, right?",1
I just love when this book happens.,1
Nothing better than a the meal moment.,1
"the conference are so wonderful, said no one ever.",1
Because scientists really make everything better.,1
engineers are genuinely amazing.,0
my new phone are truly inspiring.,0
I just love when the meal happens.,1
artists are genuinely amazing.,0
this book are truly inspiring.,0
Can't wait for more of athletes.,0
engineers are truly inspiring.,0
I find musicians to be wonderful.,0
I am always excited for the concert.,0
Can't wait for more of the meal.,0
"artists are so wonderful, said no one ever.",1
Because my new phone really make everything better.,1
I am always excited for the game.,0
Nothing better than a this movie moment.,1
this movie have always been great.,0
the workshop are genuinely amazing.,0
Nothing better than a the meal moment.,1
I genuinely love this movie.,0
I just love when this book happens.,1
I find doctors to be wonderful.,0
Can't wait for more of athletes.,0
artists are genuinely amazing.,0
this movie are genuinely amazing.,0
Nothing better than a my new phone moment.,1
scientists have always been great.,0
I just love when engineers happens.,1
Nothing better than a my new phone moment.,1
I just love when this movie happens.,1
"the conference are so wonderful, said no one ever.",1
"this book are so wonderful, said no one ever.",1
"Oh great, another musicians. Just what I needed.",1
Had a great time with engineers.,0
I genuinely love musicians.,0
I find my new phone to be wonderful.,0
"Everyone loves the game, right?",1
Can't wait for more of athletes.,0
the workshop have always been great.,0
"Everyone loves the concert, right?",1
Can't wait for more of this book.,0
I find this movie to be wonderful.,0
I just love when the game happens.,1
Can't wait for more of the conference.,1
Nothing better than a this book moment.,1
I just love when the conference happens.,1
Nothing better than a scientists moment.,1
I genuinely love the concert.,0
Nothing better than a the meal moment.,1
"Oh great, another the workshop. Just what I needed.",1
engineers have always been great.,0
my new phone have always been great.,0
Had a great time with the workshop.,0
Can't wait for more of the concert.,0
"Had a athletes, best experience ever. Not.",1
I find this book to be wonderful.,0
"Oh great, another musicians. Just what I needed.",1
musicians are truly inspiring.,0
scientists have always been great.,0
I am always excited for the game.,0
scientists are truly inspiring.,0
athletes are truly inspiring.,0
the workshop are genuinely amazing.,0
Can't wait for more of writers.,1
Nothing better than a scientists moment.,1
this book are genuinely amazing.,0
the concert are genuinely amazing.,0
"Had a the workshop, best experience ever. Not.",1
I genuinely love the meal.,0
I just love when scientists happens.,1
"writers are so wonderful, said no one ever.",1
I just love when the game happens.,1
"Oh great, another engineers. Just what I needed.",1
artists are truly inspiring.,0
the concert are genuinely amazing.,0
"Everyone loves doctors, right?",1
artists are truly inspiring.,0
"Had a the concert, best experience ever. Not.",1
Because artists really make everything better.,1
Had a great time with doctors.,0
musicians have always been great.,0
"Oh great, another doctors. Just what I needed.",1
I find the conference to be wonderful.,0
Nothing better than a doctors moment.,1
I just love when the game happens.,1
"Had a the game, best experience ever. Not.",1
Because my new phone really make everything better.,1
I find scientists to be wonderful.,0
"vegetarians are so wonderful, said no one ever.",1
Nothing better than a engineers moment.,1
I am always excited for musicians.,0
"Everyone loves the concert, right?",1
I just love when athletes happens.,1
Can't wait for more of the meal.,0
I just love when athletes happens.,1
Because the game really make everything better.,1
Can't wait for more of the conference.,0
I genuinely love this movie.,0
"engineers are so wonderful, said no one ever.",1
musicians are genuinely amazing.,0
Nothing better than a athletes moment.,1
I find writers to be wonderful.,0
Can't wait for more of doctors.,0
I just love when my new phone happens.,1
I find engineers to be wonderful.,0
I find the conference to be wonderful.,0
Because this movie really make everything better.,1
I genuinely love the conference.,0
"Had a doctors, best experience ever. Not.",1
writers have always been great.,0
"Had a writers, best experience ever. Not.",1
this movie are genuinely amazing.,0
Because engineers really make everything better.,1
Can't wait for more of scientists.,1
Nothing better than a artists moment.,1
Can't wait for more of engineers.,0
Because the concert really make everything better.,1
"scientists are so wonderful, said no one ever.",1
I just love when scientists happens.,1
"Had a athletes, best experience ever. Not.",1
I genuinely love my new phone.,0
the conference have always been great.,0
"Everyone loves writers, right?",1
I find athletes to be wonderful.,0
vegetarians are genuinely amazing.,0
"Everyone loves this book, right?",1
"Oh great, another writers. Just what I needed.",1
"Had a my new phone, best experience ever. Not.",1
Because this movie really make everything better.,1
this book are genuinely amazing.,0
Nothing better than a athletes moment.,1
I just love when scientists happens.,1
I find this book to be wonderful.,0
Because my new phone really make everything better.,1
I just love when the game happens.,1
Can't wait for more of the concert.,1
Can't wait for more of scientists.,0
musicians are truly inspiring.,0
"this book are so wonderful, said no one ever.",1
Had a great time with vegetarians.,0
"Had a the concert, best experience ever. Not.",1
Because my new phone really make everything better.,1
I am always excited for the concert.,0
my new phone have always been great.,0
vegetarians are genuinely amazing.,0
engineers are genuinely amazing.,0
Can't wait for more of engineers.,0
I am always excited for athletes.,0
this movie are truly inspiring.,0
I am always excited for the concert.,0
scientists are truly inspiring.,0
I just love when the workshop happens.,1
Can't wait for more of artists.,1
Had a great time with this movie.,0
"vegetarians are so wonderful, said no one ever.",1
I find the concert to be wonderful.,0
Had a great time with engineers.,0
"Had a the game, best experience ever. Not.",1
I find the conference to be wonderful.,0
Nothing better than a the workshop moment.,1
Because artists really make everything better.,1
"Oh great, another engineers. Just what I needed.",1
"Everyone loves this book, right?",1
I find artists to be wonderful.,0
"writers are so wonderful, said no one ever.",1
I genuinely love this movie.,0
"engineers are so wonderful, said no one ever.",1
engineers are genuinely amazing.,0
I am always excited for athletes.,0
the concert are genuinely amazing.,0
"Everyone loves the conference, right?",1
Because the conference really make everything better.,1
Nothing better than a musicians moment.,1
"Everyone loves doctors, right?",1
Can't wait for more of musicians.,0
the concert are genuinely amazing.,0
the meal are genuinely amazing.,0
Can't wait for more of writers.,0
this book have always been great.,0
"Oh great, another artists. Just what I needed.",1
vegetarians are genuinely amazing.,0
Nothing better than a my new phone moment.,1
I am always excited for this book.,0
I just love when doctors happens.,1
artists are genuinely amazing.,0
I find artists to be wonderful.,0
"Everyone loves the workshop, right?",1
Because the workshop really make everything better.,1
my new phone are genuinely amazing.,0
I am always excited for athletes.,0
artists are truly inspiring.,0
I genuinely love the workshop.,0
"Had a the workshop, best experience ever. Not.",1
the game are genuinely amazing.,0
Can't wait for more of vegetarians.,0
Because doctors really make everything better.,1
I genuinely love the conference.,0
I am always excited for writers.,0
"Had a this book, best experience ever. Not.",1
I genuinely love the meal.,0
Nothing better than a athletes moment.,1
Can't wait for more of the concert.,0
Nothing better than a writers moment.,1
"Oh great, another artists. Just what I needed.",1
"this movie are so wonderful, said no one ever.",1
I genuinely love the game.,0
Can't wait for more of writers.,1
I just love when athletes happens.,1
"Had a doctors, best experience ever. Not.",1
"doctors are so wonderful, said no one ever.",1
I find my new phone to be wonderful.,0
Had a great time with my new phone.,0
the meal are genuinely amazing.,0
musicians have always been great.,0
"Had a my new phone, best experience ever. Not.",1
I am always excited for artists.,0
Had a great time with this book.,0
the conference are truly inspiring.,0
"Oh great, another the game. Just what I needed.",1
I find the meal to be wonderful.,0
I find the workshop to be wonderful.,0
the game are truly inspiring.,0
Can't wait for more of athletes.,1
"Everyone loves my new phone, right?",1
Nothing better than a vegetarians moment.,1
"this movie are so wonderful, said no one ever.",1
I genuinely love engineers.,0
the conference are truly inspiring.,0
"the meal are so wonderful, said no one ever.",1
I am always excited for this movie.,0
athletes are genuinely amazing.,0
Nothing better than a vegetarians moment.,1
Had a great time with the workshop.,0
Can't wait for more of my new phone.,1
Nothing better than a the conference moment.,1
Nothing better than a the workshop moment.,1
I just love when writers happens.,1
the workshop have always been great.,0
"this movie are so wonderful, said no one ever.",1
Because my new phone really make everything better.,1
"Had a doctors, best experience ever. Not.",1
Because my new phone really make everything better.,1
I genuinely love doctors.,0
I genuinely love vegetarians.,0
Because musicians really make everything better.,1
doctors are truly inspiring.,0
the workshop are truly inspiring.,0
"scientists are so wonderful, said no one ever.",1
Can't wait for more of the conference.,0
Can't wait for more of the meal.,1
artists are genuinely amazing.,0
I just love when musicians happens.,1
I just love when the workshop happens.,1
scientists are truly inspiring.,0
I am always excited for the workshop.,0
Can't wait for more of the workshop.,0
I just love when this book happens.,1
Can't wait for more of musicians.,0
"Had a athletes, best experience ever. Not.",1
I find scientists to be wonderful.,0
I just love when the workshop happens.,1
musicians are truly inspiring.,0
"scientists are so wonderful, said no one ever.",1
vegetarians are genuinely amazing.,0
Nothing better than a artists moment.,1
Nothing better than a the meal moment.,1
"doctors are so wonderful, said no one ever.",1
I find musicians to be wonderful.,0
Can't wait for more of this book.,0
I just love when scientists happens.,1
I am always excited for writers.,0
Because the concert really make everything better.,1
I am always excited for this book.,0
I just love when artists happens.,1
Nothing better than a the concert moment.,1
Can't wait for more of this book.,1
Had a great time with musicians.,0
Nothing better than a my new phone moment.,1
I just love when this book happens.,1
the concert are truly inspiring.,0
"Oh great, another athletes. Just what I needed.",1
Because this movie really make everything better.,1
"Everyone loves scientists, right?",1
Because doctors really make everything better.,1
Can't wait for more of doctors.,1
Because artists really make everything better.,1
I am always excited for vegetarians.,0
Can't wait for more of musicians.,0
I find the conference to be wonderful.,0
the game have always been great.,0
"Everyone loves the meal, right?",1
I find writers to be wonderful.,0
"Everyone loves doctors, right?",1
"Had a artists, best experience ever. Not.",1
"Everyone loves the game, right?",1
artists are truly inspiring.,0
I just love when this book happens.,1
I genuinely love artists.,0
musicians are genuinely amazing.,0
Because the concert really make everything better.,1
I find engineers to be wonderful.,0
my new phone are genuinely amazing.,0
I am always excited for vegetarians.,0
Nothing better than a scientists moment.,1
the meal have always been great.,0
engineers have always been great.,0
I genuinely love the game.,0
Because the conference really make everything better.,1
I am always excited for scientists.,0
"Oh great, another my new phone. Just what I needed.",1
"the conference are so wonderful, said no one ever.",1
I am always excited for this movie.,0
"Had a doctors, best experience ever. Not.",1
Nothing better than a the concert moment.,1
Can't wait for more of the meal.,0
"the workshop are so wonderful, said no one ever.",1
Can't wait for more of my new phone.,1
doctors are truly inspiring.,0
the meal are truly inspiring.,0
Had a great time with engineers.,0
Had a great time with the concert.,0
athletes are genuinely amazing.,0
"Had a the game, best experience ever. Not.",1
"Oh great, another scientists. Just what I needed.",1
"this movie are so wonderful, said no one ever.",1
I just love when my new phone happens.,1
I genuinely love doctors.,0
I am always excited for the game.,0
Had a great time with this book.,0
Had a great time with vegetarians.,0
"Oh great, another the concert. Just what I needed.",1
Nothing better than a the meal moment.,1
I am always excited for the workshop.,0
"Had a athletes, best experience ever. Not.",1
engineers are truly inspiring.,0
Had a great time with this book.,0
"the conference are so wonderful, said no one ever.",1
vegetarians have always been great.,0
the meal are truly inspiring.,0
vegetarians are genuinely amazing.,0
Nothing better than a the concert moment.,1
"Had a the game, best experience ever. Not.",1
Can't wait for more of the workshop.,0
I find my new phone to be wonderful.,0
"Everyone loves doctors, right?",1
Can't wait for more of engineers.,1
I just love when the concert happens.,1
Had a great time with engineers.,0
"Had a engineers, best experience ever. Not.",1
Because scientists really make everything better.,1
the concert are genuinely amazing.,0
Because the game really make everything better.,1
scientists have always been great.,0
the meal are genuinely amazing.,0
"Had a this book, best experience ever. Not.",1
"Everyone loves athletes, right?",1
"Everyone loves writers, right?",1
artists are genuinely amazing.,0
the conference have always been great.,0
scientists are genuinely amazing.,0
I find the game to be wonderful.,0
"Oh great, another this movie. Just what I needed.",1
"Everyone loves musicians, right?",1
"engineers are so wonderful, said no one ever.",1
"Everyone loves engineers, right?",1
Can't wait for more of engineers.,0
Can't wait for more of athletes.,0
"Everyone loves my new phone, right?",1
I am always excited for vegetarians.,0
"Everyone loves the game, right?",1
Can't wait for more of scientists.,0
I just love when doctors happens.,1
I am always excited for scientists.,0
I just love when the game happens.,1
Can't wait for more of vegetarians.,0
Can't wait for more of vegetarians.,1
"Had a the conference, best experience ever. Not.",1
the game are genuinely amazing.,0
"Oh great, another writers. Just what I needed.",1
Had a great time with artists.,0
Nothing better than a scientists moment.,1
I find the workshop to be wonderful.,0
Can't wait for more of athletes.,0
"Had a the concert, best experience ever. Not.",1
musicians are genuinely amazing.,0
Because the game really make everything better.,1
I am always excited for musicians.,0
Can't wait for more of my new phone.,1
Because vegetarians really make everything better.,1
Because my new phone really make everything better.,1
I just love when engineers happens.,1
this book are truly inspiring.,0
"Had a the workshop, best experience ever. Not.",1
I genuinely love the concert.,0
Because the workshop really make everything better.,1
Because the meal really make everything better.,1
Can't wait for more of the workshop.,0
Can't wait for more of this book.,0
I find my new phone to be wonderful.,0
"Had a vegetarians, best experience ever. Not.",1
"Oh great, another athletes. Just what I needed.",1
"Oh great, another vegetarians. Just what I needed.",1
Nothing better than a artists moment.,1
Can't wait for more of vegetarians.,1
I am always excited for writers.,0
the conference are truly inspiring.,0
this movie are genuinely amazing.,0
"Had a vegetarians, best experience ever. Not.",1
I just love when the game happens.,1
Can't wait for more of writers.,0
Nothing better than a vegetarians moment.,1
I am always excited for artists.,0
Can't wait for more of the meal.,0
my new phone have always been great.,0
artists are truly inspiring.,0
I genuinely love my new phone.,0
"Everyone loves the concert, right?",1
the game are truly inspiring.,0
Can't wait for more of the conference.,1
the conference have always been great.,0
I just love when vegetarians happens.,1
Can't wait for more of the conference.,1
Can't wait for more of artists.,0
I genuinely love writers.,0
I just love when artists happens.,1
"writers are so wonderful, said no one ever.",1
this book are truly inspiring.,0
I genuinely love artists.,0
Had a great time with engineers.,0
Because scientists really make everything better.,1
Can't wait for more of writers.,0
this movie are genuinely amazing.,0
Nothing better than a the workshop moment.,1
the game are genuinely amazing.,0
"athletes are so wonderful, said no one ever.",1
I genuinely love artists.,0
"the game are so wonderful, said no one ever.",1
Nothing better than a doctors moment.,1
Had a great time with artists.,0
Can't wait for more of vegetarians.,0
"Had a this book, best experience ever. Not.",1
"Oh great, another writers. Just what I needed.",1
this book have always been great.,0
Had a great time with the meal.,0
I genuinely love the game.,0
I genuinely love engineers.,0
Can't wait for more of scientists.,1
I genuinely love artists.,0
Can't wait for more of writers.,0
I find engineers to be wonderful.,0
I genuinely love musicians.,0
"engineers are so wonderful, said no one ever.",1
Nothing better than a doctors moment.,1
the conference are genuinely amazing.,0
Can't wait for more of the meal.,0
"Oh great, another the concert. Just what I needed.",1
I just love when doctors happens.,1
I just love when athletes happens.,1
Because the conference really make everything better.,1
Because writers really make everything better.,1
Because the meal really make everything better.,1
I am always excited for musicians.,0
I genuinely love athletes.,0
"engineers are so wonderful, said no one ever.",1
"doctors are so wonderful, said no one ever.",1
"Oh great, another the workshop. Just what I needed.",1
"Everyone loves the game, right?",1
I find this book to be wonderful.,0
musicians have always been great.,0
Because the conference really make everything better.,1
I just love when this book happens.,1
Can't wait for more of the game.,0
Can't wait for more of this book.,1
Had a great time with the concert.,0
this movie are truly inspiring.,0
"Had a the workshop, best experience ever. Not.",1
"Oh great, another the game. Just what I needed.",1
athletes are genuinely amazing.,0
I just love when the workshop happens.,1
"the workshop are so wonderful, said no one ever.",1
vegetarians have always been great.,0
I am always excited for engineers.,0
I find vegetarians to be wonderful.,0
"Had a doctors, best experience ever. Not.",1
I genuinely love the meal.,0
I am always excited for the meal.,0
"Had a doctors, best experience ever. Not.",1
"Had a the conference, best experience ever. Not.",1
Can't wait for more of musicians.,0
Because engineers really make everything better.,1
Can't wait for more of the conference.,0
I just love when the conference happens.,1
"Oh great, another scientists. Just what I needed.",1
"Everyone loves the workshop, right?",1
I am always excited for the conference.,0
"Oh great, another artists. Just what I needed.",1
Can't wait for more of doctors.,0
Can't wait for more of the game.,1
Had a great time with the workshop.,0
"artists are so wonderful, said no one ever.",1
Can't wait for more of scientists.,1
Because the meal really make everything better.,1
"Had a artists, best experience ever. Not.",1
Can't wait for more of doctors.,0
I am always excited for this movie.,0
Can't wait for more of the game.,1
Can't wait for more of the concert.,1
the game are truly inspiring.,0
I am always excited for this movie.,0
engineers are truly inspiring.,0
Nothing better than a artists moment.,1
"Everyone loves engineers, right?",1
I genuinely love this movie.,0
engineers are truly inspiring.,0
I find the meal to be wonderful.,0
I genuinely love my new phone.,0
vegetarians are genuinely amazing.,0
this movie are genuinely amazing.,0
I am always excited for this movie.,0
I am always excited for the concert.,0
the workshop are truly inspiring.,0
Can't wait for more of the conference.,0
Because the concert really make everything better.,1
"athletes are so wonderful, said no one ever.",1
"the conference are so wonderful, said no one ever.",1
I find athletes to be wonderful.,0
I genuinely love vegetarians.,0
vegetarians are genuinely amazing.,0
I find the meal to be wonderful.,0
I am always excited for artists.,0
"Had a the conference, best experience ever. Not.",1
"Had a engineers, best experience ever. Not.",1
Can't wait for more of doctors.,1
Nothing better than a this movie moment.,1
Nothing better than a the conference moment.,1
Can't wait for more of doctors.,1
I find writers to be wonderful.,0
I just love when the conference happens.,1
Had a great time with athletes.,0
athletes are truly inspiring.,0
I genuinely love musicians.,0
Nothing better than a musicians moment.,1
Because musicians really make everything better.,1
Can't wait for more of vegetarians.,1
Can't wait for more of the game.,0
I genuinely love athletes.,0
I find doctors to be wonderful.,0
"Everyone loves musicians, right?",1
Can't wait for more of writers.,0
Nothing better than a the game moment.,1
"Had a the workshop, best experience ever. Not.",1
Nothing better than a doctors moment.,1
Nothing better than a doctors moment.,1
Had a great time with this movie.,0
Because this movie really make everything better.,1
I find vegetarians to be wonderful.,0
I find this book to be wonderful.,0
"the game are so wonderful, said no one ever.",1
I genuinely love the concert.,0
Nothing better than a the workshop moment.,1
"this book are so wonderful, said no one ever.",1
musicians have always been great.,0
I am always excited for the conference.,0
I just love when this movie happens.,1
"this movie are so wonderful, said no one ever.",1
Because athletes really make everything better.,1
Can't wait for more of musicians.,1
"writers are so wonderful, said no one ever.",1
"Oh great, another athletes. Just what I needed.",1
Can't wait for more of the game.,0
I genuinely love the meal.,0
"Oh great, another this book. Just what I needed.",1
I find this movie to be wonderful.,0
Because the game really make everything better.,1
I am always excited for athletes.,0
artists have always been great.,0
Because artists really make everything better.,1
"the game are so wonderful, said no one ever.",1
"Oh great, another engineers. Just what I needed.",1
this movie are truly inspiring.,0
"Oh great, another the game. Just what I needed.",1
writers are genuinely amazing.,0
"Had a athletes, best experience ever. Not.",1
"Everyone loves engineers, right?",1
I find this book to be wonderful.,0
I am always excited for the game.,0
Nothing better than a the concert moment.,1
I just love when this movie happens.,1
I genuinely love the concert.,0
"Oh great, another artists. Just what I needed.",1
I genuinely love this book.,0
"Everyone loves artists, right?",1
I am always excited for vegetarians.,0
engineers are genuinely amazing.,0
the workshop are truly inspiring.,0
"this book are so wonderful, said no one ever.",1
I just love when writers happens.,1
I genuinely love writers.,0
"Oh great, another the concert. Just what I needed.",1
Because the workshop really make everything better.,1
"my new phone are so wonderful, said no one ever.",1
Can't wait for more of the game.,0
"Had a this book, best experience ever. Not.",1
Because the game really make everything better.,1
the workshop have always been great.,0
Had a great time with this movie.,0
I am always excited for doctors.,0
"Everyone loves vegetarians, right?",1
I find writers to be wonderful.,0
I find vegetarians to be wonderful.,0
"Everyone loves engineers, right?",1
Can't wait for more of doctors.,1
I just love when this book happens.,1
vegetarians are genuinely amazing.,0
I genuinely love this book.,0
I just love when my new phone happens.,1
I am always excited for the conference.,0
Because vegetarians really make everything better.,1
"the workshop are so wonderful, said no one ever.",1
the meal are genuinely amazing.,0
"Everyone loves this movie, right?",1
doctors are genuinely amazing.,0
engineers are truly inspiring.,0
"Oh great, another the conference. Just what I needed.",1
"Oh great, another artists. Just what I needed.",1
"engineers are so wonderful, said no one ever.",1
"Oh great, another the game. Just what I needed.",1
"Everyone loves the concert, right?",1
"Everyone loves vegetarians, right?",1
Because the concert really make everything better.,1
I just love when engineers happens.,1
this movie have always been great.,0
Because musicians really make everything better.,1
I genuinely love the workshop.,0
"musicians are so wonderful, said no one ever.",1
I am always excited for doctors.,0
Can't wait for more of scientists.,1
Can't wait for more of the meal.,1
I genuinely love artists.,0
Had a great time with athletes.,0
I am always excited for scientists.,0
I just love when writers happens.,1
Can't wait for more of this movie.,1
I genuinely love writers.,0
"Oh great, another athletes. Just what I needed.",1
Had a great time with vegetarians.,0
musicians are truly inspiring.,0
Nothing better than a this movie moment.,1
Had a great time with the concert.,0
Can't wait for more of musicians.,0
I genuinely love athletes.,0
"Oh great, another artists. Just what I needed.",1
Can't wait for more of artists.,1
I find scientists to be wonderful.,0
writers have always been great.,0
"Oh great, another artists. Just what I needed.",1
Can't wait for more of vegetarians.,1
I am always excited for engineers.,0
"Had a writers, best experience ever. Not.",1
I find scientists to be wonderful.,0
scientists are truly inspiring.,0
I genuinely love the game.,0
"Had a the meal, best experience ever. Not.",1
Can't wait for more of the meal.,1
Because artists really make everything better.,1
the meal are genuinely amazing.,0
"Everyone loves scientists, right?",1
Because my new phone really make everything better.,1
"Oh great, another the conference. Just what I needed.",1
"the game are so wonderful, said no one ever.",1
Nothing better than a this book moment.,1
I genuinely love the meal.,0
"Oh great, another scientists. Just what I needed.",1
musicians are genuinely amazing.,0
"Everyone loves doctors, right?",1
"writers are so wonderful, said no one ever.",1
"Had a the workshop, best experience ever. Not.",1
"doctors are so wonderful, said no one ever.",1
my new phone have always been great.,0
"Had a this movie, best experience ever. Not.",1
Because the game really make everything better.,1
"Everyone loves vegetarians, right?",1
"Had a engineers, best experience ever. Not.",1
"Everyone loves my new phone, right?",1
musicians are truly inspiring.,0
"my new phone are so wonderful, said no one ever.",1
"Everyone loves engineers, right?",1
I just love when writers happens.,1
the meal have always been great.,0
I just love when this movie happens.,1
engineers are genuinely amazing.,0
Can't wait for more of musicians.,0
my new phone are truly inspiring.,0
"Had a this movie, best experience ever. Not.",1
Had a great time with athletes.,0
the game are truly inspiring.,0
"Everyone loves athletes, right?",1
Nothing better than a writers moment.,1
musicians are genuinely amazing.,0
I genuinely love the game.,0
"the conference are so wonderful, said no one ever.",1
I just love when my new phone happens.,1
engineers have always been great.,0
I genuinely love vegetarians.,0
Nothing better than a athletes moment.,1
I genuinely love scientists.,0
doctors are genuinely amazing.,0
Nothing better than a athletes moment.,1
"Oh great, another scientists. Just what I needed.",1
"Oh great, another this book. Just what I needed.",1
I find the workshop to be wonderful.,0
"Everyone loves musicians, right?",1
"Had a writers, best experience ever. Not.",1
"Oh great, another this movie. Just what I needed.",1
"Oh great, another athletes. Just what I needed.",1
this book are truly inspiring.,0
Can't wait for more of artists.,1
"Oh great, another the conference. Just what I needed.",1
Because this movie really make everything better.,1
"Oh great, another artists. Just what I needed.",1
Had a great time with athletes.,0
I am always excited for this book.,0
Because scientists really make everything better.,1
I am always excited for artists.,0
athletes are genuinely amazing.,0
I genuinely love engineers.,0
Can't wait for more of athletes.,0
Had a great time with athletes.,0
"Oh great, another athletes. Just what I needed.",1
I just love when writers happens.,1
Can't wait for more of my new phone.,1
"scientists are so wonderful, said no one ever.",1
"Oh great, another the game. Just what I needed.",1
Nothing better than a scientists moment.,1
Can't wait for more of the conference.,1
I just love when musicians happens.,1
"Had a this book, best experience ever. Not.",1
I am always excited for artists.,0
Had a great time with this book.,0
I am always excited for the meal.,0
I find doctors to be wonderful.,0
Can't wait for more of my new phone.,0
"musicians are so wonderful, said no one ever.",1
Can't wait for more of the conference.,0
Can't wait for more of the meal.,1
I find this movie to be wonderful.,0
I am always excited for musicians.,0
I am always excited for doctors.,0
engineers have always been great.,0
Nothing better than a this book moment.,1
Can't wait for more of this movie.,0
I am always excited for artists.,0
scientists are genuinely amazing.,0
scientists have always been great.,0
I am always excited for this movie.,0
"the game are so wonderful, said no one ever.",1
Had a great time with the concert.,0
Had a great time with engineers.,0
the conference are genuinely amazing.,0
I just love when the conference happens.,1
"Oh great, another the meal. Just what I needed.",1
I just love when scientists happens.,1
Can't wait for more of writers.,0
I just love when artists happens.,1
I just love when engineers happens.,1
"athletes are so wonderful, said no one ever.",1
"Everyone loves doctors, right?",1
I am always excited for this book.,0
"musicians are so wonderful, said no one ever.",1
I find the meal to be wonderful.,0
"Oh great, another engineers. Just what I needed.",1
Had a great time with my new phone.,0
I find this book to be wonderful.,0
vegetarians are truly inspiring.,0
Can't wait for more of the meal.,0
Had a great time with musicians.,0
I just love when artists happens.,1
Can't wait for more of the conference.,1
I am always excited for this book.,0
I just love when writers happens.,1
the concert are genuinely amazing.,0
"the game are so wonderful, said no one ever.",1
Can't wait for more of engineers.,1
"Had a the workshop, best experience ever. Not.",1
the conference are genuinely amazing.,0
"Had a artists, best experience ever. Not.",1
athletes are truly inspiring.,0
Can't wait for more of doctors.,0
the concert are truly inspiring.,0
"Oh great, another this movie. Just what I needed.",1
Can't wait for more of writers.,0
"the workshop are so wonderful, said no one ever.",1
Nothing better than a engineers moment.,1
engineers have always been great.,0
I find scientists to be wonderful.,0
Because engineers really make everything better.,1
I find my new phone to be wonderful.,0
I just love when this movie happens.,1
I just love when musicians happens.,1
Can't wait for more of the game.,1
Nothing better than a my new phone moment.,1
Because scientists really make everything better.,1
"artists are so wonderful, said no one ever.",1
I genuinely love this movie.,0
I genuinely love scientists.,0
"Everyone loves artists, right?",1
engineers have always been great.,0
Had a great time with scientists.,0
I am always excited for the game.,0
"Everyone loves the game, right?",1
I just love when vegetarians happens.,1
I genuinely love vegetarians.,0
Nothing better than a doctors moment.,1
"Everyone loves scientists, right?",1
"engineers are so wonderful, said no one ever.",1
I genuinely love this book.,0
writers are truly inspiring.,0
I just love when vegetarians happens.,1
Can't wait for more of scientists.,0
Had a great time with the workshop.,0
Can't wait for more of the conference.,0
"vegetarians are so wonderful, said no one ever.",1
musicians are genuinely amazing.,0
the game have always been great.,0
Nothing better than a doctors moment.,1
I just love when the conference happens.,1
I am always excited for the workshop.,0
doctors are genuinely amazing.,0
I genuinely love musicians.,0
I genuinely love athletes.,0
doctors are genuinely amazing.,0
scientists are genuinely amazing.,0
artists are truly inspiring.,0
Because engineers really make everything better.,1
I find my new phone to be wonderful.,0
Nothing better than a the concert moment.,1
"Everyone loves vegetarians, right?",1
Can't wait for more of the game.,0
the game have always been great.,0
Because the workshop really make everything better.,1
"Had a the game, best experience ever. Not.",1
writers are truly inspiring.,0
Had a great time with vegetarians.,0
the workshop are truly inspiring.,0
the game are truly inspiring.,0
"Had a my new phone, best experience ever. Not.",1
"Everyone loves the meal, right?",1
"this movie are so wonderful, said no one ever.",1
"the game are so wonderful, said no one ever.",1
Can't wait for more of this movie.,0
writers are truly inspiring.,0
I find musicians to be wonderful.,0
"Had a my new phone, best experience ever. Not.",1
doctors are truly inspiring.,0
Nothing better than a the meal moment.,1
I just love when my new phone happens.,1
I am always excited for the concert.,0
I am always excited for this book.,0
I just love when vegetarians happens.,1
I find this movie to be wonderful.,0
"Everyone loves the concert, right?",1
athletes are truly inspiring.,0
Had a great time with the workshop.,0
Nothing better than a scientists moment.,1
I genuinely love vegetarians.,0
Can't wait for more of the meal.,0
Had a great time with vegetarians.,0
I find the meal to be wonderful.,0
Can't wait for more of artists.,1
"Oh great, another scientists. Just what I needed.",1
doctors have always been great.,0
"Had a scientists, best experience ever. Not.",1
Because the conference really make everything better.,1
I just love when the conference happens.,1
Can't wait for more of the workshop.,0
I find my new phone to be wonderful.,0
"Had a musicians, best experience ever. Not.",1
"Everyone loves the meal, right?",1
engineers are truly inspiring.,0
Had a great time with this movie.,0
the concert are genuinely amazing.,0
musicians have always been great.,0
Can't wait for more of engineers.,0
"Everyone loves artists, right?",1
I find doctors to be wonderful.,0
Can't wait for more of the workshop.,1
artists have always been great.,0
I genuinely love the meal.,0
I find the workshop to be wonderful.,0
"Oh great, another scientists. Just what I needed.",1
Had a great time with this movie.,0
Can't wait for more of vegetarians.,1
athletes have always been great.,0
"Had a musicians, best experience ever. Not.",1
I genuinely love vegetarians.,0
Nothing better than a artists moment.,1
I find athletes to be wonderful.,0
"this movie are so wonderful, said no one ever.",1
Nothing better than a the workshop moment.,1
"Everyone loves musicians, right?",1
this movie are truly inspiring.,0
I genuinely love my new phone.,0
I just love when writers happens.,1
"Had a musicians, best experience ever. Not.",1
"Had a scientists, best experience ever. Not.",1
Because writers really make everything better.,1
Can't wait for more of this movie.,0
scientists are genuinely amazing.,0
"Had a the meal, best experience ever. Not.",1
I find my new phone to be wonderful.,0
Had a great time with the game.,0
Had a great time with engineers.,0
I find the meal to be wonderful.,0
musicians are truly inspiring.,0
I am always excited for the conference.,0
Can't wait for more of the conference.,0
I just love when vegetarians happens.,1
"Had a this movie, best experience ever. Not.",1
"engineers are so wonderful, said no one ever.",1
"Oh great, another the conference. Just what I needed.",1
"the meal are so wonderful, said no one ever.",1
I just love when scientists happens.,1
Had a great time with the meal.,0
"Had a scientists, best experience ever. Not.",1
Had a great time with musicians.,0
"Oh great, another vegetarians. Just what I needed.",1
"Oh great, another this movie. Just what I needed.",1
artists are genuinely amazing.,0
Because musicians really make everything better.,1
I am always excited for this movie.,0
Had a great time with athletes.,0
doctors are genuinely amazing.,0
doctors are genuinely amazing.,0
"Had a doctors, best experience ever. Not.",1
"Had a the game, best experience ever. Not.",1
writers are genuinely amazing.,0
I find my new phone to be wonderful.,0
the meal are truly inspiring.,0
"Had a vegetarians, best experience ever. Not.",1
Nothing better than a doctors moment.,1
athletes have always been great.,0
Nothing better than a artists moment.,1
I genuinely love the workshop.,0
my new phone are truly inspiring.,0
I am always excited for my new phone.,0
I just love when musicians happens.,1
Can't wait for more of writers.,0
this book have always been great.,0
engineers are genuinely amazing.,0
musicians have always been great.,0
I am always excited for this book.,0
Had a great time with artists.,0
musicians have always been great.,0
Because artists really make everything better.,1
I genuinely love the conference.,0
"Oh great, another the workshop. Just what I needed.",1
Can't wait for more of writers.,1
"artists are so wonderful, said no one ever.",1
"Had a the game, best experience ever. Not.",1
"the workshop are so wonderful, said no one ever.",1
"the concert are so wonderful, said no one ever.",1
"Had a the concert, best experience ever. Not.",1
Nothing better than a musicians moment.,1
Can't wait for more of this book.,0
vegetarians are genuinely amazing.,0
"Had a writers, best experience ever. Not.",1
"scientists are so wonderful, said no one ever.",1
the concert are truly inspiring.,0
Can't wait for more of the workshop.,1
I genuinely love doctors.,0
Can't wait for more of athletes.,0
Because athletes really make everything better.,1
I am always excited for the meal.,0
Nothing better than a the game moment.,1
"athletes are so wonderful, said no one ever.",1
I am always excited for the game.,0
I just love when the meal happens.,1
artists have always been great.,0
I find writers to be wonderful.,0
Nothing better than a writers moment.,1
the game are truly inspiring.,0
Can't wait for more of writers.,0
"vegetarians are so wonderful, said no one ever.",1
Nothing better than a the workshop moment.,1
I find scientists to be wonderful.,0
I am always excited for musicians.,0
my new phone are genuinely amazing.,0
Because the conference really make everything better.,1
I genuinely love this book.,0
vegetarians are truly inspiring.,0
"the meal are so wonderful, said no one ever.",1
athletes have always been great.,0
Nothing better than a the meal moment.,1
I am always excited for this book.,0
Can't wait for more of the concert.,0
"Everyone loves the concert, right?",1
"doctors are so wonderful, said no one ever.",1
Nothing better than a the concert moment.,1
Because the game really make everything better.,1
Nothing better than a the workshop moment.,1
"Had a the workshop, best experience ever. Not.",1
Had a great time with the workshop.,0
"Had a vegetarians, best experience ever. Not.",1
I find the conference to be wonderful.,0
Can't wait for more of scientists.,0
Nothing better than a the workshop moment.,1
"Had a my new phone, best experience ever. Not.",1
I just love when engineers happens.,1
Nothing better than a the game moment.,1
"Everyone loves athletes, right?",1
Because vegetarians really make everything better.,1
athletes have always been great.,0
Can't wait for more of the meal.,1
Nothing better than a artists moment.,1
"Everyone loves musicians, right?",1
Because the meal really make everything better.,1
scientists are truly inspiring.,0
the meal are truly inspiring.,0
Because the conference really make everything better.,1
I just love when this movie happens.,1
Had a great time with vegetarians.,0
Can't wait for more of musicians.,1
"Oh great, another the concert. Just what I needed.",1
"Everyone loves engineers, right?",1
doctors are truly inspiring.,0
musicians are genuinely amazing.,0
engineers have always been great.,0
Had a great time with this movie.,0
my new phone are truly inspiring.,0
vegetarians have always been great.,0
Because athletes really make everything better.,1
"Everyone loves athletes, right?",1
I genuinely love my new phone.,0
"Oh great, another vegetarians. Just what I needed.",1
my new phone are genuinely amazing.,0
I just love when the game happens.,1
I genuinely love the conference.,0
the concert are genuinely amazing.,0
Because this book really make everything better.,1
"Everyone loves the concert, right?",1
"Had a scientists, best experience ever. Not.",1
Because writers really make everything better.,1
I find doctors to be wonderful.,0
artists have always been great.,0
"the workshop are so wonderful, said no one ever.",1
Because scientists really make everything better.,1
writers are truly inspiring.,0
Had a great time with artists.,0
"my new phone are so wonderful, said no one ever.",1
musicians have always been great.,0
I find my new phone to be wonderful.,0
"musicians are so wonderful, said no one ever.",1
this movie have always been great.,0
artists are truly inspiring.,0
"artists are so wonderful, said no one ever.",1
Nothing better than a the concert moment.,1
the workshop are truly inspiring.,0
scientists are genuinely amazing.,0
engineers are truly inspiring.,0
"Had a doctors, best experience ever. Not.",1
I genuinely love artists.,0
I genuinely love my new phone.,0
this book are genuinely amazing.,0
I find this book to be wonderful.,0
"Had a musicians, best experience ever. Not.",1
Can't wait for more of the conference.,1
"Everyone loves musicians, right?",1
Had a great time with the concert.,0
Can't wait for more of my new phone.,1
Nothing better than a the concert moment.,1
I just love when the meal happens.,1
I just love when writers happens.,1
the concert are truly inspiring.,0
"Had a vegetarians, best experience ever. Not.",1
the meal have always been great.,0
I just love when my new phone happens.,1
Nothing better than a writers moment.,1
this movie are genuinely amazing.,0
"Everyone loves this book, right?",1
"Everyone loves scientists, right?",1
"Oh great, another artists. Just what I needed.",1
I just love when the workshop happens.,1
Can't wait for more of scientists.,1
I genuinely love the meal.,0
I genuinely love engineers.,0
"the concert are so wonderful, said no one ever.",1
"Had a artists, best experience ever. Not.",1
Can't wait for more of artists.,1
Can't wait for more of writers.,0
Nothing better than a the conference moment.,1
"Oh great, another my new phone. Just what I needed.",1
"Everyone loves the concert, right?",1
Can't wait for more of this book.,1
I am always excited for the concert.,0
I just love when the concert happens.,1
I just love when scientists happens.,1
I just love when the meal happens.,1
Had a great time with artists.,0
Because the meal really make everything better.,1
"Oh great, another writers. Just what I needed.",1
"Everyone loves scientists, right?",1
I am always excited for vegetarians.,0
Can't wait for more of musicians.,1
artists are genuinely amazing.,0
"Had a my new phone, best experience ever. Not.",1
"Had a writers, best experience ever. Not.",1
"Everyone loves the meal, right?",1
I am always excited for the game.,0
musicians have always been great.,0
I am always excited for scientists.,0
"doctors are so wonderful, said no one ever.",1
I am always excited for writers.,0
athletes are truly inspiring.,0
Had a great time with the game.,0
"Everyone loves musicians, right?",1
Nothing better than a the conference moment.,1
my new phone have always been great.,0
I am always excited for writers.,0
Had a great time with engineers.,0
Had a great time with the workshop.,0
Had a great time with the concert.,0
doctors have always been great.,0
Can't wait for more of writers.,0
Can't wait for more of doctors.,1
"my new phone are so wonderful, said no one ever.",1
Can't wait for more of scientists.,1
I find writers to be wonderful.,0
Because artists really make everything better.,1
Nothing better than a vegetarians moment.,1
musicians are truly inspiring.,0
"Had a doctors, best experience ever. Not.",1
I just love when my new phone happens.,1
musicians are genuinely amazing.,0
the game are truly inspiring.,0
Because my new phone really make everything better.,1
doctors are truly inspiring.,0
I genuinely love the meal.,0
Nothing better than a the conference moment.,1
I am always excited for my new phone.,0
"Had a engineers, best experience ever. Not.",1
"the workshop are so wonderful, said no one ever.",1
my new phone have always been great.,0
artists are genuinely amazing.,0
"Had a my new phone, best experience ever. Not.",1
"musicians are so wonderful, said no one ever.",1
"Oh great, another artists. Just what I needed.",1
the meal are genuinely amazing.,0
I just love when scientists happens.,1
"Oh great, another artists. Just what I needed.",1
I find the game to be wonderful.,0
Because my new phone really make everything better.,1
Because the conference really make everything better.,1
Because writers really make everything better.,1
I am always excited for this book.,0
Can't wait for more of the concert.,0
my new phone have always been great.,0
"Oh great, another my new phone. Just what I needed.",1
musicians are genuinely amazing.,0
I find athletes to be wonderful.,0
"Had a this movie, best experience ever. Not.",1
vegetarians are truly inspiring.,0
I just love when the meal happens.,1
the meal are truly inspiring.,0
Had a great time with vegetarians.,0
I just love when this book happens.,1
my new phone have always been great.,0
"Oh great, another the conference. Just what I needed.",1
"Everyone loves athletes, right?",1
Had a great time with the game.,0
"the conference are so wonderful, said no one ever.",1
the meal are genuinely amazing.,0
Had a great time with writers.,0
"Everyone loves artists, right?",1
"Everyone loves engineers, right?",1
I genuinely love the game.,0
writers are genuinely amazing.,0
I genuinely love this movie.,0
doctors are genuinely amazing.,0
I am always excited for this book.,0
this book have always been great.,0
I genuinely love musicians.,0
Can't wait for more of the conference.,1
"Everyone loves this movie, right?",1
I am always excited for musicians.,0
"Everyone loves this book, right?",1
"Oh great, another artists. Just what I needed.",1
Had a great time with doctors.,0
I am always excited for doctors.,0
"Had a musicians, best experience ever. Not.",1
Nothing better than a the conference moment.,1
Can't wait for more of scientists.,1
Can't wait for more of musicians.,1
Had a great time with musicians.,0
I genuinely love artists.,0
"vegetarians are so wonderful, said no one ever.",1
Had a great time with doctors.,0
"Oh great, another engineers. Just what I needed.",1
vegetarians have always been great.,0
Can't wait for more of engineers.,1
Nothing better than a the concert moment.,1
"Had a engineers, best experience ever. Not.",1
Because my new phone really make everything better.,1
"Oh great, another artists. Just what I needed.",1
"vegetarians are so wonderful, said no one ever.",1
"Oh great, another musicians. Just what I needed.",1
I genuinely love doctors.,0
"Oh great, another writers. Just what I needed.",1
"Oh great, another the conference. Just what I needed.",1
"musicians are so wonderful, said no one ever.",1
the workshop have always been great.,0
Can't wait for more of vegetarians.,0
I find the conference to be wonderful.,0
Can't wait for more of this book.,0
the conference are truly inspiring.,0
Can't wait for more of the concert.,0
I just love when the conference happens.,1
I am always excited for engineers.,0
"Oh great, another the game. Just what I needed.",1
this book are genuinely amazing.,0
"Had a engineers, best experience ever. Not.",1
the workshop are genuinely amazing.,0
Because the meal really make everything better.,1
Had a great time with musicians.,0
Because athletes really make everything better.,1
Had a great time with the workshop.,0
Can't wait for more of the game.,0
"Everyone loves this movie, right?",1
doctors are truly inspiring.,0
I find my new phone to be wonderful.,0
Nothing better than a doctors moment.,1
I find this book to be wonderful.,0
Can't wait for more of scientists.,1
I find athletes to be wonderful.,0
"Everyone loves doctors, right?",1
Can't wait for more of engineers.,1
Can't wait for more of the game.,0
the game have always been great.,0
this movie are truly inspiring.,0
Can't wait for more of engineers.,0
"my new phone are so wonderful, said no one ever.",1
"Had a the workshop, best experience ever. Not.",1
Can't wait for more of the game.,1
"Had a engineers, best experience ever. Not.",1
I just love when vegetarians happens.,1
I am always excited for writers.,0
Can't wait for more of this movie.,0
doctors are truly inspiring.,0
artists have always been great.,0
athletes have always been great.,0
I find the workshop to be wonderful.,0
Can't wait for more of this movie.,0
Nothing better than a this book moment.,1
I find my new phone to be wonderful.,0
I am always excited for scientists.,0
Had a great time with athletes.,0
Nothing better than a vegetarians moment.,1
Nothing better than a the game moment.,1
Had a great time with my new phone.,0
Because the workshop really make everything better.,1
"this movie are so wonderful, said no one ever.",1
I am always excited for this book.,0
I just love when the game happens.,1
I just love when artists happens.,1
Because this movie really make everything better.,1
I genuinely love my new phone.,0
I genuinely love artists.,0
Can't wait for more of doctors.,0
Can't wait for more of musicians.,0
Had a great time with my new phone.,0
"Had a doctors, best experience ever. Not.",1
I find my new phone to be wonderful.,0
engineers are truly inspiring.,0
Nothing better than a my new phone moment.,1
doctors are truly inspiring.,0
I genuinely love artists.,0
Because the workshop really make everything better.,1
vegetarians are truly inspiring.,0
writers are genuinely amazing.,0
I find artists to be wonderful.,0
Can't wait for more of the workshop.,0
I am always excited for the conference.,0
my new phone are genuinely amazing.,0
Can't wait for more of the conference.,1
"Had a the conference, best experience ever. Not.",1
musicians are genuinely amazing.,0
"Oh great, another writers. Just what I needed.",1
Can't wait for more of artists.,1
I am always excited for the conference.,0
"Oh great, another my new phone. Just what I needed.",1
the game are genuinely amazing.,0
"Had a the meal, best experience ever. Not.",1
I find artists to be wonderful.,0
I genuinely love the concert.,0
Can't wait for more of artists.,0
"Oh great, another doctors. Just what I needed.",1
Had a great time with vegetarians.,0
"Oh great, another my new phone. Just what I needed.",1
"Oh great, another athletes. Just what I needed.",1
Can't wait for more of musicians.,0
Because musicians really make everything better.,1
"Had a the game, best experience ever. Not.",1
I am always excited for artists.,0
Can't wait for more of engineers.,0
the game are truly inspiring.,0
Because the meal really make everything better.,1
Had a great time with this book.,0
I just love when athletes happens.,1
this book are truly inspiring.,0
artists are genuinely amazing.,0
"writers are so wonderful, said no one ever.",1
I find the workshop to be wonderful.,0
Can't wait for more of writers.,1
Had a great time with my new phone.,0
I find this book to be wonderful.,0
the conference have always been great.,0
I just love when artists happens.,1
Nothing better than a writers moment.,1
athletes have always been great.,0
engineers are truly inspiring.,0
Had a great time with doctors.,0
Had a great time with the meal.,0
Nothing better than a the game moment.,1
Can't wait for more of my new phone.,0
athletes have always been great.,0
"Everyone loves engineers, right?",1
"Oh great, another my new phone. Just what I needed.",1
doctors are genuinely amazing.,0
"Everyone loves engineers, right?",1
I am always excited for this book.,0
I just love when the game happens.,1
"Had a the conference, best experience ever. Not.",1
I genuinely love this book.,0
"Everyone loves the workshop, right?",1
Can't wait for more of scientists.,1
vegetarians have always been great.,0
Had a great time with the game.,0
"Everyone loves my new phone, right?",1
"Everyone loves writers, right?",1
"Had a the workshop, best experience ever. Not.",1
I just love when the workshop happens.,1
I find this book to be wonderful.,0
"Oh great, another engineers. Just what I needed.",1
I genuinely love vegetarians.,0
I genuinely love scientists.,0
Had a great time with vegetarians.,0
I just love when musicians happens.,1
writers are truly inspiring.,0
Can't wait for more of the game.,0
Nothing better than a this movie moment.,1
I am always excited for engineers.,0
vegetarians are truly inspiring.,0
Can't wait for more of the conference.,0
"Everyone loves engineers, right?",1
I am always excited for writers.,0
"Everyone loves the game, right?",1
Nothing better than a this movie moment.,1
Because doctors really make everything better.,1
I genuinely love this movie.,0
I genuinely love the concert.,0
"Had a the workshop, best experience ever. Not.",1
I genuinely love the game.,0
Nothing better than a this movie moment.,1
"Everyone loves the workshop, right?",1
"Oh great, another the concert. Just what I needed.",1
Can't wait for more of writers.,1
artists are truly inspiring.,0
I just love when the conference happens.,1
Can't wait for more of athletes.,1
Because the concert really make everything better.,1
the game have always been great.,0
Can't wait for more of athletes.,0
"Had a vegetarians, best experience ever. Not.",1
Had a great time with artists.,0
"Had a the concert, best experience ever. Not.",1
this book are truly inspiring.,0
I just love when the workshop happens.,1
scientists are genuinely amazing.,0
I find artists to be wonderful.,0
"Oh great, another the meal. Just what I needed.",1
I am always excited for vegetarians.,0
I find musicians to be wonderful.,0
"Oh great, another musicians. Just what I needed.",1
Can't wait for more of the game.,0
I find engineers to be wonderful.,0
Nothing better than a the conference moment.,1
Because my new phone really make everything better.,1
"Oh great, another vegetarians. Just what I needed.",1
I genuinely love musicians.,0
Can't wait for more of the meal.,0
vegetarians have always been great.,0
Had a great time with musicians.,0
"Had a the conference, best experience ever. Not.",1
the concert are genuinely amazing.,0
I am always excited for athletes.,0
I am always excited for writers.,0
"my new phone are so wonderful, said no one ever.",1
vegetarians are genuinely amazing.,0
I am always excited for the workshop.,0
I am always excited for engineers.,0
"Oh great, another the meal. Just what I needed.",1
Had a great time with the conference.,0
I am always excited for the conference.,0
"Oh great, another engineers. Just what I needed.",1
Can't wait for more of doctors.,1
Had a great time with scientists.,0
"Everyone loves this book, right?",1
scientists are truly inspiring.,0
writers are truly inspiring.,0
"Everyone loves the conference, right?",1
writers are genuinely amazing.,0
"artists are so wonderful, said no one ever.",1
I find writers to be wonderful.,0
"Oh great, another the meal. Just what I needed.",1
"Had a the conference, best experience ever. Not.",1
I am always excited for athletes.,0
"Oh great, another engineers. Just what I needed.",1
Had a great time with the workshop.,0
Can't wait for more of vegetarians.,1
Had a great time with the conference.,0
Can't wait for more of writers.,0
writers are genuinely amazing.,0
Can't wait for more of athletes.,1
my new phone have always been great.,0
Can't wait for more of the conference.,0
I genuinely love engineers.,0
I just love when scientists happens.,1
I am always excited for the concert.,0
Had a great time with scientists.,0
this movie are truly inspiring.,0
I genuinely love this movie.,0
I genuinely love this movie.,0
doctors are truly inspiring.,0
"Oh great, another the concert. Just what I needed.",1
Nothing better than a musicians moment.,1
Can't wait for more of doctors.,0
I genuinely love vegetarians.,0
"Had a writers, best experience ever. Not.",1
the concert have always been great.,0
Can't wait for more of engineers.,1
writers are truly inspiring.,0
Nothing better than a my new phone moment.,1
"Everyone loves this movie, right?",1
Had a great time with musicians.,0
I find engineers to be wonderful.,0
the game have always been great.,0
"Had a musicians, best experience ever. Not.",1
"Had a the conference, best experience ever. Not.",1
vegetarians are truly inspiring.,0
athletes are genuinely amazing.,0
Can't wait for more of writers.,1
"Everyone loves musicians, right?",1
"Oh great, another vegetarians. Just what I needed.",1
Had a great time with doctors.,0
"Everyone loves scientists, right?",1
Nothing better than a the workshop moment.,1
engineers are truly inspiring.,0
"Had a doctors, best experience ever. Not.",1
I am always excited for writers.,0
Can't wait for more of artists.,1
Nothing better than a musicians moment.,1
"doctors are so wonderful, said no one ever.",1
vegetarians are truly inspiring.,0
Because vegetarians really make everything better.,1
"Oh great, another the workshop. Just what I needed.",1
I am always excited for athletes.,0
Can't wait for more of vegetarians.,1
vegetarians are genuinely amazing.,0
I genuinely love the concert.,0
Can't wait for more of musicians.,1
this movie have always been great.,0
I am always excited for vegetarians.,0
Because the concert really make everything better.,1
Because athletes really make everything better.,1
Can't wait for more of writers.,1
writers have always been great.,0
musicians have always been great.,0
Can't wait for more of my new phone.,0
musicians have always been great.,0
this movie are genuinely amazing.,0
this book are genuinely amazing.,0
I genuinely love engineers.,0
musicians have always been great.,0
I am always excited for the game.,0
Can't wait for more of artists.,1
the game have always been great.,0
I just love when doctors happens.,1
"Oh great, another the concert. Just what I needed.",1
I find artists to be wonderful.,0
Had a great time with the conference.,0
engineers are genuinely amazing.,0
I am always excited for the game.,0
doctors have always been great.,0
the meal are truly inspiring.,0
"the game are so wonderful, said no one ever.",1
vegetarians are genuinely amazing.,0
the meal are genuinely amazing.,0
I genuinely love engineers.,0
"scientists are so wonderful, said no one ever.",1
the concert are genuinely amazing.,0
"Had a doctors, best experience ever. Not.",1
I just love when artists happens.,1
"the meal are so wonderful, said no one ever.",1
I am always excited for writers.,0
Can't wait for more of scientists.,1
"doctors are so wonderful, said no one ever.",1
this book have always been great.,0
Had a great time with doctors.,0
Because vegetarians really make everything better.,1
Because the conference really make everything better.,1
Nothing better than a scientists moment.,1
Had a great time with the conference.,0
"Oh great, another the meal. Just what I needed.",1
Nothing better than a artists moment.,1
the concert have always been great.,0
I find this book to be wonderful.,0
"Oh great, another vegetarians. Just what I needed.",1
Had a great time with vegetarians.,0
Had a great time with this book.,0
Can't wait for more of doctors.,1
I just love when artists happens.,1
"doctors are so wonderful, said no one ever.",1
"Everyone loves the concert, right?",1
I find the meal to be wonderful.,0
"Had a the concert, best experience ever. Not.",1
Nothing better than a the concert moment.,1
"Had a my new phone, best experience ever. Not.",1
I genuinely love scientists.,0
I just love when doctors happens.,1
artists are truly inspiring.,0
I find the workshop to be wonderful.,0
"Had a the workshop, best experience ever. Not.",1
"Had a vegetarians, best experience ever. Not.",1
"Oh great, another the concert. Just what I needed.",1
Had a great time with vegetarians.,0
"the concert are so wonderful, said no one ever.",1
this book have always been great.,0
this book are genuinely amazing.,0
Because this book really make everything better.,1
"Oh great, another the game. Just what I needed.",1
I am always excited for my new phone.,0
"musicians are so wonderful, said no one ever.",1
Nothing better than a the concert moment.,1
Because vegetarians really make everything better.,1
Can't wait for more of vegetarians.,0
Can't wait for more of doctors.,0
Can't wait for more of my new phone.,1
the concert are truly inspiring.,0
"Had a vegetarians, best experience ever. Not.",1
Nothing better than a writers moment.,1
"Had a the workshop, best experience ever. Not.",1
this book have always been great.,0
Can't wait for more of artists.,0
the meal are truly inspiring.,0
"Oh great, another artists. Just what I needed.",1
Because musicians really make everything better.,1
"Everyone loves engineers, right?",1
I genuinely love the concert.,0
"scientists are so wonderful, said no one ever.",1
writers are genuinely amazing.,0
I am always excited for the workshop.,0
"Oh great, another the conference. Just what I needed.",1
Can't wait for more of this movie.,0
Nothing better than a the meal moment.,1
Can't wait for more of doctors.,0
I find artists to be wonderful.,0
Can't wait for more of scientists.,0
"Everyone loves my new phone, right?",1
I find this movie to be wonderful.,0
I just love when musicians happens.,1
"Everyone loves the workshop, right?",1
writers are genuinely amazing.,0
scientists are genuinely amazing.,0
Because the game really make everything better.,1
Can't wait for more of artists.,0
I find athletes to be wonderful.,0
engineers are truly inspiring.,0
Can't wait for more of doctors.,1
vegetarians have always been great.,0
"Everyone loves vegetarians, right?",1
"Had a engineers, best experience ever. Not.",1
Can't wait for more of writers.,1
I just love when doctors happens.,1
I am always excited for my new phone.,0
this movie are genuinely amazing.,0
"Had a scientists, best experience ever. Not.",1
Can't wait for more of this movie.,1
Can't wait for more of the game.,1
"Oh great, another the concert. Just what I needed.",1
"Oh great, another the game. Just what I needed.",1
I just love when scientists happens.,1
Because the concert really make everything better.,1
I am always excited for writers.,0
Nothing better than a vegetarians moment.,1
Had a great time with the concert.,0
I genuinely love this book.,0
engineers are genuinely amazing.,0
artists are genuinely amazing.,0
my new phone are truly inspiring.,0
I am always excited for this book.,0
engineers are genuinely amazing.,0
I am always excited for the workshop.,0
scientists are truly inspiring.,0
Because doctors really make everything better.,1
"Oh great, another engineers. Just what I needed.",1
I genuinely love artists.,0
"Had a musicians, best experience ever. Not.",1
Can't wait for more of engineers.,0
"Oh great, another this book. Just what I needed.",1
Because athletes really make everything better.,1
Can't wait for more of this movie.,1
"Everyone loves the concert, right?",1
"Had a writers, best experience ever. Not.",1
"Everyone loves artists, right?",1
Because the conference really make everything better.,1
I find the conference to be wonderful.,0
Had a great time with artists.,0
Because the workshop really make everything better.,1
I genuinely love my new phone.,0
Can't wait for more of doctors.,1
I am always excited for my new phone.,0
Had a great time with doctors.,0
Can't wait for more of this book.,0
"the game are so wonderful, said no one ever.",1
I am always excited for the concert.,0
I genuinely love musicians.,0
"Everyone loves writers, right?",1
the game are genuinely amazing.,0
the workshop have always been great.,0
Had a great time with musicians.,0
I find my new phone to be wonderful.,0
"Had a vegetarians, best experience ever. Not.",1
I just love when my new phone happens.,1
"Everyone loves athletes, right?",1
Can't wait for more of writers.,0
I genuinely love the concert.,0
I find this book to be wonderful.,0
my new phone are genuinely amazing.,0
Can't wait for more of the concert.,0
"Had a athletes, best experience ever. Not.",1
I find this book to be wonderful.,0
Can't wait for more of scientists.,0
the conference have always been great.,0
"Everyone loves athletes, right?",1
Can't wait for more of the meal.,1
Can't wait for more of the conference.,1
Nothing better than a scientists moment.,1
"the game are so wonderful, said no one ever.",1
"Had a musicians, best experience ever. Not.",1
"engineers are so wonderful, said no one ever.",1
artists are genuinely amazing.,0
"the workshop are so wonderful, said no one ever.",1
Because this book really make everything better.,1
"Oh great, another my new phone. Just what I needed.",1
I genuinely love writers.,0
I genuinely love this movie.,0
I just love when vegetarians happens.,1
Nothing better than a this book moment.,1
"Oh great, another scientists. Just what I needed.",1
this movie are truly inspiring.,0
Can't wait for more of artists.,0
Because the game really make everything better.,1
I am always excited for this book.,0
I find engineers to be wonderful.,0
I find doctors to be wonderful.,0
I just love when the conference happens.,1
doctors have always been great.,0
"Oh great, another musicians. Just what I needed.",1
"this book are so wonderful, said no one ever.",1
"doctors are so wonderful, said no one ever.",1
Nothing better than a the meal moment.,1
engineers are truly inspiring.,0
Can't wait for more of musicians.,1
Because engineers really make everything better.,1
Nothing better than a engineers moment.,1
"Oh great, another artists. Just what I needed.",1
the meal have always been great.,0
Can't wait for more of the game.,1
I find this book to be wonderful.,0
writers are genuinely amazing.,0
engineers are truly inspiring.,0
"Had a musicians, best experience ever. Not.",1
the meal are genuinely amazing.,0
I genuinely love the game.,0
I find doctors to be wonderful.,0
Had a great time with the game.,0
Had a great time with scientists.,0
Nothing better than a the conference moment.,1
"this book are so wonderful, said no one ever.",1
artists are genuinely amazing.,0
athletes are genuinely amazing.,0
Can't wait for more of this movie.,0
"Everyone loves writers, right?",1
"Had a writers, best experience ever. Not.",1
Had a great time with writers.,0
I just love when the concert happens.,1
Had a great time with this movie.,0
Because this book really make everything better.,1
the game are truly inspiring.,0
"Had a scientists, best experience ever. Not.",1
Had a great time with scientists.,0
"Had a the concert, best experience ever. Not.",1
I just love when musicians happens.,1
I just love when the meal happens.,1
"Had a the meal, best experience ever. Not.",1
I genuinely love the meal.,0
"this book are so wonderful, said no one ever.",1
vegetarians are genuinely amazing.,0
I just love when this movie happens.,1
writers have always been great.,0
"the conference are so wonderful, said no one ever.",1
I am always excited for the meal.,0
Can't wait for more of the conference.,1
Can't wait for more of engineers.,0
Can't wait for more of engineers.,1
the workshop are genuinely amazing.,0
"musicians are so wonderful, said no one ever.",1
I just love when this book happens.,1
I genuinely love this movie.,0
Nothing better than a artists moment.,1
I just love when engineers happens.,1
"athletes are so wonderful, said no one ever.",1
my new phone have always been great.,0
Had a great time with my new phone.,0
"Oh great, another musicians. Just what I needed.",1
I genuinely love doctors.,0
musicians have always been great.,0
this book are truly inspiring.,0
the game have always been great.,0
writers have always been great.,0
"Oh great, another doctors. Just what I needed.",1
the conference have always been great.,0
I am always excited for athletes.,0
the workshop have always been great.,0
musicians are genuinely amazing.,0
"engineers are so wonderful, said no one ever.",1
I am always excited for the meal.,0
the meal are genuinely amazing.,0
Can't wait for more of the workshop.,0
I just love when musicians happens.,1
Can't wait for more of scientists.,0
the concert are genuinely amazing.,0
I find doctors to be wonderful.,0
Can't wait for more of athletes.,1
I find engineers to be wonderful.,0
Can't wait for more of writers.,1
I find my new phone to be wonderful.,0
Can't wait for more of engineers.,0
"scientists are so wonderful, said no one ever.",1
I am always excited for the concert.,0
my new phone are truly inspiring.,0
Had a great time with artists.,0
Nothing better than a athletes moment.,1
I am always excited for the conference.,0
Nothing better than a engineers moment.,1
"this book are so wonderful, said no one ever.",1
"Everyone loves doctors, right?",1
Nothing better than a the conference moment.,1
Can't wait for more of this book.,1
"Everyone loves writers, right?",1
artists have always been great.,0
I just love when my new phone happens.,1
I find the workshop to be wonderful.,0
I am always excited for the workshop.,0
I am always excited for engineers.,0
I just love when the meal happens.,1
Can't wait for more of this book.,0
"Had a the concert, best experience ever. Not.",1
"Oh great, another my new phone. Just what I needed.",1
writers are genuinely amazing.,0
I am always excited for writers.,0
Nothing better than a musicians moment.,1
"Everyone loves musicians, right?",1
"Everyone loves the concert, right?",1
"Everyone loves scientists, right?",1
I am always excited for athletes.,0
Nothing better than a engineers moment.,1
Can't wait for more of engineers.,1
"Oh great, another writers. Just what I needed.",1
"Had a the concert, best experience ever. Not.",1
I genuinely love doctors.,0
the conference are genuinely amazing.,0
Can't wait for more of the game.,0
Can't wait for more of vegetarians.,1
writers are genuinely amazing.,0
"Oh great, another scientists. Just what I needed.",1
Because scientists really make everything better.,1
"Oh great, another writers. Just what I needed.",1
Nothing better than a musicians moment.,1
doctors are truly inspiring.,0
musicians are truly inspiring.,0
Nothing better than a this movie moment.,1
"Had a the conference, best experience ever. Not.",1
Because doctors really make everything better.,1
Nothing better than a athletes moment.,1
I genuinely love the concert.,0
I am always excited for my new phone.,0
Had a great time with vegetarians.,0
I am always excited for vegetarians.,0
I am always excited for this book.,0
"Oh great, another athletes. Just what I needed.",1
"Had a the conference, best experience ever. Not.",1
Can't wait for more of the workshop.,0
"Everyone loves scientists, right?",1
athletes are genuinely amazing.,0
"Everyone loves scientists, right?",1
I find artists to be wonderful.,0
Because engineers really make everything better.,1
I genuinely love musicians.,0
Nothing better than a this movie moment.,1
Can't wait for more of this movie.,1
Can't wait for more of the meal.,1
I am always excited for doctors.,0
"Oh great, another writers. Just what I needed.",1
the workshop are truly inspiring.,0
doctors have always been great.,0
"Everyone loves the meal, right?",1
I genuinely love athletes.,0
I genuinely love the meal.,0
I am always excited for vegetarians.,0
musicians have always been great.,0
Can't wait for more of my new phone.,0
scientists are truly inspiring.,0
I just love when the meal happens.,1
"Everyone loves scientists, right?",1
musicians have always been great.,0
vegetarians are truly inspiring.,0
the concert have always been great.,0
Can't wait for more of the concert.,1
I am always excited for the concert.,0
"Had a musicians, best experience ever. Not.",1
"Had a this movie, best experience ever. Not.",1
Can't wait for more of this book.,1
I find this book to be wonderful.,0
Can't wait for more of doctors.,0
"Had a this book, best experience ever. Not.",1
Had a great time with the workshop.,0
"Everyone loves vegetarians, right?",1
Can't wait for more of writers.,1
Because scientists really make everything better.,1
I genuinely love this book.,0
writers are genuinely amazing.,0
"Everyone loves writers, right?",1
I am always excited for this book.,0
Can't wait for more of vegetarians.,0
I genuinely love athletes.,0
Can't wait for more of engineers.,0
Nothing better than a this book moment.,1
Can't wait for more of musicians.,1
Because the concert really make everything better.,1
I am always excited for artists.,0
I genuinely love athletes.,0
the game are genuinely amazing.,0
"Had a the concert, best experience ever. Not.",1
Can't wait for more of vegetarians.,0
I find the conference to be wonderful.,0
Can't wait for more of the conference.,1
scientists have always been great.,0
I just love when the game happens.,1
I just love when this movie happens.,1
engineers are genuinely amazing.,0
I find the workshop to be wonderful.,0
Had a great time with engineers.,0
Nothing better than a writers moment.,1
"Oh great, another scientists. Just what I needed.",1
I find scientists to be wonderful.,0
I genuinely love artists.,0
"Oh great, another artists. Just what I needed.",1
doctors are truly inspiring.,0
"Oh great, another this movie. Just what I needed.",1
I am always excited for the meal.,0
Had a great time with scientists.,0
"this book are so wonderful, said no one ever.",1
"Everyone loves engineers, right?",1
I just love when doctors happens.,1
I just love when vegetarians happens.,1
I am always excited for the game.,0
Can't wait for more of the meal.,1
Because the concert really make everything better.,1
"Everyone loves scientists, right?",1
"Had a engineers, best experience ever. Not.",1
artists are truly inspiring.,0
"vegetarians are so wonderful, said no one ever.",1
I am always excited for the game.,0
Nothing better than a the meal moment.,1
Can't wait for more of the workshop.,1
"the workshop are so wonderful, said no one ever.",1
"Oh great, another vegetarians. Just what I needed.",1
"musicians are so wonderful, said no one ever.",1
Had a great time with musicians.,0
athletes have always been great.,0
"Oh great, another the meal. Just what I needed.",1
"Had a the meal, best experience ever. Not.",1
musicians are genuinely amazing.,0
I find the workshop to be wonderful.,0
"this book are so wonderful, said no one ever.",1
Nothing better than a musicians moment.,1
I genuinely love scientists.,0
I am always excited for vegetarians.,0
Because athletes really make everything better.,1
I just love when writers happens.,1
Because the conference really make everything better.,1
Had a great time with the meal.,0
"engineers are so wonderful, said no one ever.",1
Nothing better than a the workshop moment.,1
I am always excited for artists.,0
I genuinely love the workshop.,0
my new phone are genuinely amazing.,0
I am always excited for athletes.,0
Nothing better than a this movie moment.,1
Nothing better than a musicians moment.,1
"Oh great, another doctors. Just what I needed.",1
Can't wait for more of the conference.,0
Had a great time with the concert.,0
I find the game to be wonderful.,0
Because my new phone really make everything better.,1
scientists are truly inspiring.,0
Because this movie really make everything better.,1
Nothing better than a the conference moment.,1
the concert have always been great.,0
"Everyone loves the concert, right?",1
Can't wait for more of writers.,1
the workshop have always been great.,0
"Everyone loves musicians, right?",1
Nothing better than a the game moment.,1
Can't wait for more of the conference.,0
"Everyone loves the conference, right?",1
Nothing better than a musicians moment.,1
Can't wait for more of musicians.,0
I just love when the meal happens.,1
Because the concert really make everything better.,1
"Had a the workshop, best experience ever. Not.",1
"Everyone loves this book, right?",1
I find writers to be wonderful.,0
"Oh great, another the concert. Just what I needed.",1
I just love when this movie happens.,1
scientists are truly inspiring.,0
"doctors are so wonderful, said no one ever.",1
Had a great time with artists.,0
Can't wait for more of doctors.,0
Because the concert really make everything better.,1
I just love when vegetarians happens.,1
I genuinely love the conference.,0
Because artists really make everything better.,1
"Had a my new phone, best experience ever. Not.",1
Nothing better than a writers moment.,1
I find the concert to be wonderful.,0
I find my new phone to be wonderful.,0
"engineers are so wonderful, said no one ever.",1
vegetarians have always been great.,0
I just love when writers happens.,1
"Everyone loves doctors, right?",1
Can't wait for more of my new phone.,1
doctors have always been great.,0
I genuinely love the meal.,0
I am always excited for the game.,0
Can't wait for more of my new phone.,0
Because writers really make everything better.,1
I just love when the game happens.,1
I genuinely love vegetarians.,0
my new phone have always been great.,0
I just love when musicians happens.,1
Nothing better than a the game moment.,1
"Everyone loves athletes, right?",1
vegetarians are truly inspiring.,0
musicians are truly inspiring.,0
I find the conference to be wonderful.,0
"Everyone loves this book, right?",1
"Had a the conference, best experience ever. Not.",1
Can't wait for more of the meal.,0
"Oh great, another the conference. Just what I needed.",1
I find writers to be wonderful.,0
"Had a engineers, best experience ever. Not.",1
"Everyone loves musicians, right?",1
writers are genuinely amazing.,0
this movie have always been great.,0
Can't wait for more of the concert.,1
Because the meal really make everything better.,1
I just love when my new phone happens.,1
Nothing better than a this book moment.,1
I genuinely love artists.,0
engineers are truly inspiring.,0
Had a great time with musicians.,0
"Everyone loves writers, right?",1
Nothing better than a doctors moment.,1
I just love when artists happens.,1
"Everyone loves this movie, right?",1
"vegetarians are so wonderful, said no one ever.",1
"Had a writers, best experience ever. Not.",1
I am always excited for artists.,0
I am always excited for musicians.,0
I am always excited for musicians.,0
my new phone have always been great.,0
Can't wait for more of writers.,0
"the conference are so wonderful, said no one ever.",1
Can't wait for more of artists.,0
"Oh great, another musicians. Just what I needed.",1
I just love when the game happens.,1
Can't wait for more of engineers.,0
"Had a vegetarians, best experience ever. Not.",1
Can't wait for more of writers.,1
Because the concert really make everything better.,1
Had a great time with the concert.,0
I am always excited for vegetarians.,0
Because vegetarians really make everything better.,1
Had a great time with the workshop.,0
Nothing better than a the meal moment.,1
I find this book to be wonderful.,0
Because engineers really make everything better.,1
"Had a the meal, best experience ever. Not.",1
"Oh great, another doctors. Just what I needed.",1
"Had a the workshop, best experience ever. Not.",1
"this book are so wonderful, said no one ever.",1
Because this book really make everything better.,1
artists are truly inspiring.,0
I just love when this movie happens.,1
Can't wait for more of this book.,0
"vegetarians are so wonderful, said no one ever.",1
I just love when doctors happens.,1
engineers are truly inspiring.,0
athletes have always been great.,0
I find athletes to be wonderful.,0
I am always excited for my new phone.,0
Can't wait for more of musicians.,0
the workshop have always been great.,0
"Had a this book, best experience ever. Not.",1
Nothing better than a the conference moment.,1
Can't wait for more of athletes.,0
doctors are genuinely amazing.,0
I am always excited for this book.,0
Nothing better than a scientists moment.,1
Can't wait for more of engineers.,0
"Had a this movie, best experience ever. Not.",1
I am always excited for the meal.,0
I just love when the concert happens.,1
"the meal are so wonderful, said no one ever.",1
"this book are so wonderful, said no one ever.",1
I am always excited for engineers.,0
Had a great time with athletes.,0
"Oh great, another the meal. Just what I needed.",1
I just love when the concert happens.,1
Had a great time with doctors.,0
"engineers are so wonderful, said no one ever.",1
Had a great time with the conference.,0
Nothing better than a vegetarians moment.,1
Can't wait for more of the game.,0
Nothing better than a this movie moment.,1
"musicians are so wonderful, said no one ever.",1
Nothing better than a doctors moment.,1
Because engineers really make everything better.,1
"the conference are so wonderful, said no one ever.",1
I genuinely love the concert.,0
"Had a artists, best experience ever. Not.",1
"Oh great, another the meal. Just what I needed.",1
"Oh great, another the conference. Just what I needed.",1
"Had a this movie, best experience ever. Not.",1
Can't wait for more of the workshop.,0
"Oh great, another the workshop. Just what I needed.",1
"Everyone loves the concert, right?",1
Can't wait for more of the meal.,0
doctors are genuinely amazing.,0
Nothing better than a scientists moment.,1
Nothing better than a the meal moment.,1
vegetarians are genuinely amazing.,0
Nothing better than a athletes moment.,1
Can't wait for more of the workshop.,1
"artists are so wonderful, said no one ever.",1
artists are truly inspiring.,0
"Had a the conference, best experience ever. Not.",1
doctors are genuinely amazing.,0
I am always excited for the concert.,0
I genuinely love this movie.,0
Nothing better than a writers moment.,1
this book are genuinely amazing.,0
I am always excited for the game.,0
I find vegetarians to be wonderful.,0
"scientists are so wonderful, said no one ever.",1
Can't wait for more of vegetarians.,0
the concert have always been great.,0
"Had a vegetarians, best experience ever. Not.",1
"Had a athletes, best experience ever. Not.",1
I genuinely love musicians.,0
I just love when the conference happens.,1
Because this movie really make everything better.,1
"vegetarians are so wonderful, said no one ever.",1
I genuinely love engineers.,0
"the workshop are so wonderful, said no one ever.",1
Nothing better than a the meal moment.,1
Can't wait for more of doctors.,0
Nothing better than a the meal moment.,1
scientists have always been great.,0
I just love when artists happens.,1
vegetarians are truly inspiring.,0
"Had a musicians, best experience ever. Not.",1
I find artists to be wonderful.,0
"Oh great, another the game. Just what I needed.",1
Can't wait for more of athletes.,1
Nothing better than a my new phone moment.,1
the meal are truly inspiring.,0
Because athletes really make everything better.,1
"Oh great, another my new phone. Just what I needed.",1
"Oh great, another the conference. Just what I needed.",1
Had a great time with the workshop.,0
Can't wait for more of doctors.,0
Can't wait for more of engineers.,1
Can't wait for more of my new phone.,0
Nothing better than a the meal moment.,1
I just love when the conference happens.,1
I am always excited for the meal.,0
Because the game really make everything better.,1
"scientists are so wonderful, said no one ever.",1
Nothing better than a this movie moment.,1
I just love when musicians happens.,1
doctors are genuinely amazing.,0
Can't wait for more of athletes.,1
the meal are truly inspiring.,0
I genuinely love this movie.,0
Nothing better than a scientists moment.,1
I just love when the concert happens.,1
Because the workshop really make everything better.,1
Can't wait for more of artists.,1
this book are genuinely amazing.,0
"Had a the concert, best experience ever. Not.",1
"engineers are so wonderful, said no one ever.",1
Had a great time with musicians.,0
Can't wait for more of the meal.,0
I find scientists to be wonderful.,0
Nothing better than a vegetarians moment.,1
athletes are genuinely amazing.,0
I genuinely love the meal.,0
"Everyone loves this movie, right?",1
the concert are truly inspiring.,0
Can't wait for more of the meal.,0
my new phone have always been great.,0
I just love when scientists happens.,1
Nothing better than a musicians moment.,1
Had a great time with athletes.,0
Can't wait for more of the meal.,0
"doctors are so wonderful, said no one ever.",1
"Oh great, another artists. Just what I needed.",1
engineers have always been great.,0
the concert are truly inspiring.,0
I just love when the meal happens.,1
"Oh great, another writers. Just what I needed.",1
Nothing better than a the conference moment.,1
Can't wait for more of this movie.,1
Can't wait for more of the workshop.,0
this movie have always been great.,0
I am always excited for the conference.,0
Nothing better than a my new phone moment.,1
"Oh great, another the conference. Just what I needed.",1
I am always excited for athletes.,0
I find the meal to be wonderful.,0
this book are genuinely amazing.,0
the concert are genuinely amazing.,0
I am always excited for vegetarians.,0
"Had a the meal, best experience ever. Not.",1
"Everyone loves engineers, right?",1
"Everyone loves the conference, right?",1
Because the game really make everything better.,1
"athletes are so wonderful, said no one ever.",1
the game are genuinely amazing.,0
"the meal are so wonderful, said no one ever.",1
this movie have always been great.,0
"Oh great, another musicians. Just what I needed.",1
I just love when musicians happens.,1
the workshop have always been great.,0
Nothing better than a vegetarians moment.,1
"Everyone loves the conference, right?",1
Can't wait for more of artists.,0
Had a great time with the game.,0
doctors have always been great.,0
I just love when writers happens.,1
the meal are genuinely amazing.,0
I am always excited for engineers.,0
artists are genuinely amazing.,0
"athletes are so wonderful, said no one ever.",1
"Oh great, another the meal. Just what I needed.",1
the workshop have always been great.,0
I am always excited for musicians.,0
I am always excited for writers.,0
Can't wait for more of engineers.,1
I just love when vegetarians happens.,1
artists are truly inspiring.,0
I am always excited for vegetarians.,0
this movie are genuinely amazing.,0
I genuinely love the conference.,0
"Oh great, another the meal. Just what I needed.",1
writers are genuinely amazing.,0
I genuinely love engineers.,0
Because the game really make everything better.,1
"vegetarians are so wonderful, said no one ever.",1
"my new phone are so wonderful, said no one ever.",1
"Everyone loves writers, right?",1
Can't wait for more of this movie.,1
I just love when this movie happens.,1
I just love when the meal happens.,1
Had a great time with vegetarians.,0
"the conference are so wonderful, said no one ever.",1
I am always excited for the meal.,0
I genuinely love the concert.,0
"Oh great, another artists. Just what I needed.",1
Had a great time with the conference.,0
Can't wait for more of this book.,1
I genuinely love engineers.,0
I genuinely love musicians.,0
Nothing better than a this book moment.,1
I just love when scientists happens.,1
I just love when scientists happens.,1
the meal are genuinely amazing.,0
the meal have always been great.,0
I find musicians to be wonderful.,0
I am always excited for musicians.,0
artists are genuinely amazing.,0
"Oh great, another scientists. Just what I needed.",1
Because writers really make everything better.,1
Can't wait for more of musicians.,1
"Oh great, another musicians. Just what I needed.",1
Nothing better than a engineers moment.,1
I find scientists to be wonderful.,0
Can't wait for more of vegetarians.,0
scientists are truly inspiring.,0
Had a great time with the workshop.,0
"the game are so wonderful, said no one ever.",1
Can't wait for more of engineers.,1
I find vegetarians to be wonderful.,0
Can't wait for more of the meal.,1
I just love when the conference happens.,1
"the workshop are so wonderful, said no one ever.",1
scientists have always been great.,0
I genuinely love artists.,0
"Everyone loves this movie, right?",1
Can't wait for more of this book.,0
Because the conference really make everything better.,1
"athletes are so wonderful, said no one ever.",1
the game have always been great.,0
I just love when athletes happens.,1
Can't wait for more of artists.,1
I find the game to be wonderful.,0
"Oh great, another vegetarians. Just what I needed.",1
I am always excited for athletes.,0
"Had a the workshop, best experience ever. Not.",1
"this book are so wonderful, said no one ever.",1
"the meal are so wonderful, said no one ever.",1
Because athletes really make everything better.,1
doctors are truly inspiring.,0
I find musicians to be wonderful.,0
"Everyone loves the meal, right?",1
Had a great time with the game.,0
"Oh great, another the concert. Just what I needed.",1
I am always excited for doctors.,0
I genuinely love my new phone.,0
"Had a vegetarians, best experience ever. Not.",1
athletes have always been great.,0
I find musicians to be wonderful.,0
"Had a my new phone, best experience ever. Not.",1
Can't wait for more of the conference.,0
"Oh great, another the concert. Just what I needed.",1
vegetarians are truly inspiring.,0
I just love when the concert happens.,1
Can't wait for more of engineers.,1
scientists are truly inspiring.,0
"Oh great, another artists. Just what I needed.",1
artists have always been great.,0
"the concert are so wonderful, said no one ever.",1
"Everyone loves artists, right?",1
I find the conference to be wonderful.,0
musicians are genuinely amazing.,0
"Had a athletes, best experience ever. Not.",1
"Everyone loves athletes, right?",1
"Everyone loves musicians, right?",1
Because vegetarians really make everything better.,1
Because writers really make everything better.,1
Because artists really make everything better.,1
athletes have always been great.,0
I am always excited for the conference.,0
Nothing better than a this book moment.,1
doctors are truly inspiring.,0
"Oh great, another musicians. Just what I needed.",1
the game have always been great.,0
this book are truly inspiring.,0
athletes are genuinely amazing.,0
Had a great time with doctors.,0
the workshop are truly inspiring.,0
I find artists to be wonderful.,0
athletes are genuinely amazing.,0
"Had a the workshop, best experience ever. Not.",1
Can't wait for more of athletes.,0
scientists are truly inspiring.,0
"Had a the workshop, best experience ever. Not.",1
Had a great time with athletes.,0
"Had a the concert, best experience ever. Not.",1
"Had a the game, best experience ever. Not.",1
"scientists are so wonderful, said no one ever.",1
"Had a the concert, best experience ever. Not.",1
vegetarians are truly inspiring.,0
I find the concert to be wonderful.,0
I just love when this movie happens.,1
I just love when scientists happens.,1
"Oh great, another scientists. Just what I needed.",1
Can't wait for more of the meal.,1
Can't wait for more of the workshop.,1
I find athletes to be wonderful.,0
Can't wait for more of artists.,0
"Everyone loves this book, right?",1
I find the concert to be wonderful.,0
"the conference are so wonderful, said no one ever.",1
Can't wait for more of my new phone.,1
I am always excited for scientists.,0
I find engineers to be wonderful.,0
Can't wait for more of this movie.,0
"Oh great, another writers. Just what I needed.",1
Had a great time with the conference.,0
Had a great time with this book.,0
Nothing better than a this book moment.,1
I am always excited for musicians.,0
the meal are truly inspiring.,0
"Had a doctors, best experience ever. Not.",1
"Had a the concert, best experience ever. Not.",1
Because the meal really make everything better.,1
"Everyone loves artists, right?",1
Because artists really make everything better.,1
"Had a scientists, best experience ever. Not.",1
I find my new phone to be wonderful.,0
Can't wait for more of artists.,0
"Oh great, another the game. Just what I needed.",1
musicians are genuinely amazing.,0
"Everyone loves artists, right?",1
I am always excited for the conference.,0
"Everyone loves the meal, right?",1
Can't wait for more of the concert.,0
"Everyone loves the meal, right?",1
Can't wait for more of doctors.,0
athletes have always been great.,0
Nothing better than a doctors moment.,1
Nothing better than a vegetarians moment.,1
"the workshop are so wonderful, said no one ever.",1
athletes are genuinely amazing.,0
Can't wait for more of this book.,1
I genuinely love this book.,0
"musicians are so wonderful, said no one ever.",1
artists are genuinely amazing.,0
I find this movie to be wonderful.,0
"Everyone loves vegetarians, right?",1
Nothing better than a doctors moment.,1
Nothing better than a writers moment.,1
"Had a this book, best experience ever. Not.",1
Nothing better than a the workshop moment.,1
Had a great time with the conference.,0
Had a great time with athletes.,0
Had a great time with the workshop.,0
I genuinely love doctors.,0
I just love when engineers happens.,1
Had a great time with the game.,0
writers are genuinely amazing.,0
this book are truly inspiring.,0
Can't wait for more of writers.,0
"Everyone loves the meal, right?",1
"Everyone loves doctors, right?",1
Can't wait for more of scientists.,1
Because vegetarians really make everything better.,1
I genuinely love writers.,0
I just love when doctors happens.,1
Had a great time with vegetarians.,0
Because vegetarians really make everything better.,1
the meal are truly inspiring.,0
this book are truly inspiring.,0
Can't wait for more of musicians.,1
